order_id,delivery_status,delivery_time,rider_id
7082,Delivered,13:01:38,56
1541,Delivered,19:17:21,18
8815,Delivered,22:23:47,23
3947,Delivered,01:46:40,8
2512,Delivered,15:39:28,56
7554,Delivered,20:05:06,67
6158,Delivered,09:28:15,36
1777,Delivered,15:22:43,52
6163,Delivered,12:59:28,22
6040,Failed,,10
2247,Delivered,21:40:26,35
3775,Delivered,18:24:53,16
8218,Delivered,09:46:21,54
7838,Delivered,10:19:50,5
8789,Delivered,13:12:54,56
3314,Delivered,22:09:46,35
1831,Delivered,13:20:34,51
209,Delivered,06:36:03,66
7582,Delivered,01:36:45,4
1552,Delivered,07:25:28,35
3397,Delivered,00:28:49,39
2969,Delivered,06:31:47,70
8963,Delivered,12:24:24,16
2860,Delivered,12:21:16,47
124,Delivered,14:39:59,50
4173,Delivered,10:32:56,70
3088,Failed,,33
521,Delivered,23:08:08,6
3477,Delivered,20:33:09,39
3429,Delivered,16:31:25,30
8842,Failed,,42
8990,Delivered,12:53:26,19
6069,Delivered,22:02:42,69
5616,In transit,,35
2460,Delivered,11:59:06,60
208,Failed,,35
5827,Delivered,17:41:05,66
990,Delivered,13:57:47,54
8228,Delivered,16:39:40,23
164,Delivered,23:40:52,31
1688,Delivered,19:37:47,68
5230,Delivered,21:31:11,27
3468,In transit,,39
20,In transit,,25
6761,Delivered,16:52:20,49
818,Delivered,06:16:48,9
3034,Delivered,18:51:33,30
3574,In transit,,42
8415,Delivered,01:51:41,67
8115,In transit,,24
2718,Delivered,18:13:05,12
7455,Delivered,08:45:19,55
8237,Delivered,17:32:49,3
2383,Delivered,17:04:40,18
8796,Delivered,18:34:07,9
5113,Delivered,20:21:29,14
7124,In transit,,3
6592,In transit,,58
3433,Delivered,21:53:10,5
3801,Delivered,15:22:29,11
3655,Delivered,19:33:56,69
2552,Delivered,01:59:34,50
7226,Delivered,21:09:28,38
988,Delivered,20:15:42,66
6475,Delivered,18:28:33,1
4983,Delivered,22:40:00,23
8082,Delivered,10:00:28,61
2327,Delivered,19:34:18,11
5931,Delivered,13:28:41,3
8375,Delivered,17:35:12,53
1556,Delivered,11:35:35,56
4774,Failed,,28
5151,Delivered,11:40:49,26
3465,Delivered,00:03:26,6
1338,Delivered,22:52:52,9
8782,Delivered,20:29:17,45
1210,Delivered,13:28:52,17
1866,In transit,,41
5712,Delivered,13:17:54,41
621,Delivered,15:43:46,43
4391,Delivered,22:45:04,9
6868,Delivered,18:34:15,29
4546,Failed,,57
6568,Delivered,16:44:34,18
7249,Delivered,01:37:38,32
2725,Delivered,13:58:02,40
6195,Delivered,16:09:48,21
3116,Delivered,21:10:01,16
7866,Delivered,19:45:07,7
4854,Delivered,10:48:18,47
7428,Delivered,22:36:35,53
844,Delivered,19:52:12,20
4221,Delivered,11:45:20,56
8988,Delivered,23:22:30,46
8570,Delivered,19:19:22,33
8981,Delivered,15:49:08,31
1735,Delivered,13:38:46,42
5816,Delivered,18:24:42,22
2279,Delivered,00:46:13,17
2412,Delivered,22:45:14,6
8074,Delivered,13:33:04,43
3811,Delivered,10:40:42,49
2802,In transit,,25
2908,Delivered,19:39:01,27
1655,Delivered,13:44:25,66
7750,In transit,,32
2409,Delivered,10:39:10,27
1783,Delivered,14:27:08,15
1790,Delivered,20:55:28,65
2784,Delivered,12:10:09,42
8821,Delivered,21:27:07,5
6839,Delivered,12:56:20,68
127,Delivered,19:41:10,13
5732,Delivered,22:28:15,54
5612,Failed,,68
5813,In transit,,46
1223,Delivered,13:02:12,45
5943,In transit,,22
3167,Delivered,09:06:37,17
3600,Delivered,11:47:07,17
3981,Delivered,00:00:52,64
2494,Delivered,10:07:29,46
3217,Delivered,11:14:58,3
4889,Delivered,14:14:36,12
2926,Delivered,13:15:53,21
458,In transit,,4
7005,Delivered,17:06:48,26
7563,Delivered,15:46:55,13
2234,Delivered,01:50:33,10
83,Delivered,17:56:04,36
6473,Delivered,11:46:05,59
8971,Delivered,14:59:21,17
1297,Delivered,23:41:50,62
2673,Delivered,01:22:56,2
6899,Delivered,16:35:51,2
6661,Delivered,10:31:34,29
2524,Delivered,14:32:20,24
3876,Delivered,19:58:11,62
833,Delivered,20:30:52,18
4905,In transit,,69
995,Delivered,17:07:08,55
6853,Delivered,11:28:21,17
8231,Delivered,19:23:52,6
3931,In transit,,15
2397,Delivered,15:20:25,19
7826,Delivered,14:12:51,4
2520,Delivered,11:16:55,20
357,Delivered,11:52:48,61
8622,Delivered,06:04:35,38
5761,Delivered,16:20:20,41
5189,Delivered,22:28:15,44
778,In transit,,52
7605,Delivered,10:50:57,13
136,Delivered,13:49:20,65
874,Delivered,13:53:33,36
930,Delivered,11:49:13,60
2983,Delivered,21:55:33,39
8624,Delivered,10:30:27,68
8712,Failed,,14
4870,Delivered,07:16:05,55
2099,Delivered,03:22:28,15
1706,Delivered,22:18:23,65
4210,In transit,,5
720,Delivered,11:28:27,45
332,In transit,,54
4585,In transit,,55
1045,Delivered,20:26:22,19
1837,Delivered,02:11:38,32
8986,Delivered,19:44:56,46
7345,Delivered,18:37:11,37
2384,In transit,,56
5901,Delivered,13:02:09,54
2373,Delivered,10:29:17,18
3457,Delivered,12:43:40,10
4868,Delivered,16:41:18,69
919,Delivered,10:41:46,4
7292,Delivered,09:39:19,36
4364,Delivered,17:28:03,29
367,Delivered,11:43:13,54
7490,Failed,,23
6864,Delivered,07:36:34,31
3965,Delivered,18:34:02,23
7283,Delivered,18:56:57,7
8230,Delivered,11:34:21,28
3171,Failed,,30
2114,Delivered,11:26:42,44
72,Delivered,15:09:10,33
3686,Delivered,21:09:31,58
6719,Delivered,17:24:16,48
4516,Delivered,23:16:09,8
1266,Delivered,11:09:11,67
3089,Delivered,22:11:06,9
7954,In transit,,58
8204,In transit,,9
6912,Delivered,18:26:39,27
4137,Delivered,17:46:04,68
7726,Delivered,18:57:41,9
7287,Delivered,13:43:32,63
4783,Delivered,12:51:58,37
7241,Delivered,10:18:31,69
8565,Delivered,07:17:45,69
2097,Delivered,11:39:36,29
8255,Delivered,22:12:53,3
4591,Delivered,00:06:23,34
4563,Delivered,20:44:53,62
8459,Delivered,02:04:31,10
4823,Delivered,17:39:21,66
3048,Delivered,15:34:32,4
5661,Delivered,16:07:56,3
2254,In transit,,64
1409,Delivered,19:24:20,47
5402,Delivered,10:01:28,35
4759,Delivered,11:37:53,48
7705,In transit,,18
1727,Failed,,22
6648,Delivered,11:20:37,47
1683,Delivered,11:52:36,11
1547,Delivered,15:11:26,41
6908,In transit,,70
432,In transit,,46
1442,Delivered,11:20:36,24
2856,Delivered,01:00:28,17
3737,Delivered,16:15:01,27
1063,Delivered,02:13:22,10
8483,In transit,,4
7238,Delivered,13:20:31,2
363,Delivered,15:27:44,60
2752,Delivered,11:08:40,10
961,Delivered,01:09:47,54
7646,Delivered,00:12:22,66
1719,Delivered,12:12:55,12
4525,Delivered,16:06:27,64
2098,Delivered,15:25:43,57
5212,Delivered,23:49:00,30
2169,Delivered,02:40:54,40
2182,Delivered,11:48:46,58
5631,In transit,,30
2529,Delivered,03:00:16,55
5804,Delivered,18:17:53,60
205,Delivered,18:07:07,66
910,Delivered,03:58:21,39
8457,In transit,,57
91,Delivered,14:29:25,16
1002,Delivered,12:48:37,28
6796,Delivered,17:09:11,3
434,Delivered,11:25:29,57
2724,Delivered,07:58:33,8
1904,Delivered,19:38:30,22
7424,Delivered,21:38:54,58
6364,Delivered,19:53:09,29
2698,Delivered,23:10:09,20
7153,Delivered,12:08:18,30
1570,Delivered,18:19:44,25
3373,Delivered,16:23:57,68
3767,Delivered,23:25:52,61
5972,Delivered,18:13:35,67
923,Delivered,20:13:33,18
2441,Delivered,09:03:37,42
2161,Delivered,16:15:47,40
1043,In transit,,61
3036,Delivered,13:33:04,28
7611,Delivered,18:30:17,47
6716,Delivered,09:26:48,14
5013,Delivered,13:15:24,30
3679,Failed,,19
7731,Delivered,16:02:07,1
4045,Delivered,02:46:05,33
7118,Delivered,17:14:05,67
8582,Delivered,14:24:00,17
8141,Delivered,10:14:46,27
7570,Delivered,10:43:54,13
1200,Delivered,20:22:12,62
7682,Delivered,14:49:19,46
4955,Delivered,06:47:52,44
6352,Delivered,12:38:28,47
7302,Delivered,12:58:04,16
1360,In transit,,11
4185,Delivered,03:11:52,5
5197,Delivered,22:35:39,51
6403,Delivered,03:50:18,11
6627,Delivered,20:49:21,14
240,Failed,,4
3718,Delivered,18:58:00,68
8832,Delivered,22:40:55,30
3647,Delivered,01:05:53,63
5609,Delivered,00:31:05,9
8756,In transit,,57
1520,In transit,,6
3972,Delivered,19:03:47,56
2677,In transit,,18
1352,Delivered,08:32:42,35
4983,Delivered,20:40:00,16
172,Delivered,22:43:18,51
4156,Delivered,16:22:10,25
982,Delivered,11:50:21,40
2116,Delivered,20:49:56,50
1226,Delivered,09:15:11,67
5668,Delivered,01:51:40,53
1908,Delivered,17:19:07,57
7526,Failed,,16
1870,In transit,,36
196,In transit,,23
5910,Delivered,16:45:25,4
3658,Delivered,06:32:25,17
4917,In transit,,9
504,Delivered,12:42:23,66
4786,In transit,,31
3432,Failed,,7
1443,Delivered,23:56:41,7
7166,Delivered,15:21:20,54
4667,Delivered,20:09:55,34
4581,Delivered,01:51:21,38
4030,Delivered,11:24:03,30
3098,Failed,,34
6716,Delivered,11:26:48,32
4208,Delivered,13:40:26,65
2925,Delivered,15:00:57,24
2609,Delivered,10:11:40,19
8485,Failed,,2
963,Delivered,15:08:26,16
7967,Delivered,14:38:32,57
6715,Delivered,22:26:07,1
6063,Delivered,07:04:51,17
4902,Delivered,15:26:13,10
7757,In transit,,11
6935,Delivered,07:00:34,13
1034,Delivered,02:40:33,35
2549,In transit,,59
5405,Delivered,12:58:22,47
1967,Failed,,61
8055,Delivered,22:32:04,10
344,Delivered,15:36:52,68
8721,Delivered,07:46:13,34
5250,Delivered,11:39:01,60
7240,Delivered,19:29:37,1
6207,In transit,,55
5532,Delivered,22:16:48,40
1086,Delivered,17:48:21,44
8244,In transit,,14
2086,Delivered,07:40:43,2
3312,Delivered,17:38:28,4
996,In transit,,12
6166,Delivered,23:38:21,4
246,Delivered,18:25:49,26
45,Delivered,22:17:54,16
4110,In transit,,54
3943,In transit,,61
749,Delivered,16:11:35,68
5650,Delivered,20:10:53,25
4882,Delivered,19:20:32,16
7251,Delivered,21:37:26,23
6715,Delivered,22:26:07,12
6386,Delivered,18:43:25,61
4859,In transit,,19
2521,In transit,,59
2670,Delivered,11:40:34,18
8986,Delivered,22:44:56,11
1653,Delivered,15:21:16,32
2526,Delivered,01:50:33,47
2710,Delivered,20:04:01,18
3237,Delivered,15:41:33,69
6374,Delivered,13:32:12,1
920,In transit,,31
1324,Delivered,21:18:42,8
8371,Delivered,13:33:41,32
5835,Failed,,57
8790,Failed,,51
3454,Delivered,06:38:31,23
4736,Delivered,00:05:31,34
2711,Delivered,18:21:05,69
516,Delivered,11:39:25,17
1042,In transit,,5
8676,Delivered,21:34:12,14
587,Delivered,19:29:45,32
7446,Delivered,19:18:12,41
7743,Delivered,21:49:32,57
1847,Delivered,00:20:45,6
5678,Delivered,12:19:08,13
1849,Delivered,01:28:56,48
1529,Failed,,27
8337,Delivered,17:24:09,35
4913,Delivered,15:20:22,67
6200,Delivered,13:23:38,63
6928,In transit,,33
2107,Delivered,21:46:13,67
3708,Delivered,09:00:04,2
8859,Delivered,00:35:08,56
3725,Delivered,12:40:41,6
4396,Delivered,20:36:06,27
3952,In transit,,68
1084,Failed,,4
2527,Failed,,49
3955,Delivered,03:05:45,59
6548,Delivered,01:41:46,56
1781,Delivered,15:14:31,42
776,Failed,,23
1080,Delivered,09:24:58,52
6377,Delivered,16:04:23,54
773,Delivered,14:01:27,46
7428,Delivered,02:36:35,43
7813,In transit,,16
4054,Delivered,13:10:12,42
4511,Delivered,06:18:22,63
3571,Delivered,12:13:33,21
1529,Delivered,01:21:08,36
755,Delivered,19:49:26,63
1291,Delivered,11:11:31,68
4435,Delivered,11:12:30,20
2562,Delivered,15:34:16,53
8193,Delivered,20:13:28,68
1808,Delivered,18:27:51,56
7491,Delivered,23:42:34,57
5842,Delivered,20:04:47,69
403,Delivered,15:37:54,17
3357,Delivered,11:09:36,53
4375,Delivered,19:04:18,14
2830,Delivered,15:30:42,66
8746,In transit,,46
5452,Delivered,20:01:24,65
400,Delivered,17:33:33,8
7022,Delivered,00:18:52,29
3158,Delivered,22:04:26,67
513,Delivered,10:27:49,19
8582,Delivered,15:24:00,21
7004,Delivered,09:50:28,49
6245,Delivered,23:23:13,20
5215,Delivered,02:59:40,41
8609,Delivered,12:15:23,45
8963,Failed,,50
4993,Delivered,13:51:39,65
8530,Delivered,10:47:53,9
6448,In transit,,21
6166,In transit,,38
8895,In transit,,36
7341,In transit,,11
1407,Delivered,00:11:10,65
3954,Delivered,17:26:23,57
5719,Delivered,18:06:23,40
6475,Delivered,18:28:33,33
2542,Delivered,18:50:00,57
6179,Delivered,09:44:32,70
2271,Delivered,08:34:00,62
4991,Delivered,22:30:37,6
8906,Delivered,09:49:41,28
4572,Delivered,17:33:14,31
6896,Delivered,00:31:06,2
3350,Delivered,21:47:43,8
2420,Delivered,16:05:55,31
8569,Delivered,00:04:29,28
4691,Delivered,01:41:47,21
1241,Delivered,10:31:29,15
6077,In transit,,40
5259,Delivered,06:41:51,57
2516,In transit,,50
6936,Delivered,08:37:37,58
2060,Delivered,17:12:10,8
8381,Delivered,17:59:40,27
1759,In transit,,47
7143,Delivered,18:44:32,50
2320,Delivered,16:36:39,54
3049,Delivered,08:38:42,21
7572,Delivered,17:13:35,36
1630,In transit,,14
1002,In transit,,70
1706,Delivered,22:18:23,18
8542,In transit,,54
2819,Delivered,09:48:34,27
6562,In transit,,21
6663,Delivered,15:03:38,14
3182,In transit,,37
5040,Delivered,23:16:54,43
103,Delivered,23:40:46,39
8471,Delivered,18:42:06,29
4945,In transit,,65
1468,Delivered,01:39:32,55
6752,Delivered,19:02:17,34
8933,Delivered,18:40:21,64
6748,Delivered,19:09:45,10
3282,Delivered,23:32:42,9
2621,Delivered,09:09:51,61
5242,Delivered,22:22:17,61
1198,Delivered,18:13:54,8
4265,Delivered,10:29:36,21
2262,Delivered,00:32:43,61
6487,Delivered,09:39:36,61
3150,Delivered,09:16:29,47
8982,Delivered,16:41:24,47
2517,Delivered,08:19:40,60
5595,Delivered,11:52:38,65
7282,Delivered,01:19:45,36
587,Delivered,18:29:45,38
4346,Delivered,15:09:23,31
278,Delivered,14:50:43,68
6818,Delivered,21:23:19,5
2946,Delivered,13:54:41,40
5332,Delivered,10:16:12,35
7280,Delivered,19:07:54,48
8200,Delivered,22:32:36,10
5728,Delivered,00:44:29,14
3032,Delivered,14:59:07,12
3498,Delivered,18:25:46,11
1893,Failed,,27
4648,In transit,,9
5965,Delivered,10:36:36,67
1215,Delivered,11:27:52,67
3076,Delivered,11:57:40,21
1624,Delivered,21:39:14,64
2227,Delivered,11:33:53,15
8401,Delivered,00:11:04,53
6542,Delivered,21:54:56,69
7089,Delivered,09:07:42,10
662,Delivered,18:48:33,33
8360,Delivered,23:55:44,43
6301,Delivered,23:48:31,5
7110,Delivered,13:22:27,22
7345,Delivered,18:37:11,31
821,Failed,,48
1450,Delivered,01:27:31,53
7980,Delivered,19:10:52,65
6907,Delivered,12:07:21,47
2756,Delivered,23:21:07,12
2111,Failed,,63
7156,Delivered,13:07:16,37
6969,In transit,,60
5851,Delivered,22:21:12,31
8909,Delivered,23:32:36,48
5688,Delivered,00:04:56,36
6703,Delivered,18:15:19,17
974,In transit,,12
2705,In transit,,11
8734,Delivered,21:45:41,42
5266,Delivered,11:01:04,22
4170,Delivered,13:43:34,41
8291,Delivered,21:30:06,70
3186,Delivered,20:03:41,6
718,Delivered,03:15:59,45
5081,Delivered,00:54:03,43
5409,Delivered,08:11:55,67
2039,In transit,,12
2893,In transit,,34
7896,Delivered,18:53:59,18
4895,Delivered,16:00:32,61
2442,In transit,,54
6341,Delivered,20:58:14,57
7901,Delivered,07:43:53,18
5148,Delivered,12:06:29,7
6289,Delivered,17:58:03,56
1918,Delivered,13:06:43,67
6512,Failed,,5
2463,Delivered,14:57:18,56
7259,Delivered,16:22:19,70
152,Delivered,21:50:24,15
381,Delivered,15:39:03,7
3770,Delivered,01:10:51,43
4027,In transit,,45
88,Delivered,02:51:45,36
6447,Delivered,22:36:44,37
913,Delivered,12:47:24,4
8410,Delivered,19:59:02,52
2344,Delivered,13:54:10,9
291,Delivered,08:06:53,32
8203,Delivered,11:56:41,28
8209,Delivered,21:01:39,30
688,Delivered,19:05:30,46
1975,Delivered,15:55:52,38
2535,Delivered,14:12:53,50
7921,In transit,,32
2060,Delivered,16:12:10,37
2164,Delivered,13:11:13,18
8513,Delivered,08:15:51,42
5865,Delivered,02:07:58,34
3774,Delivered,13:00:05,60
8907,Delivered,22:18:00,34
4148,Failed,,45
4411,In transit,,70
4189,Delivered,20:38:16,33
5138,Delivered,03:06:23,31
7724,Failed,,16
4991,Delivered,17:30:37,40
7504,Delivered,21:52:43,52
8429,Delivered,20:32:49,25
1794,Delivered,16:20:50,64
5424,Delivered,11:25:48,10
6206,Delivered,18:59:38,1
5694,Delivered,11:54:06,25
2683,Delivered,11:57:48,40
471,Delivered,22:33:06,48
2901,Delivered,20:34:38,20
3048,Delivered,16:34:32,62
8120,Delivered,07:29:32,63
5564,Delivered,11:15:19,25
5932,Delivered,11:10:27,18
7207,Delivered,21:37:57,56
5009,Delivered,06:44:42,9
4526,Delivered,13:06:14,13
3163,Delivered,23:30:42,40
2675,Delivered,16:00:21,49
5749,Delivered,02:49:11,42
658,Delivered,17:34:02,65
2827,Delivered,17:38:18,64
6371,Delivered,13:05:25,26
1702,Delivered,23:38:58,43
6669,Delivered,13:08:03,64
2782,Failed,,52
8143,Delivered,16:57:48,23
3649,Delivered,23:41:28,10
4482,Delivered,14:01:30,65
7644,Delivered,08:28:13,70
1831,In transit,,57
3592,Delivered,08:31:52,59
8078,Delivered,15:57:51,58
8495,Delivered,17:32:41,15
3237,In transit,,63
8531,Delivered,10:17:24,59
456,Delivered,11:31:55,64
8169,Delivered,15:34:06,59
6525,Delivered,00:46:11,8
2468,Delivered,17:43:51,2
4817,Delivered,23:40:43,58
5321,Delivered,14:16:55,45
2973,In transit,,12
4775,Delivered,17:12:02,36
2383,Delivered,14:04:40,56
7350,Delivered,23:52:34,51
1341,Delivered,11:10:34,55
734,Delivered,13:12:06,53
625,Delivered,13:48:11,49
7115,Delivered,20:01:02,10
1926,Delivered,20:04:01,53
3771,Delivered,17:42:33,27
7229,Delivered,17:31:27,65
4308,In transit,,25
3167,Delivered,10:06:37,34
8425,Delivered,01:49:53,30
6981,Delivered,14:25:24,4
8041,Delivered,21:26:07,28
6499,Delivered,12:04:10,22
8327,Delivered,15:11:55,32
7838,Delivered,10:19:50,21
2999,In transit,,66
5138,Delivered,00:06:23,8
2087,In transit,,68
6846,Delivered,15:52:27,40
3914,Delivered,17:52:54,16
3440,Delivered,13:05:32,19
5880,In transit,,9
5145,Delivered,17:02:06,19
636,In transit,,38
7795,Delivered,14:42:20,35
7725,Delivered,11:17:38,7
1892,Delivered,15:30:46,20
7247,Delivered,07:21:52,62
8568,Delivered,15:51:34,50
1437,Delivered,16:36:34,37
3686,Delivered,16:09:31,5
7597,Delivered,08:01:52,55
1762,Delivered,15:05:54,46
1402,Delivered,18:59:01,14
1067,Delivered,16:00:28,18
6844,Delivered,09:59:44,58
7302,In transit,,38
2116,Delivered,19:49:56,46
6533,Delivered,02:19:50,26
353,Delivered,10:51:44,32
6350,Delivered,13:49:52,64
4879,Delivered,02:32:17,38
8565,Delivered,12:17:45,58
4733,Delivered,01:06:57,40
2442,Delivered,22:04:01,70
3923,Delivered,20:09:58,59
3939,In transit,,30
511,Delivered,17:52:13,60
6787,Delivered,17:26:47,35
300,Delivered,20:56:29,64
5479,Delivered,00:08:09,59
6853,Delivered,09:28:21,10
4926,In transit,,69
2156,Delivered,08:25:26,28
1286,Delivered,02:30:05,34
4392,Delivered,22:33:41,57
2206,Failed,,70
7464,Delivered,19:36:59,68
3578,Delivered,00:02:57,15
6720,Delivered,19:12:16,28
7792,Delivered,16:50:38,31
6568,In transit,,46
1432,Delivered,23:14:46,22
8128,Delivered,17:58:19,32
2982,Delivered,23:04:39,4
6518,Delivered,11:18:24,16
1989,Delivered,02:09:56,29
165,Delivered,11:05:50,36
1738,Failed,,29
5950,Delivered,01:45:04,27
8375,In transit,,27
8578,Delivered,21:04:24,5
6585,Delivered,11:23:13,44
6253,Delivered,23:18:44,65
111,Delivered,17:56:06,47
1211,Delivered,08:18:52,45
1467,Delivered,20:51:10,58
1761,Failed,,45
428,Delivered,12:47:24,66
4147,In transit,,39
8542,Delivered,08:52:42,12
3880,In transit,,30
2131,Delivered,12:42:29,35
5213,Delivered,10:26:58,47
8886,Delivered,19:36:01,46
4132,Delivered,19:44:40,61
617,Delivered,11:54:38,60
8972,Delivered,11:57:49,32
2371,Delivered,23:37:50,5
7021,Delivered,12:11:53,55
2737,Failed,,44
7158,In transit,,32
5266,Delivered,10:01:04,7
1324,Failed,,44
2146,Delivered,18:10:34,57
8977,Delivered,00:17:45,19
7965,Delivered,10:23:13,61
579,Delivered,13:46:45,33
8920,Delivered,13:47:46,25
7094,Delivered,01:10:37,67
3391,Delivered,12:42:57,2
8104,Delivered,12:01:35,63
8057,In transit,,3
4261,Delivered,21:37:26,40
84,In transit,,6
967,Delivered,00:05:01,39
5769,Failed,,34
7385,Delivered,11:20:18,48
8112,Delivered,10:42:27,24
6380,Delivered,23:05:43,39
5913,Delivered,22:28:25,43
4073,Delivered,17:24:27,43
432,Delivered,08:10:54,25
7078,In transit,,40
543,Delivered,11:09:53,47
8675,Delivered,19:44:53,9
6644,Delivered,07:17:45,22
6929,Delivered,12:54:28,67
1261,Delivered,19:56:28,37
2063,Delivered,17:25:09,12
6123,Delivered,18:47:40,63
8045,Delivered,11:29:29,60
1763,Delivered,15:23:27,20
4761,In transit,,2
3562,Delivered,13:11:02,36
1696,Delivered,16:48:53,9
8979,Delivered,19:12:41,17
8660,In transit,,15
2488,Delivered,18:02:10,23
4676,Delivered,21:53:54,29
5282,Delivered,20:21:02,17
1841,Delivered,23:50:09,28
5252,Delivered,02:43:46,69
5890,Delivered,22:36:00,22
3266,Delivered,15:15:40,45
1122,Delivered,14:03:42,68
2719,Delivered,11:31:25,51
7195,Delivered,15:44:02,3
3854,Delivered,07:12:30,31
3922,Delivered,20:18:51,61
2662,Delivered,12:45:00,14
8712,Delivered,10:22:10,57
5488,Delivered,20:39:38,45
3094,Failed,,21
4222,Delivered,20:40:49,54
2550,Delivered,22:27:42,46
2758,Delivered,23:23:53,7
934,Delivered,11:04:30,50
6955,In transit,,51
6801,Delivered,01:11:33,20
8307,Delivered,14:09:10,59
1963,In transit,,36
2498,Delivered,21:07:47,21
1681,Delivered,19:55:26,36
2389,Delivered,02:00:41,48
3726,In transit,,64
442,Delivered,09:12:04,58
2182,Delivered,13:48:46,59
5166,Delivered,15:26:32,61
1934,Delivered,02:49:24,9
1857,Delivered,18:06:59,58
7252,In transit,,38
8541,Delivered,12:40:05,67
4860,Delivered,17:58:00,29
4220,Delivered,11:04:47,29
4655,Delivered,01:54:00,13
5940,In transit,,50
5243,Delivered,18:20:33,61
7876,In transit,,11
627,In transit,,22
3062,In transit,,43
6390,In transit,,45
6557,Delivered,01:36:09,55
2142,Delivered,18:32:25,25
6082,Delivered,15:06:12,45
1037,Delivered,12:36:53,60
8566,Delivered,21:24:55,42
2663,Delivered,20:13:37,3
1490,In transit,,14
3919,Failed,,12
7753,Delivered,07:30:19,59
1211,Delivered,11:18:52,26
8226,Delivered,08:09:43,45
5596,Delivered,20:29:35,3
2883,Delivered,18:10:35,31
4631,Failed,,27
270,Delivered,21:07:47,11
858,Delivered,17:08:25,38
43,Failed,,52
7848,Delivered,12:33:56,44
5577,In transit,,44
2273,Delivered,16:43:33,47
4632,Delivered,12:41:11,33
3405,Delivered,19:35:05,1
5489,In transit,,69
7578,Delivered,07:34:25,8
4218,Delivered,00:24:07,38
3337,In transit,,38
4462,Delivered,16:24:32,26
8733,Delivered,15:11:58,38
4090,Delivered,09:03:16,12
599,Delivered,10:21:01,33
7674,In transit,,49
49,Delivered,12:44:09,29
4720,Delivered,20:36:51,63
1799,In transit,,2
945,Delivered,21:22:39,31
273,Delivered,09:46:19,26
859,Delivered,22:46:39,41
4856,In transit,,40
5088,In transit,,50
800,Delivered,13:31:18,50
231,Delivered,15:11:58,19
7864,Delivered,22:33:48,58
2378,Delivered,18:17:01,56
5219,Delivered,12:21:43,19
3378,Delivered,11:47:11,68
3644,Delivered,12:45:51,57
1043,Delivered,02:11:58,43
1605,Delivered,01:51:56,24
3312,Delivered,19:38:28,56
5796,Delivered,23:54:45,18
3869,Delivered,21:14:15,17
7325,Delivered,00:02:49,65
2293,Delivered,09:19:44,49
6059,Delivered,08:16:37,62
2198,Delivered,15:58:15,25
7455,In transit,,62
3740,Delivered,11:16:34,24
4303,Delivered,13:19:49,21
3495,Delivered,11:30:34,55
1548,Delivered,12:11:45,45
3605,Delivered,17:11:00,7
8167,Delivered,08:52:06,26
813,Delivered,15:21:18,4
5548,Delivered,00:51:39,41
2612,Delivered,20:18:28,68
6688,In transit,,46
6872,Delivered,11:29:45,48
8259,Delivered,11:22:44,6
6854,In transit,,21
1357,Delivered,11:47:23,5
4583,In transit,,1
4174,Delivered,18:29:08,9
5059,Delivered,16:17:21,3
8384,Delivered,15:57:35,61
4893,In transit,,10
2479,Delivered,13:17:17,58
8024,In transit,,31
249,Delivered,18:49:29,6
4560,Delivered,13:20:37,39
5253,Delivered,10:42:39,14
4451,Delivered,23:16:26,32
7059,Delivered,11:03:35,33
7890,Delivered,17:33:47,7
7168,In transit,,32
4302,Delivered,09:54:21,48
4663,Delivered,12:49:17,65
8403,In transit,,36
5677,Delivered,12:53:51,29
8534,Failed,,6
4281,Delivered,22:18:56,47
6326,Delivered,16:58:41,6
8462,Delivered,15:10:21,55
4093,Delivered,08:22:32,21
7368,In transit,,69
1368,Delivered,14:09:13,17
1269,In transit,,14
5173,Delivered,22:50:32,62
2769,Delivered,17:37:40,17
6706,Delivered,23:58:30,21
5221,Delivered,12:52:33,21
3744,Delivered,01:12:43,2
4958,Delivered,13:06:01,70
6689,Delivered,02:05:56,39
5388,In transit,,12
2497,Failed,,10
1023,Delivered,11:17:50,31
8839,Delivered,15:29:52,62
7637,Delivered,19:47:18,34
6279,Delivered,12:32:00,2
7283,Delivered,19:56:57,15
4489,Delivered,20:05:20,13
6416,Delivered,23:59:53,6
1376,Delivered,18:28:01,26
7341,Delivered,14:29:20,31
4470,Delivered,09:15:25,19
1651,Delivered,12:02:25,3
7990,Delivered,10:58:02,41
5782,Delivered,20:25:21,36
4924,Delivered,10:05:09,11
1218,Delivered,07:35:42,15
1361,Delivered,21:14:52,25
5100,Delivered,11:40:39,31
8522,Delivered,12:42:46,22
3035,Delivered,11:47:39,51
8043,In transit,,18
5596,Delivered,20:29:35,54
3863,Delivered,21:23:58,12
343,Delivered,18:23:40,59
2085,Delivered,17:54:32,8
2630,In transit,,1
3610,Delivered,23:29:22,6
4373,Delivered,17:06:56,59
4578,Delivered,13:47:25,70
6720,Delivered,22:12:16,56
2843,In transit,,47
4015,Delivered,09:29:18,15
6371,Delivered,16:05:25,29
5099,Delivered,08:43:17,29
5947,Delivered,10:42:53,11
7863,In transit,,25
8885,Delivered,16:55:58,49
7007,Delivered,21:15:12,19
4985,In transit,,33
8707,Delivered,00:34:47,29
2762,In transit,,46
2840,Delivered,15:28:31,70
3790,Delivered,20:36:41,38
8557,Delivered,10:47:16,33
1946,Delivered,19:20:24,50
8624,Delivered,14:30:27,35
8237,Delivered,17:32:49,4
5730,Delivered,14:27:16,32
7364,Delivered,00:02:35,38
5897,Delivered,17:27:38,42
7421,Delivered,12:37:39,41
2864,Delivered,09:25:36,32
2833,Delivered,18:54:01,16
7631,Delivered,22:03:03,61
6728,Delivered,17:06:42,49
2429,In transit,,26
5225,Delivered,18:28:34,2
8959,Delivered,22:51:16,70
3348,Delivered,13:18:45,10
1950,In transit,,35
3899,Delivered,19:21:22,20
4012,In transit,,63
2248,In transit,,58
1404,Delivered,20:39:47,54
2213,Delivered,11:01:34,8
1021,Delivered,21:56:21,35
2204,In transit,,66
8376,Delivered,01:12:33,17
654,Delivered,18:45:33,66
2795,Delivered,07:40:20,62
2023,Delivered,20:36:42,33
2116,Delivered,17:49:56,24
691,Delivered,22:38:09,30
7472,Delivered,17:23:14,8
2875,Delivered,23:26:25,54
2491,In transit,,27
5927,Delivered,19:51:15,21
4889,Delivered,13:14:36,6
1600,Delivered,22:28:27,20
4210,Delivered,17:00:25,52
5982,Delivered,11:31:43,17
8671,Delivered,11:11:42,20
2275,Delivered,17:29:02,13
1428,Delivered,20:44:12,22
3889,Failed,,51
8701,Delivered,15:23:34,28
4263,In transit,,37
7781,Delivered,00:20:19,25
8521,Delivered,14:49:06,45
4362,Delivered,17:39:43,46
7664,Delivered,23:54:32,30
1771,Delivered,20:20:49,54
4135,Delivered,17:11:02,54
6464,Delivered,15:03:33,67
3947,Delivered,20:46:40,12
2597,In transit,,63
1291,In transit,,29
4465,Delivered,13:02:23,37
7558,Delivered,00:30:48,32
5346,In transit,,1
8062,Delivered,19:21:06,15
3333,Delivered,13:44:02,64
1890,Delivered,17:10:19,24
8050,Delivered,11:41:58,5
7529,Delivered,10:06:59,2
7093,Delivered,11:49:27,45
3634,Delivered,11:09:53,7
7131,In transit,,29
5044,Delivered,23:03:14,37
2142,In transit,,69
803,Delivered,10:09:21,46
8456,Delivered,17:43:25,3
2739,Delivered,15:36:39,40
4827,Delivered,02:06:40,61
1606,Delivered,01:48:52,39
3127,Delivered,12:27:04,54
455,Delivered,02:52:25,60
2193,Delivered,22:10:38,50
8917,Failed,,55
5573,Delivered,17:42:21,32
3940,Delivered,16:30:41,50
1410,Delivered,22:18:16,51
5387,Delivered,09:09:38,20
2495,Delivered,18:41:59,29
417,Delivered,21:30:33,57
4954,Delivered,18:27:10,34
907,Delivered,00:43:22,31
8945,Delivered,07:06:02,55
5708,In transit,,46
6721,Delivered,00:55:10,55
8547,In transit,,42
621,In transit,,48
1837,Delivered,03:11:38,63
7778,Delivered,20:33:12,60
8031,Delivered,12:15:12,46
698,Delivered,22:30:34,34
1515,Delivered,22:55:47,65
7660,In transit,,5
6052,Failed,,12
762,Delivered,09:42:23,55
5289,Delivered,13:56:34,54
1430,Delivered,11:56:55,28
8019,Delivered,11:17:57,3
3442,Delivered,02:03:26,61
1246,Delivered,10:30:31,30
5792,Delivered,13:50:27,1
4681,Delivered,06:31:59,52
6968,Delivered,09:56:42,21
5896,Delivered,17:04:23,45
4184,In transit,,7
6950,Delivered,13:40:01,7
2731,Delivered,22:43:28,40
4044,Delivered,14:19:55,59
626,Delivered,15:30:06,34
7796,Delivered,03:07:39,60
8056,Delivered,13:20:16,54
6777,Delivered,13:57:17,24
4895,Delivered,18:00:32,2
7822,Delivered,02:39:45,5
8987,Delivered,14:18:04,68
8748,Delivered,18:49:20,30
5850,Delivered,21:52:42,44
2794,Delivered,00:24:45,20
3433,Delivered,02:53:10,48
1582,Delivered,18:57:32,37
679,Delivered,16:23:17,60
3852,Delivered,23:01:24,42
5869,Delivered,21:27:40,55
7489,Delivered,11:49:45,60
5736,Delivered,20:05:59,4
2524,Delivered,15:32:20,57
5466,Delivered,07:07:13,30
3966,Delivered,02:02:00,53
5714,In transit,,26
2753,Delivered,15:27:41,42
386,Delivered,09:21:24,5
8450,Delivered,07:53:09,22
4449,Delivered,20:20:12,52
6585,Delivered,13:23:13,9
5872,Delivered,16:07:13,14
3793,Delivered,17:50:49,56
7002,Delivered,09:25:35,38
3481,Delivered,14:59:10,16
166,Delivered,11:48:43,60
1650,In transit,,37
8104,Delivered,13:01:35,58
1511,In transit,,42
3984,Delivered,00:29:41,47
8939,Delivered,16:27:05,19
5997,Delivered,03:02:43,15
8393,Delivered,09:33:26,22
4171,In transit,,34
709,Delivered,14:17:11,43
1366,Delivered,12:39:44,43
7935,Delivered,13:14:31,35
2326,In transit,,47
4315,Delivered,14:05:39,51
8610,Delivered,14:27:47,36
8931,Delivered,01:27:51,36
387,Delivered,22:05:10,36
1443,Delivered,23:56:41,53
585,Delivered,14:04:36,3
3586,Delivered,23:39:58,32
7511,Delivered,08:00:13,13
1461,Delivered,09:18:32,41
939,Delivered,19:50:05,69
6331,In transit,,9
6649,Delivered,10:14:25,6
6247,Failed,,2
5124,Delivered,23:15:15,36
4553,Delivered,12:34:42,18
8321,Delivered,22:48:33,13
5802,Failed,,21
8703,Delivered,22:19:09,19
5599,Delivered,01:56:32,46
7767,Failed,,17
4326,Delivered,11:19:28,41
3055,Delivered,09:22:43,6
1808,Delivered,16:27:51,33
5843,Delivered,20:36:05,18
2252,Delivered,06:10:05,53
7672,Delivered,17:40:57,15
3925,Delivered,14:54:17,8
2994,In transit,,53
2512,Failed,,63
1681,Delivered,21:55:26,44
3428,Delivered,18:42:17,28
7193,In transit,,68
8231,In transit,,69
5513,In transit,,17
4990,Delivered,16:05:55,7
1926,In transit,,62
828,Delivered,10:46:32,50
1010,Delivered,12:23:08,42
217,Delivered,13:23:37,48
1512,Delivered,10:16:35,70
4733,In transit,,61
7149,Delivered,08:17:35,4
3556,Delivered,17:00:48,68
4903,Delivered,20:36:35,21
5352,Delivered,13:20:01,37
681,Delivered,22:29:52,6
3894,Delivered,22:27:56,29
2433,Delivered,21:34:01,58
4921,In transit,,39
7411,Delivered,14:00:59,68
4544,Delivered,17:24:03,70
5025,Delivered,11:21:02,19
4808,Delivered,13:27:50,44
7895,Delivered,17:11:31,42
5976,Delivered,08:24:25,40
2697,Delivered,15:31:23,55
8363,Delivered,20:36:13,46
7647,Delivered,22:22:10,35
6375,In transit,,7
3660,Delivered,15:02:11,66
3094,In transit,,2
3307,Delivered,00:04:07,29
6271,Delivered,08:46:21,52
1672,Delivered,12:40:20,38
5139,Delivered,11:18:46,6
4871,Delivered,12:07:06,33
3558,Delivered,01:45:39,67
5321,Delivered,14:16:55,50
793,Delivered,21:05:44,23
4116,Delivered,14:55:22,46
8933,Delivered,15:40:21,44
1519,Delivered,13:44:09,41
3054,Delivered,12:16:25,41
6921,Delivered,19:39:16,17
5623,Delivered,10:31:28,53
899,Delivered,11:07:05,54
1293,Delivered,11:17:47,40
7445,Delivered,19:55:56,32
5192,Delivered,10:54:15,15
1058,Delivered,22:03:44,29
3774,Delivered,10:00:05,9
771,Delivered,12:19:22,55
417,In transit,,3
1725,In transit,,1
3386,In transit,,30
2308,Delivered,09:38:54,70
3976,Delivered,11:02:19,22
5356,Delivered,08:01:51,23
7848,Delivered,07:33:56,34
6111,Failed,,9
8711,Delivered,19:01:24,8
6639,Delivered,11:19:55,7
331,Delivered,22:28:39,37
791,Delivered,10:16:33,49
4439,Delivered,01:43:26,55
1000,Delivered,01:48:08,42
2925,Failed,,49
5836,Delivered,18:07:18,7
7426,Delivered,21:30:47,11
3148,Delivered,03:39:49,7
2991,Delivered,15:54:51,60
4676,Delivered,21:53:54,31
3284,Delivered,07:09:02,48
8664,Delivered,21:17:33,3
3119,Delivered,18:36:27,3
5541,Delivered,18:24:40,67
2614,Delivered,18:18:57,17
80,Delivered,00:01:16,17
7890,Delivered,21:33:47,36
7,Delivered,09:36:10,8
1736,Delivered,01:57:30,40
7790,Delivered,10:20:55,41
4203,In transit,,13
3089,Delivered,01:11:06,44
2074,Delivered,15:24:26,43
7138,Delivered,22:16:45,12
7517,In transit,,3
2225,Delivered,15:25:08,50
4559,Delivered,01:24:01,58
6832,Delivered,16:27:50,5
1739,Delivered,21:47:28,31
4409,Delivered,10:43:17,29
691,Delivered,19:38:09,24
7377,Delivered,15:04:16,28
4805,In transit,,1
6468,Delivered,10:37:52,25
3283,Delivered,02:46:36,34
3438,Delivered,00:46:23,60
8262,Delivered,09:15:15,37
871,Delivered,09:54:59,52
6450,In transit,,26
4474,Failed,,35
7626,Delivered,14:11:18,70
169,In transit,,47
7769,Delivered,00:01:30,64
4152,Delivered,18:41:19,48
2397,In transit,,23
5810,Delivered,23:20:42,40
7498,Delivered,17:16:15,48
8404,Failed,,31
6658,Delivered,19:20:11,67
584,Delivered,13:48:32,62
983,Delivered,02:32:58,49
5937,In transit,,31
1626,Delivered,13:02:55,52
6600,Delivered,02:49:37,11
4293,In transit,,44
2190,In transit,,34
2882,Delivered,18:53:22,14
8041,Failed,,13
4422,Delivered,22:49:46,2
4834,Delivered,16:05:07,35
1727,Delivered,14:18:20,39
8827,Delivered,16:10:16,6
5306,Delivered,18:03:16,6
407,Failed,,29
6717,Delivered,06:26:12,37
568,Delivered,11:10:24,34
888,Delivered,17:38:50,30
5379,In transit,,8
2630,Delivered,11:23:50,68
5102,Delivered,03:16:43,37
1126,Delivered,09:26:53,67
739,Failed,,19
962,Delivered,14:35:11,33
4220,Delivered,08:04:47,2
3309,Delivered,12:05:02,63
1992,In transit,,7
841,Delivered,23:03:47,38
3282,In transit,,65
7826,Delivered,12:12:51,46
5309,Delivered,15:20:07,31
8687,Delivered,15:53:57,70
8275,Delivered,13:52:10,41
6159,Delivered,07:01:21,60
4222,Delivered,01:40:49,31
5936,Delivered,17:32:30,22
137,Delivered,19:15:17,32
7986,Delivered,11:39:47,7
2724,Delivered,07:58:33,27
6291,In transit,,65
1781,Delivered,15:14:31,30
8486,Delivered,20:50:10,17
1874,Failed,,27
8363,Delivered,21:36:13,29
7890,Delivered,20:33:47,35
8680,Delivered,00:29:40,57
2741,Delivered,11:50:56,5
6992,Delivered,23:22:38,9
4108,Delivered,00:25:17,28
3268,Delivered,20:14:48,24
4797,Delivered,14:17:36,66
200,Delivered,10:03:26,32
7255,In transit,,39
8097,Delivered,19:00:28,54
3417,In transit,,42
5128,Delivered,21:07:42,41
8401,Delivered,23:11:04,33
3767,Delivered,22:25:52,30
3101,Delivered,22:44:08,14
6658,Delivered,15:20:11,67
7621,Delivered,10:28:38,47
5952,Delivered,18:55:21,24
8754,In transit,,66
4079,Delivered,17:55:07,65
6071,Delivered,11:14:18,30
851,Delivered,21:07:06,65
4915,Failed,,50
790,Delivered,22:31:38,1
819,In transit,,27
2626,Delivered,15:59:58,36
2318,Delivered,23:27:12,42
8531,Delivered,11:17:24,6
1362,Failed,,6
931,Delivered,02:05:00,8
7320,Delivered,13:37:16,51
5733,Delivered,16:14:39,40
8806,Delivered,22:46:54,52
3143,Delivered,18:57:37,68
6401,Delivered,17:17:28,63
8976,Delivered,09:20:51,36
7818,Delivered,00:15:12,44
4537,Delivered,17:52:59,62
2027,Delivered,20:52:48,39
3436,Delivered,13:08:33,57
8165,Delivered,13:13:36,60
7738,Delivered,16:02:42,12
1274,Delivered,18:32:48,18
6902,Delivered,11:48:04,43
1477,Delivered,22:18:23,36
8189,Delivered,12:21:37,56
8872,In transit,,47
1339,Failed,,20
8322,Delivered,21:19:29,49
3907,Delivered,16:39:34,38
1650,Delivered,10:43:45,67
2042,Delivered,10:24:06,41
1110,Delivered,11:36:54,68
2507,In transit,,7
5175,Delivered,07:43:21,61
4050,Delivered,12:28:34,45
8295,Delivered,22:02:00,43
2532,In transit,,5
2142,Delivered,20:32:25,16
4551,Delivered,19:19:57,25
2569,Delivered,22:26:59,49
5198,Delivered,23:03:44,34
7082,Delivered,13:01:38,32
860,Delivered,18:07:26,7
2442,In transit,,22
4548,Delivered,23:54:08,63
8589,Delivered,00:51:02,46
7375,Delivered,07:19:44,35
7815,Delivered,07:50:16,27
5079,Delivered,19:51:48,14
7575,Delivered,08:07:51,58
7475,Delivered,23:23:28,44
2425,Delivered,20:12:29,49
6095,Delivered,23:03:41,61
4975,Delivered,15:45:45,24
2818,Delivered,11:48:49,44
8291,Delivered,19:30:06,55
7313,Delivered,21:16:16,49
4144,Delivered,22:49:59,54
6551,In transit,,32
868,Delivered,18:18:53,9
8769,Failed,,57
3695,In transit,,38
2894,In transit,,33
3109,Delivered,10:57:22,48
6223,Delivered,18:55:45,58
7946,Delivered,21:58:17,52
1732,Delivered,08:08:38,37
7599,Delivered,11:21:02,24
8916,Delivered,18:25:25,15
7322,Delivered,19:45:52,4
7612,Delivered,12:25:15,30
7009,In transit,,23
5175,Delivered,07:43:21,4
3027,Delivered,23:03:20,47
5136,Delivered,20:24:49,58
5193,Delivered,23:03:24,65
4749,Delivered,22:02:19,39
7598,Delivered,13:42:27,35
7984,Delivered,13:19:30,4
7652,Delivered,18:12:26,29
5265,Delivered,20:40:17,9
1085,Failed,,42
5495,In transit,,41
2356,Delivered,15:30:08,60
1938,In transit,,56
4142,Delivered,20:05:27,42
3014,Delivered,22:45:51,38
4006,Delivered,02:09:40,21
1552,Delivered,08:25:28,28
8128,In transit,,36
3770,Delivered,20:10:51,9
6067,Failed,,37
6347,Failed,,63
3815,Delivered,09:08:41,2
4011,Delivered,21:16:40,37
849,Delivered,07:46:29,64
1909,Delivered,19:44:57,69
5836,Delivered,16:07:18,63
7783,Delivered,21:36:34,49
4867,Delivered,01:17:48,45
8427,Delivered,11:04:30,61
2241,Delivered,20:50:33,18
452,Delivered,12:39:17,15
6901,Delivered,06:02:10,18
5923,Delivered,11:13:09,60
660,Delivered,02:57:51,43
2876,In transit,,8
2983,In transit,,30
3730,Delivered,23:41:52,12
7377,In transit,,34
4810,Delivered,16:34:20,24
5869,Delivered,22:27:40,58
5921,Delivered,00:35:51,38
5672,Delivered,10:09:38,29
532,Delivered,11:40:13,6
7757,Delivered,21:41:15,5
7596,Delivered,15:28:11,8
2954,Delivered,07:27:19,62
3662,Delivered,14:11:50,25
6335,Delivered,15:54:10,31
2703,Delivered,16:24:53,69
4536,Delivered,23:16:27,40
4098,Delivered,15:17:28,66
3979,Delivered,03:46:16,45
7912,In transit,,63
514,In transit,,26
2622,In transit,,25
8988,Delivered,22:22:30,3
4422,In transit,,33
7320,Delivered,13:37:16,2
5047,Delivered,10:46:11,63
6047,Delivered,12:26:54,67
1914,Delivered,15:58:25,49
6086,In transit,,15
8506,In transit,,67
2056,In transit,,44
2333,Delivered,21:18:23,12
8898,Delivered,10:42:14,41
3167,Delivered,09:06:37,56
4676,Delivered,21:53:54,11
3888,Failed,,69
1402,Delivered,14:59:01,30
8682,Delivered,20:47:20,26
2959,Delivered,07:23:36,26
519,Delivered,13:25:51,42
6891,Delivered,22:47:46,59
1610,Delivered,01:26:07,33
8894,Delivered,20:51:14,7
1031,Delivered,08:23:55,34
7476,Delivered,11:41:47,50
5619,Delivered,21:52:58,47
6895,Delivered,12:10:31,48
7357,Delivered,10:08:04,66
6115,In transit,,52
8858,Delivered,15:31:05,39
406,Delivered,01:54:28,42
7756,Delivered,16:41:49,2
6549,In transit,,35
8137,In transit,,7
6453,Delivered,06:58:32,24
8491,Delivered,22:09:27,69
6147,Delivered,11:09:08,16
6978,Delivered,01:26:58,32
608,Delivered,21:34:37,7
1118,In transit,,50
2942,Delivered,21:58:15,7
4145,In transit,,28
3777,Delivered,06:16:42,48
516,Delivered,15:39:25,33
2882,Delivered,16:53:22,46
2248,Delivered,22:07:31,27
2487,Delivered,20:49:02,55
8792,Delivered,12:16:44,19
8282,Delivered,17:23:28,15
4651,Delivered,22:04:27,50
7315,Delivered,16:28:52,20
569,Delivered,10:48:39,38
1608,Delivered,23:08:48,66
943,In transit,,35
6266,Delivered,16:19:25,20
1500,Delivered,19:54:25,28
6542,In transit,,65
6845,Delivered,17:25:35,32
6920,In transit,,11
1487,Delivered,11:41:48,70
2092,In transit,,6
5645,In transit,,40
1748,Delivered,17:39:48,18
5994,Delivered,09:04:57,17
7038,In transit,,47
7586,In transit,,35
8054,In transit,,56
6355,Delivered,09:41:19,32
886,Delivered,18:16:36,11
699,Delivered,00:50:37,45
5788,Delivered,22:17:43,4
6560,In transit,,40
1537,Delivered,22:02:15,42
6984,Delivered,13:20:03,38
5593,Delivered,00:41:10,69
7415,Failed,,12
6677,Delivered,20:46:48,4
8185,Delivered,19:10:16,66
4173,Delivered,12:32:56,54
3645,Delivered,10:50:57,59
4774,Delivered,22:11:27,44
1398,Delivered,08:05:14,67
71,Delivered,16:57:00,28
6691,Delivered,11:46:48,7
2670,Delivered,13:40:34,19
3535,Delivered,17:39:30,28
5161,In transit,,3
738,Delivered,00:30:42,62
5551,Delivered,19:17:58,44
8287,Delivered,11:34:06,63
4578,Delivered,15:47:25,9
7431,Delivered,02:20:49,33
1416,Failed,,68
975,Failed,,31
2491,Delivered,11:26:24,10
6526,Delivered,10:05:31,22
3929,Delivered,00:41:14,28
308,Delivered,19:53:15,38
5693,Delivered,17:39:43,64
8973,Delivered,23:10:31,70
6557,Failed,,12
5490,Delivered,16:12:05,44
5172,Delivered,23:29:48,6
6010,Delivered,15:18:14,57
4001,Delivered,14:40:03,17
5421,Delivered,19:35:17,4
5212,Delivered,19:49:00,48
532,Delivered,12:40:13,36
3694,Delivered,23:25:39,17
2896,In transit,,8
2206,Delivered,06:22:14,46
571,Delivered,21:29:41,66
4714,Delivered,12:46:50,7
5916,Delivered,19:36:08,60
1529,In transit,,30
4095,Failed,,5
5964,Delivered,16:01:59,53
5162,Delivered,14:28:29,27
3361,Delivered,19:38:01,59
3240,In transit,,67
3245,Delivered,20:59:53,59
2595,Delivered,11:18:19,19
1479,Delivered,22:51:18,16
7037,Delivered,13:14:02,52
123,Delivered,21:17:50,9
8828,In transit,,54
4097,In transit,,54
4145,Delivered,11:02:29,10
7907,Failed,,38
2609,Delivered,14:11:40,65
3408,Delivered,16:49:22,58
4169,In transit,,58
3418,In transit,,6
7008,Delivered,13:27:52,16
1703,Delivered,01:21:33,28
8490,In transit,,27
6394,In transit,,33
927,Delivered,21:07:34,58
3004,Delivered,08:56:33,37
6119,Delivered,14:09:26,58
6900,Delivered,16:07:06,62
3543,Delivered,12:26:51,3
3206,Delivered,08:38:17,31
7166,Failed,,47
172,Delivered,02:43:18,17
6232,Delivered,21:07:02,23
6630,Delivered,17:17:46,66
7908,In transit,,65
5534,Failed,,67
2432,Delivered,11:52:01,47
6296,Delivered,16:14:32,26
7335,In transit,,41
8635,Delivered,09:36:10,10
5203,Delivered,22:58:24,48
3170,Delivered,07:03:39,42
4169,Delivered,18:15:52,32
2108,Delivered,16:16:24,36
6433,Delivered,02:27:31,62
6921,In transit,,38
2654,Delivered,00:29:35,51
8774,Delivered,09:32:39,13
1369,Delivered,17:53:07,63
5324,Delivered,01:18:24,64
7474,Delivered,20:16:44,17
6101,Delivered,12:43:22,61
1612,Delivered,12:31:34,1
2037,In transit,,67
1749,Delivered,16:08:48,53
3005,Delivered,12:28:52,22
1605,Delivered,00:51:56,41
1347,Delivered,13:00:53,48
1805,Delivered,10:06:00,22
2184,Delivered,18:41:22,57
7604,Delivered,11:13:09,23
8160,Delivered,15:02:50,30
376,Delivered,11:41:51,70
3066,Delivered,14:52:02,29
5892,Delivered,22:03:31,27
2677,Delivered,09:51:30,67
5244,Delivered,09:53:13,19
8334,Delivered,22:23:05,66
8293,Delivered,20:31:20,24
3498,In transit,,15
5293,Delivered,23:20:25,45
6010,In transit,,49
6178,Delivered,11:12:07,53
6704,Delivered,20:22:16,54
6132,Delivered,12:38:54,64
7668,Delivered,11:53:46,20
5542,Delivered,12:36:51,19
6022,Delivered,00:42:34,56
700,Delivered,10:13:04,70
7421,Delivered,12:37:39,32
268,Delivered,22:48:09,10
7627,In transit,,39
4888,Delivered,20:06:48,44
2007,In transit,,2
2550,Delivered,18:27:42,19
4081,Delivered,17:46:55,66
6170,Delivered,20:09:50,60
6221,Delivered,10:59:20,22
8550,Delivered,07:28:21,8
5664,Delivered,10:14:08,16
5767,Delivered,13:09:38,27
1879,Delivered,11:13:20,43
4412,Delivered,17:37:36,63
5491,Delivered,17:25:39,3
75,Delivered,09:51:36,17
7238,Delivered,13:20:31,38
6295,In transit,,64
5899,Delivered,12:25:02,11
4272,In transit,,5
8125,In transit,,68
4464,Delivered,00:55:52,62
6549,Delivered,13:40:12,44
5725,Delivered,20:46:53,10
2277,Delivered,16:25:52,61
3311,In transit,,29
2771,In transit,,56
8138,Delivered,16:38:02,11
6656,Delivered,23:28:28,42
6515,Delivered,22:33:50,52
979,Delivered,15:42:35,10
6106,Delivered,16:59:50,38
158,Delivered,22:52:29,52
6187,In transit,,23
3698,Delivered,10:34:55,50
4699,Delivered,08:33:53,22
4617,Delivered,21:37:39,55
6712,Delivered,09:31:16,2
8042,Delivered,13:05:33,43
6396,Delivered,01:03:24,42
4733,Delivered,22:06:57,47
2955,Delivered,16:53:59,63
4482,Failed,,24
221,Delivered,07:06:45,30
1459,Delivered,15:47:51,63
1825,Delivered,03:18:52,25
4950,In transit,,55
1681,In transit,,30
3257,Delivered,21:59:06,14
4292,Delivered,15:16:18,51
2794,Delivered,22:24:45,45
3144,Delivered,16:10:36,58
3018,Failed,,70
826,Delivered,18:28:04,9
7815,In transit,,3
858,Delivered,16:08:25,18
5451,In transit,,18
3366,Delivered,03:04:15,35
3191,Delivered,23:40:53,61
1550,Delivered,21:50:45,51
7222,Delivered,23:07:38,42
4670,Delivered,22:04:00,60
758,Delivered,23:33:01,57
866,In transit,,4
537,Delivered,22:11:54,41
2001,Delivered,14:35:23,25
2197,Delivered,12:45:09,1
509,Delivered,07:36:52,6
489,In transit,,5
1904,Delivered,19:38:30,70
5649,Delivered,18:58:56,49
3904,Delivered,23:52:55,53
7829,Delivered,08:35:08,67
4140,In transit,,64
1110,Delivered,12:36:54,60
7243,Delivered,22:49:11,65
7877,Failed,,3
348,Failed,,55
7002,Delivered,13:25:35,13
8523,Delivered,21:01:08,57
4868,Delivered,16:41:18,34
3757,Delivered,03:33:30,55
4409,Delivered,13:43:17,55
4777,Delivered,16:56:34,17
2596,In transit,,42
1528,In transit,,67
6195,Delivered,16:09:48,67
1895,Delivered,20:49:43,50
5111,Delivered,17:22:20,16
2578,Delivered,17:24:55,24
8737,Delivered,22:00:02,31
2481,Delivered,21:29:27,14
7574,Delivered,22:16:39,3
334,In transit,,14
7474,Delivered,21:16:44,30
2473,Delivered,17:35:15,59
8378,Delivered,07:55:01,15
3566,Delivered,17:35:24,10
5678,Delivered,12:19:08,68
8014,Delivered,11:53:49,38
1401,Delivered,19:21:14,66
2275,Delivered,20:29:02,27
7075,Delivered,23:44:22,23
1580,Delivered,08:20:34,30
1887,Delivered,23:28:43,25
1947,Delivered,17:11:04,18
354,In transit,,33
3998,Delivered,02:07:44,38
462,Delivered,21:36:45,45
3887,Delivered,15:24:16,65
7657,Delivered,13:25:30,45
112,Delivered,19:51:07,6
3205,Failed,,12
3132,Delivered,15:59:57,16
3846,Delivered,01:00:15,39
1644,Delivered,16:57:40,37
542,Delivered,13:17:40,67
3525,Delivered,18:45:58,3
5517,Delivered,01:26:41,8
2003,In transit,,9
1914,Delivered,16:58:25,13
8347,Delivered,00:53:46,55
7595,Delivered,11:22:33,3
2342,Failed,,5
1883,Delivered,06:28:01,33
7553,Failed,,70
6078,In transit,,45
4517,Delivered,15:40:11,36
1831,Delivered,17:20:34,34
5861,Delivered,14:05:31,67
7025,In transit,,9
741,Delivered,18:29:24,20
6208,Delivered,20:47:47,27
2032,In transit,,12
7694,Delivered,18:03:24,3
8908,Delivered,15:35:32,16
6028,Failed,,20
7802,Delivered,19:03:30,48
434,In transit,,7
4565,Delivered,11:04:54,58
6521,Delivered,14:19:59,22
7635,Delivered,13:19:01,10
1833,Delivered,13:38:41,35
1786,Delivered,00:23:34,61
8139,Delivered,13:04:34,11
1719,In transit,,61
2706,Delivered,12:25:33,19
8525,Delivered,12:19:29,64
5718,Delivered,18:31:18,32
3007,Delivered,14:01:13,33
6907,Delivered,15:07:21,11
2747,Delivered,22:25:14,2
7128,Delivered,02:49:40,12
5354,Delivered,16:05:28,47
5219,In transit,,29
3168,Delivered,23:34:03,43
927,Delivered,22:07:34,66
5656,Delivered,16:20:51,40
8857,Delivered,12:56:26,9
1091,In transit,,35
2602,In transit,,60
2729,In transit,,18
2550,Delivered,19:27:42,58
8216,Delivered,14:32:46,32
7436,Delivered,19:46:04,22
8813,In transit,,56
6691,Delivered,11:46:48,3
1536,Delivered,21:53:00,24
3089,Delivered,00:11:06,23
5060,In transit,,32
6586,Delivered,23:10:58,56
326,Delivered,16:25:20,48
7943,Delivered,20:21:14,19
7754,Delivered,11:03:16,70
451,Delivered,06:50:04,38
1151,Delivered,09:06:36,8
7443,Delivered,13:04:49,39
3926,In transit,,2
6818,Delivered,20:23:19,55
1940,In transit,,38
8869,Delivered,09:50:10,68
1631,Delivered,23:25:07,42
7691,Delivered,22:04:51,37
1619,Delivered,22:05:03,6
3818,Failed,,59
265,Delivered,21:34:12,2
3320,Delivered,11:26:21,48
7686,Delivered,13:10:44,13
524,Delivered,12:55:36,13
2051,In transit,,30
7759,Delivered,00:00:06,16
8638,Delivered,02:28:37,48
8311,Delivered,09:29:35,21
3514,Delivered,20:14:58,13
1816,Delivered,08:57:30,1
2528,Delivered,13:41:46,48
3335,Delivered,12:24:09,45
1151,Delivered,06:06:36,27
8351,Delivered,16:02:32,50
3481,In transit,,33
4831,Delivered,12:12:27,14
3443,Delivered,19:28:18,68
1304,In transit,,11
6956,Delivered,17:53:15,41
2184,Delivered,17:41:22,25
4686,In transit,,60
4171,In transit,,10
1845,Delivered,00:34:39,65
1324,Delivered,23:18:42,48
6235,Delivered,10:49:23,23
7485,Delivered,18:21:09,51
5876,Delivered,11:11:39,55
2519,Delivered,23:23:02,43
1830,Delivered,18:51:18,61
5441,Delivered,14:38:03,14
5788,Delivered,00:17:43,16
8090,Delivered,11:02:16,26
4034,Delivered,21:24:27,55
4040,Delivered,22:17:06,67
3014,Delivered,20:45:51,44
5935,Delivered,18:28:35,56
474,Delivered,21:45:28,63
6637,Delivered,12:37:19,14
7269,In transit,,15
607,Delivered,12:43:29,38
4141,Delivered,11:57:39,38
436,Failed,,48
7106,Delivered,10:06:28,69
6432,Delivered,22:34:44,50
7522,Delivered,00:08:42,11
5351,Delivered,00:30:48,23
3441,Delivered,20:08:18,9
3742,In transit,,58
3245,Delivered,19:59:53,19
3302,Delivered,19:22:11,59
4898,Delivered,22:50:16,65
7368,In transit,,20
4757,In transit,,49
3707,Delivered,16:59:26,1
64,Delivered,15:47:58,28
6745,Delivered,21:04:30,28
1630,Delivered,06:56:43,20
7659,Delivered,02:32:16,25
4304,Delivered,21:51:57,17
2101,Delivered,18:12:49,46
4862,Delivered,16:44:30,62
225,Delivered,10:03:55,30
5455,Delivered,18:25:45,26
4145,In transit,,26
5012,Failed,,36
5022,Delivered,15:31:30,22
2389,Delivered,22:00:41,68
395,Delivered,12:04:32,46
8395,Failed,,38
7120,Delivered,09:28:20,25
7486,Failed,,45
81,Delivered,15:45:04,17
4909,Failed,,50
3833,Delivered,16:39:06,62
4310,Delivered,18:27:58,51
5439,Delivered,11:09:02,70
7599,Delivered,09:21:02,38
1059,Delivered,00:01:18,42
8203,Delivered,13:56:41,7
5228,Delivered,17:15:04,66
8069,In transit,,16
6899,Delivered,17:35:51,14
3447,Delivered,12:39:36,2
8116,Delivered,15:14:39,62
7876,Delivered,07:47:43,30
4930,Delivered,08:42:20,13
8530,Delivered,10:47:53,53
5779,Delivered,18:27:42,14
2299,Delivered,02:50:05,31
8795,Delivered,14:12:35,49
3327,Delivered,23:02:20,42
278,Delivered,14:50:43,6
6084,In transit,,17
4101,Delivered,19:37:24,66
3049,Delivered,11:38:42,3
7080,Delivered,15:14:04,5
731,Delivered,21:21:45,31
4456,Failed,,60
8985,In transit,,58
3657,Delivered,12:51:04,40
2787,Delivered,15:56:24,34
5348,In transit,,29
7099,Delivered,21:16:12,59
1376,Delivered,15:28:01,61
2186,In transit,,2
2326,Delivered,22:00:47,62
6550,Delivered,23:10:50,49
8232,Delivered,22:04:06,32
4926,Delivered,09:15:22,47
4430,Delivered,19:44:28,46
4350,Delivered,18:41:17,26
1189,Delivered,10:51:17,3
2571,Delivered,17:26:14,28
8927,Delivered,15:13:24,63
2337,In transit,,23
7793,In transit,,19
8605,Delivered,22:50:37,65
2782,Delivered,20:47:14,62
271,Delivered,21:40:12,46
8401,Delivered,19:11:04,70
8047,Delivered,09:36:58,65
324,Delivered,22:06:08,25
3244,Failed,,43
1834,Delivered,19:58:43,68
5413,Failed,,32
2849,Delivered,17:32:59,25
4981,In transit,,43
45,Delivered,20:17:54,32
418,Delivered,13:33:01,34
3372,Delivered,12:33:43,12
6651,Delivered,17:58:06,50
2111,In transit,,14
6883,In transit,,28
7519,Delivered,14:14:00,38
5720,Delivered,19:17:00,23
5417,Delivered,10:31:52,59
7293,Delivered,06:35:29,62
6536,Delivered,23:51:43,5
8042,Delivered,18:05:33,32
8800,Delivered,18:51:40,67
2069,Delivered,00:54:11,64
5237,Delivered,19:01:57,47
1675,Delivered,15:27:25,34
7052,Delivered,10:05:39,28
1332,In transit,,3
8858,In transit,,10
3742,Delivered,20:09:25,39
6085,Delivered,13:59:26,16
4227,Delivered,21:35:10,44
2630,Delivered,10:23:50,37
8087,Delivered,16:48:18,67
8817,In transit,,63
6533,Delivered,23:19:50,55
4299,Delivered,12:53:47,19
1808,Failed,,55
6198,Delivered,22:14:54,4
7170,Delivered,11:23:08,38
2888,Delivered,19:28:32,7
5420,Delivered,20:27:40,12
6173,Delivered,03:12:52,56
3610,In transit,,10
8126,In transit,,20
5925,Delivered,21:54:52,44
6066,Delivered,14:29:00,67
4676,Delivered,19:53:54,13
1430,Delivered,08:56:55,67
6005,Delivered,15:10:19,7
4646,Delivered,14:26:16,30
4265,Delivered,11:29:36,53
7594,Delivered,10:56:26,7
2637,Delivered,17:03:08,53
584,Delivered,17:48:32,25
669,Delivered,14:43:30,3
4558,Delivered,12:16:06,68
6825,Delivered,15:55:34,35
8794,Delivered,01:11:37,22
444,Delivered,23:20:56,40
5296,Delivered,18:06:35,24
980,Delivered,19:38:31,59
2361,Delivered,18:15:17,15
8875,In transit,,70
6151,Delivered,17:17:00,4
3765,Delivered,20:43:36,37
3070,Delivered,14:22:05,3
4045,Delivered,02:46:05,13
4153,Delivered,21:13:13,33
6789,Delivered,07:58:39,55
124,Delivered,18:39:59,18
1002,Delivered,09:48:37,54
7827,Delivered,15:26:55,16
518,Delivered,18:29:59,20
4500,Delivered,13:30:07,70
7958,Delivered,19:11:43,68
3439,Delivered,12:38:05,6
8908,Delivered,16:35:32,57
3044,Delivered,01:51:11,5
2014,Delivered,10:15:33,45
5842,Delivered,19:04:47,48
5016,Failed,,43
8146,Delivered,23:27:06,54
5116,Delivered,14:32:37,14
5306,In transit,,5
8029,Delivered,11:04:09,4
1943,Delivered,11:50:57,26
7495,Delivered,21:37:43,11
6475,Delivered,15:28:33,58
7234,Delivered,18:08:15,3
8260,Delivered,14:44:56,64
6297,In transit,,63
1802,Delivered,18:25:29,42
6797,Failed,,34
5969,Delivered,18:20:43,67
299,Delivered,13:36:00,7
8805,Delivered,22:51:26,42
353,Delivered,10:51:44,6
4270,Delivered,15:31:50,1
1969,Delivered,18:11:29,25
7228,Delivered,00:43:44,4
5852,Delivered,13:37:37,53
327,Delivered,13:35:23,12
5542,Delivered,07:36:51,17
4232,In transit,,47
8913,Failed,,16
2491,Delivered,13:26:24,24
7407,Delivered,19:09:08,55
2457,Delivered,17:41:54,39
7217,Delivered,21:44:13,29
2086,Delivered,10:40:43,46
564,Delivered,21:10:59,15
1838,Delivered,19:00:44,13
1365,Delivered,20:08:57,39
1714,Delivered,12:55:14,4
7484,Delivered,23:13:00,7
1765,Delivered,22:57:56,59
8661,Delivered,13:07:44,39
7611,Failed,,30
4065,Delivered,08:14:49,46
4087,Delivered,16:17:47,67
7314,Delivered,17:10:37,42
6608,Delivered,08:59:03,65
1677,Delivered,16:22:47,44
1381,Delivered,09:38:02,36
2216,Delivered,11:47:11,28
7328,Delivered,09:44:19,16
5831,Delivered,00:07:01,33
5987,Delivered,15:33:21,7
3712,Failed,,2
7021,In transit,,12
6075,Delivered,15:37:39,33
2103,Delivered,17:36:52,41
4234,Delivered,10:51:52,29
6414,In transit,,5
4686,Delivered,01:19:31,70
8503,Delivered,01:08:42,41
5751,Delivered,15:44:50,39
2946,Delivered,12:54:41,27
2750,In transit,,51
353,Delivered,11:51:44,35
59,Delivered,14:48:11,43
816,Delivered,12:28:18,10
7593,Delivered,02:07:11,2
2024,Delivered,15:44:49,54
5442,Delivered,22:18:55,55
8536,In transit,,10
5280,Delivered,21:53:56,13
1092,Delivered,15:41:29,62
4156,Delivered,16:22:10,42
239,In transit,,36
3412,Delivered,20:21:28,55
1018,Delivered,11:06:20,38
6871,Delivered,22:47:47,43
813,In transit,,40
2835,In transit,,43
6283,Delivered,00:42:45,61
5943,Delivered,22:01:05,43
5726,Delivered,02:20:54,63
4687,Delivered,11:27:45,27
2587,Delivered,10:15:26,57
8241,Delivered,12:32:46,56
592,Delivered,01:26:08,25
6425,Delivered,00:01:23,52
1351,Delivered,11:27:45,35
1675,In transit,,48
1418,Delivered,23:35:08,20
3937,Delivered,20:04:11,57
1180,Delivered,22:14:11,19
8281,Delivered,09:53:20,67
923,In transit,,70
5100,Delivered,11:40:39,30
7910,Delivered,19:50:15,68
1254,Delivered,10:01:33,40
434,In transit,,23
3176,Delivered,02:10:50,49
1398,Delivered,12:05:14,40
5790,Delivered,17:35:35,27
3649,Delivered,23:41:28,3
6420,Delivered,14:02:37,38
6374,Delivered,11:32:12,62
2882,In transit,,50
2738,Delivered,20:52:33,5
7585,Failed,,34
709,Delivered,16:17:11,70
659,Delivered,14:20:07,59
1615,In transit,,15
199,Delivered,11:30:18,56
284,Delivered,22:54:24,60
3169,Delivered,19:45:03,13
5681,Delivered,15:06:37,59
2894,Delivered,22:36:28,39
3506,Delivered,20:10:45,6
3672,Delivered,11:33:10,48
5224,Delivered,17:15:27,61
274,Delivered,18:16:30,68
7118,Delivered,18:14:05,29
1400,Delivered,18:58:09,24
6461,Delivered,17:24:02,4
3716,Delivered,17:52:10,40
7845,Delivered,20:22:54,1
5922,Delivered,07:04:47,46
799,Delivered,03:59:01,61
5752,Delivered,10:52:36,31
6109,Delivered,12:29:26,2
295,Delivered,07:45:08,48
4837,Delivered,23:49:25,17
3438,Delivered,19:46:23,48
1527,Failed,,34
779,Delivered,21:26:59,45
655,Delivered,22:45:26,34
6824,Delivered,03:24:04,12
487,Delivered,02:40:31,40
6967,Delivered,22:35:53,61
8057,Delivered,01:50:34,28
3598,Delivered,20:09:46,44
3838,Failed,,60
559,Failed,,20
6579,Delivered,12:53:53,49
2789,Delivered,08:21:28,34
3959,Delivered,23:42:18,22
1246,Delivered,13:30:31,12
3222,Delivered,18:04:47,5
6153,In transit,,48
7326,In transit,,3
4307,Delivered,11:25:36,37
5363,Delivered,18:37:31,20
6655,Delivered,16:59:46,40
4419,Delivered,14:01:25,40
2356,Delivered,12:30:08,61
2755,In transit,,53
1093,Delivered,11:10:15,5
7701,Delivered,23:54:00,7
5008,Delivered,16:30:23,43
4571,Delivered,21:44:36,40
219,Delivered,19:24:02,56
6187,Delivered,16:01:41,2
3456,Delivered,21:31:02,13
3538,Delivered,23:50:25,53
3994,Delivered,00:10:32,63
1057,In transit,,49
1285,Delivered,11:49:15,43
4873,Delivered,10:47:36,67
2901,Delivered,23:34:38,4
6763,Delivered,16:07:05,26
2306,Delivered,16:56:06,58
177,Delivered,12:56:27,31
1324,Delivered,19:18:42,47
3934,Delivered,16:43:20,56
7518,Delivered,03:03:01,31
3594,Delivered,10:01:00,2
4919,Delivered,15:20:25,58
5988,Delivered,19:41:42,33
5152,Delivered,22:28:37,63
1902,In transit,,4
2493,Delivered,17:36:34,13
6497,Delivered,11:13:39,29
7873,Failed,,53
5231,Delivered,18:46:17,14
1744,In transit,,27
7512,Failed,,63
8972,Delivered,12:57:49,55
474,Delivered,21:45:28,27
7960,Delivered,20:03:52,25
734,Delivered,15:12:06,41
2412,Delivered,00:45:14,58
2012,Delivered,00:15:21,58
2220,Delivered,11:48:01,53
2422,Delivered,07:06:23,65
1379,Delivered,22:43:18,59
282,Delivered,10:33:20,32
906,Delivered,07:12:57,69
4155,In transit,,37
4595,Delivered,11:54:52,43
2451,Delivered,17:02:17,30
6285,Delivered,13:36:43,47
1369,Delivered,13:53:07,49
8414,Delivered,11:47:30,37
5137,Delivered,11:36:20,40
5166,Delivered,19:26:32,39
1983,Delivered,21:27:00,64
6443,Delivered,18:08:37,59
2667,Delivered,09:24:01,15
3513,Delivered,23:09:06,33
2606,In transit,,37
6071,Delivered,09:14:18,38
1270,In transit,,42
2300,Delivered,16:23:51,8
2160,Delivered,09:17:19,3
7124,Delivered,20:07:14,18
8466,In transit,,66
1995,Delivered,13:06:05,4
7283,Delivered,20:56:57,6
2620,Delivered,00:31:52,23
4704,In transit,,46
7717,Failed,,6
4883,Delivered,00:02:20,8
4159,Failed,,17
411,Delivered,22:00:20,40
8282,Delivered,17:23:28,32
8645,Delivered,16:35:44,41
8191,Failed,,33
1517,Delivered,21:25:29,11
6638,Delivered,15:21:01,61
2567,Delivered,17:24:41,19
5776,Delivered,16:31:50,64
7215,Delivered,10:35:36,38
6342,In transit,,66
3395,Delivered,13:22:52,8
6330,Delivered,11:42:53,38
7622,Delivered,23:55:44,45
824,Delivered,15:50:17,37
6475,Delivered,13:28:33,59
7574,Delivered,00:16:39,60
151,In transit,,28
8889,Failed,,21
5878,Delivered,17:12:05,29
1958,Delivered,11:32:44,63
569,Delivered,15:48:39,63
8792,Delivered,11:16:44,70
1963,Delivered,16:30:28,21
1780,Failed,,32
3832,Delivered,21:38:33,45
8798,Failed,,63
6958,Delivered,21:37:44,54
1571,Delivered,14:45:42,36
1790,Failed,,28
8074,Delivered,14:33:04,14
8537,Delivered,15:28:15,43
6707,Delivered,11:38:55,40
861,Delivered,19:37:40,9
7697,Delivered,10:48:31,20
4204,Delivered,21:18:01,38
282,Delivered,14:33:20,59
7967,Delivered,16:38:32,12
6581,In transit,,25
1892,In transit,,11
4250,Delivered,22:33:43,36
4929,Delivered,14:41:13,36
1996,Delivered,03:49:38,16
365,Delivered,12:46:31,39
7088,In transit,,57
8783,Delivered,14:51:44,21
3900,Delivered,22:22:04,54
8984,Delivered,10:45:50,19
4125,Delivered,23:51:57,46
1187,Delivered,23:00:52,58
4438,Failed,,69
7495,Delivered,23:37:43,69
7091,Delivered,10:24:42,15
1187,Delivered,20:00:52,23
5438,In transit,,19
3984,Delivered,22:29:41,2
206,Delivered,17:23:54,15
6574,Delivered,15:04:38,24
7387,Delivered,21:25:44,70
8992,Delivered,23:27:39,2
6605,In transit,,2
1230,Delivered,13:17:32,22
7346,Delivered,21:42:22,45
8152,Delivered,21:55:22,35
2586,Delivered,01:05:03,39
176,Delivered,08:22:54,44
3652,Delivered,12:43:41,67
7982,In transit,,45
4610,Delivered,19:48:19,69
5280,Delivered,19:53:56,52
6477,Delivered,17:05:24,11
8600,Delivered,08:03:00,8
2577,Delivered,20:56:33,28
5201,Delivered,21:13:03,5
1465,Delivered,09:20:47,23
7327,Delivered,12:03:55,25
3558,Delivered,00:45:39,37
7923,Delivered,21:28:51,64
2879,Delivered,13:21:07,65
2650,In transit,,33
2361,Delivered,23:15:17,53
6290,Delivered,22:42:52,33
7316,Delivered,14:23:01,1
2248,Delivered,23:07:31,14
4555,Delivered,20:48:22,14
3502,In transit,,21
8684,Delivered,14:17:33,60
7456,Delivered,14:52:43,28
6816,Delivered,16:15:41,21
4464,Delivered,21:55:52,47
8153,Delivered,15:25:50,36
7310,Delivered,15:23:56,53
1952,Delivered,14:58:32,32
3594,Delivered,11:01:00,41
3457,Delivered,13:43:40,37
148,Delivered,20:06:48,35
3315,Delivered,21:54:30,33
6916,Delivered,17:39:11,47
7215,In transit,,49
4872,In transit,,65
8175,Delivered,13:21:29,15
5200,Delivered,18:18:49,63
3411,Delivered,22:05:40,40
2420,Delivered,18:05:55,31
7954,Delivered,12:09:54,62
5826,Delivered,20:40:43,33
47,Delivered,19:51:40,9
8891,Delivered,08:37:42,19
5105,Delivered,15:01:32,44
8769,Delivered,12:50:57,19
6559,Delivered,23:23:03,61
3629,Delivered,15:08:07,70
5066,Delivered,15:24:02,36
412,Delivered,20:42:46,8
5059,Delivered,16:17:21,47
1735,Delivered,12:38:46,2
29,In transit,,22
2491,Delivered,11:26:24,6
4636,Delivered,13:34:59,1
3782,Delivered,00:31:32,14
4246,Failed,,70
3633,Delivered,10:27:18,4
2696,In transit,,40
3145,Delivered,19:37:47,54
3115,In transit,,56
6913,Delivered,22:01:28,15
2981,Delivered,09:56:28,42
6657,Delivered,19:31:31,55
2898,Delivered,11:00:31,57
7723,Delivered,19:50:00,37
6224,Delivered,00:56:59,27
8024,Delivered,21:22:10,38
3468,Delivered,17:45:56,9
2889,Delivered,22:00:14,12
2732,Delivered,19:56:25,39
8578,Delivered,19:04:24,52
495,Delivered,03:33:11,17
1394,Delivered,17:12:33,32
4035,In transit,,2
8294,Delivered,16:44:06,18
7282,Delivered,00:19:45,21
2972,Delivered,19:17:12,9
7261,Delivered,20:08:40,16
6964,Delivered,15:31:50,41
1687,Delivered,15:32:07,1
128,Delivered,21:54:23,7
4481,Delivered,21:35:24,34
39,Delivered,15:17:01,52
3158,Delivered,00:04:26,56
5872,Delivered,16:07:13,21
4982,Delivered,08:09:06,48
6897,Failed,,11
988,In transit,,67
581,Delivered,21:24:29,43
5264,Delivered,10:18:35,63
7581,In transit,,31
6201,Delivered,16:59:15,2
3126,Delivered,08:52:21,35
8300,Delivered,03:03:07,50
2231,Delivered,00:16:38,63
8010,Delivered,01:45:27,36
5689,Delivered,21:42:36,61
1990,In transit,,34
7511,Delivered,11:00:13,33
1501,Delivered,22:15:34,15
5474,In transit,,61
2724,Delivered,07:58:33,4
5724,Delivered,20:27:52,53
1466,Delivered,22:22:20,44
4078,Delivered,13:38:14,47
7446,Delivered,19:18:12,8
3319,Delivered,10:53:01,34
7162,Delivered,15:21:16,31
1314,In transit,,52
5932,Delivered,10:10:27,59
4619,Delivered,16:44:07,12
8061,Delivered,17:06:58,12
1438,In transit,,3
4397,In transit,,55
3987,In transit,,56
5135,Delivered,01:41:20,48
4226,Delivered,18:19:47,57
7905,Delivered,14:38:11,42
4226,Delivered,18:19:47,62
1955,Delivered,10:56:58,20
2277,In transit,,14
4000,Delivered,13:32:21,33
5738,Failed,,37
7115,Delivered,19:01:02,49
3325,Delivered,20:49:02,32
6049,Delivered,09:46:46,55
4885,In transit,,24
5090,Delivered,17:19:58,18
821,Delivered,16:04:02,19
4366,Delivered,23:52:52,38
4419,Delivered,10:01:25,33
614,Delivered,20:02:23,69
8001,Delivered,19:01:14,7
7557,Delivered,23:24:19,11
6122,Delivered,15:06:47,47
3411,Delivered,17:05:40,5
6935,Delivered,11:00:34,37
7350,In transit,,52
5174,In transit,,7
8601,Delivered,18:01:40,8
8261,Delivered,16:12:42,17
5223,Delivered,17:46:42,59
1107,Delivered,01:36:10,41
600,Delivered,00:08:08,41
4225,In transit,,3
6698,Failed,,58
8145,Delivered,13:34:53,36
48,Delivered,11:03:10,56
4511,Delivered,10:18:22,41
2823,Delivered,12:07:28,48
2321,Delivered,21:35:14,51
7203,Delivered,20:55:34,49
1051,Failed,,43
7521,Delivered,09:32:05,20
8353,Delivered,11:19:52,21
151,Failed,,7
145,In transit,,27
2610,Delivered,12:00:39,37
4168,Delivered,14:24:47,55
1826,Delivered,14:57:26,13
2930,Failed,,64
2799,Delivered,16:07:01,18
4887,Delivered,15:02:37,5
536,Delivered,21:22:09,42
5594,Delivered,01:07:02,30
1906,Failed,,54
895,Delivered,21:04:34,4
6640,Delivered,01:42:08,58
7968,Delivered,10:28:49,24
540,Delivered,16:47:57,26
7460,Delivered,18:29:33,47
1354,In transit,,29
4766,Delivered,19:59:51,14
2781,In transit,,45
7663,Failed,,8
3236,Delivered,14:11:35,61
1997,Delivered,02:53:41,51
2153,Delivered,00:28:33,59
796,Delivered,02:33:30,16
4985,Delivered,17:25:10,47
8238,Delivered,22:41:35,69
7498,In transit,,42
7862,Delivered,19:13:49,54
1103,In transit,,10
3327,Delivered,23:02:20,35
5893,In transit,,50
3945,Delivered,08:57:00,70
3329,Delivered,18:28:39,39
3822,Delivered,02:55:35,51
7487,In transit,,29
2183,Delivered,11:01:13,8
5822,Delivered,13:05:31,40
8258,Delivered,09:30:23,34
5204,Delivered,13:30:33,57
4040,Delivered,21:17:06,46
3817,In transit,,50
6370,Delivered,12:48:29,5
2686,Delivered,10:13:19,26
3622,In transit,,8
4842,Delivered,18:51:05,24
221,In transit,,53
566,Delivered,22:18:54,69
918,Delivered,19:00:14,32
2578,Delivered,14:24:55,35
5745,Delivered,15:22:21,54
1135,In transit,,11
8482,Failed,,66
5868,Delivered,12:54:11,49
6609,Delivered,21:45:12,16
95,Delivered,10:48:59,67
5768,In transit,,25
6718,Delivered,21:53:04,47
7559,Delivered,09:52:08,65
4698,In transit,,41
6817,Delivered,16:51:51,57
2869,Delivered,14:52:17,32
4312,In transit,,19
5585,In transit,,56
445,Delivered,03:31:17,1
284,Delivered,23:54:24,59
2445,Delivered,20:20:20,19
8150,Delivered,21:45:30,58
8951,Delivered,20:27:45,38
4335,Delivered,19:36:18,41
5128,Delivered,20:07:42,3
5901,Failed,,6
4823,Delivered,20:39:21,12
5846,Delivered,09:30:52,5
7484,Delivered,23:13:00,26
3157,Failed,,38
984,Delivered,09:25:58,2
308,Delivered,17:53:15,11
6807,In transit,,39
1688,Delivered,19:37:47,7
2880,Failed,,25
3526,Delivered,18:21:25,23
3490,Delivered,22:50:42,56
6210,Delivered,14:58:03,24
8432,In transit,,3
691,Delivered,00:38:09,46
6344,Delivered,13:54:01,26
7082,Delivered,16:01:38,18
4966,Delivered,01:46:20,35
3046,Delivered,15:30:02,60
3286,Delivered,21:25:56,28
8817,Delivered,17:31:35,44
882,Failed,,56
5343,Delivered,12:16:57,25
3871,Delivered,16:20:30,30
3346,Delivered,10:33:57,3
7221,Delivered,15:41:09,31
1925,Delivered,00:31:05,8
5209,Delivered,12:49:40,45
6863,In transit,,28
7030,Delivered,18:44:29,46
3792,Delivered,12:02:34,58
465,Delivered,15:36:04,31
2249,Delivered,11:39:45,54
1577,Delivered,16:31:43,64
2668,In transit,,36
6129,Delivered,09:41:07,40
1065,Delivered,08:53:57,64
7056,Delivered,23:36:11,44
7886,In transit,,45
3965,Delivered,17:34:02,17
1437,Failed,,55
5232,Delivered,11:16:04,32
5663,Delivered,23:09:25,28
4200,Delivered,20:53:42,65
1117,In transit,,50
8202,Delivered,22:20:28,7
4914,Delivered,21:25:07,32
4197,Delivered,21:17:39,42
5021,Delivered,13:51:44,68
6380,Delivered,23:05:43,54
5465,Delivered,15:45:24,66
6155,Delivered,06:53:26,46
5823,Delivered,11:26:27,7
3158,Delivered,00:04:26,7
3436,Delivered,11:08:33,28
3976,In transit,,38
6831,Delivered,13:53:27,57
4964,Delivered,14:10:44,56
491,Delivered,21:54:10,69
8720,Delivered,21:36:40,13
5689,Delivered,22:42:36,42
998,In transit,,37
6686,Delivered,17:45:00,37
1582,Delivered,21:57:32,2
7928,In transit,,49
7819,In transit,,35
1406,Delivered,11:11:36,40
5298,Delivered,16:42:52,19
4750,Delivered,22:14:49,59
2610,Delivered,10:00:39,21
8548,Delivered,16:30:34,45
5957,Failed,,53
2676,Delivered,13:58:19,30
8250,Delivered,18:57:53,33
2779,In transit,,70
3827,In transit,,11
7404,Delivered,22:22:25,20
500,In transit,,60
5388,Delivered,01:58:59,39
8374,Delivered,13:53:34,4
7430,Delivered,21:19:43,57
3721,Delivered,20:31:51,41
1942,Delivered,12:32:06,13
2006,In transit,,18
8678,Delivered,22:19:30,66
1211,Delivered,10:18:52,22
2358,Delivered,20:10:00,35
528,Delivered,00:46:48,15
6802,Delivered,14:47:42,42
1193,Delivered,14:06:35,45
6139,Delivered,15:11:40,59
7353,Delivered,07:46:29,55
7549,Delivered,02:48:26,5
6019,Delivered,16:34:01,48
965,Delivered,12:01:43,15
2993,Delivered,14:18:16,45
6012,In transit,,10
3229,Delivered,08:26:26,16
8668,Delivered,01:20:13,60
6983,Delivered,19:00:12,14
6482,Delivered,11:18:54,58
431,Delivered,10:12:55,10
4288,In transit,,70
3761,Delivered,09:56:21,25
4963,In transit,,6
3447,Delivered,10:39:36,39
8408,Delivered,10:18:21,38
4244,Delivered,14:32:45,43
3428,Delivered,21:42:17,65
920,Delivered,21:13:17,22
8192,Delivered,00:40:40,16
1630,Delivered,10:56:43,14
6911,Delivered,22:38:38,52
8572,Delivered,00:02:26,27
4594,Delivered,11:53:10,28
3532,Delivered,18:28:08,35
2227,Delivered,14:33:53,32
5612,Failed,,56
8665,Delivered,17:53:16,12
5819,Delivered,16:55:28,6
5686,In transit,,8
1026,Delivered,13:55:19,5
8082,Delivered,10:00:28,15
7627,Delivered,21:48:10,62
8787,Delivered,20:34:00,34
6454,Delivered,03:29:24,47
8481,Delivered,11:58:30,55
8657,Delivered,12:44:59,68
4276,Delivered,11:34:05,65
6453,Delivered,07:58:32,55
1094,In transit,,9
5377,Delivered,09:35:31,26
3671,In transit,,10
3868,Delivered,17:02:19,20
8675,Delivered,21:44:53,38
4406,Delivered,22:03:25,3
457,Delivered,18:40:26,45
7074,Delivered,17:59:14,70
16,Delivered,18:02:21,31
142,Delivered,22:42:11,34
8385,Delivered,16:34:02,19
6026,Delivered,14:31:48,3
6084,Failed,,56
6116,Delivered,11:23:59,11
4119,Delivered,14:12:16,43
3146,Delivered,22:31:52,34
28,Delivered,18:14:46,46
8510,Delivered,16:33:25,57
743,Delivered,08:10:42,34
7507,Delivered,02:30:48,47
3446,Delivered,16:25:02,11
4288,Delivered,20:08:11,49
363,Failed,,59
4360,Delivered,12:01:23,47
3154,Delivered,10:44:39,23
5410,Delivered,10:45:46,25
8822,In transit,,21
7917,Delivered,22:06:36,46
3050,In transit,,8
7962,In transit,,39
3110,In transit,,67
7528,Delivered,18:26:04,55
735,Delivered,01:48:07,9
508,Delivered,00:48:00,47
2740,Delivered,12:50:05,2
7797,Delivered,07:21:02,70
575,Delivered,21:27:43,46
3705,Delivered,22:25:06,68
6705,In transit,,12
2689,Delivered,15:26:59,17
4350,Delivered,19:41:17,45
4025,Delivered,22:48:25,24
3733,In transit,,27
4898,Delivered,23:50:16,38
5640,Delivered,12:48:38,68
5682,In transit,,68
1428,Delivered,16:44:12,40
7652,Delivered,20:12:26,68
198,Delivered,21:13:03,40
7700,Delivered,17:09:16,41
1144,Delivered,21:07:14,36
2741,Delivered,11:50:56,2
8298,Delivered,22:49:39,22
7629,In transit,,16
1781,In transit,,42
5270,Delivered,11:50:22,57
5418,Delivered,16:04:26,18
5005,In transit,,39
6698,Delivered,21:24:53,44
2697,Delivered,14:31:23,38
2830,Delivered,14:30:42,47
1399,Delivered,14:16:10,66
5382,Failed,,43
398,Delivered,11:29:54,4
8888,Delivered,14:38:25,39
270,Delivered,23:07:47,47
7950,Delivered,18:40:00,26
3635,Delivered,15:42:36,16
2852,Delivered,23:18:59,35
1075,Delivered,13:53:10,42
7428,In transit,,7
6553,Failed,,64
6611,Delivered,07:46:47,64
6171,Delivered,18:46:59,7
5211,Delivered,18:42:44,8
3127,Failed,,23
2522,Delivered,15:20:44,5
6892,Delivered,22:52:29,30
5415,Delivered,12:53:52,51
8348,In transit,,45
2658,Delivered,19:50:04,38
7136,Delivered,16:02:21,32
1901,Delivered,15:52:44,26
2747,Failed,,61
3836,Delivered,18:09:26,26
2402,In transit,,63
3630,Delivered,06:44:31,68
8409,Delivered,15:08:23,14
6563,Delivered,13:18:21,22
1767,Delivered,13:36:24,12
6858,Delivered,15:09:57,45
1412,Delivered,21:57:13,21
6933,Delivered,07:47:40,11
5618,Delivered,10:32:38,59
4546,Delivered,21:59:36,7
7237,In transit,,14
1572,Delivered,16:56:55,48
3700,Delivered,16:34:26,11
6771,Delivered,21:51:44,6
8089,Delivered,21:35:16,38
335,Delivered,23:52:07,35
2139,Failed,,67
8679,Delivered,10:53:47,16
8027,Delivered,11:52:52,59
7074,In transit,,31
1009,Failed,,61
5112,In transit,,53
7824,Failed,,53
6739,Delivered,22:25:04,69
1818,Delivered,16:30:15,46
8090,Delivered,08:02:16,43
720,Delivered,06:28:27,42
6166,Delivered,02:38:21,15
5371,Delivered,10:04:29,24
6649,Delivered,11:14:25,21
8264,Delivered,23:20:20,14
8848,In transit,,26
3796,In transit,,22
3193,Delivered,14:35:02,63
5958,Delivered,09:52:26,55
3514,Delivered,18:14:58,33
1807,In transit,,62
3794,In transit,,67
3018,Delivered,22:17:31,38
3842,Delivered,09:56:32,40
3337,Delivered,16:56:23,57
8259,Delivered,11:22:44,16
6065,In transit,,2
1622,Delivered,19:03:38,68
7327,Delivered,11:03:55,13
2907,Delivered,14:23:16,32
8588,In transit,,41
7332,Delivered,14:19:10,44
5834,Delivered,19:36:42,47
2646,Delivered,20:37:00,48
6508,Delivered,20:21:34,34
3006,Delivered,23:50:20,58
4775,Delivered,18:12:02,21
6675,Delivered,20:59:05,49
8331,Delivered,14:18:09,46
8643,Delivered,14:20:57,35
2709,Delivered,21:14:51,39
6652,Delivered,09:30:50,3
336,In transit,,37
5537,Delivered,16:42:14,40
5994,Delivered,08:04:57,15
8720,Delivered,20:36:40,60
1344,Failed,,41
7537,Delivered,21:30:41,30
8144,In transit,,62
7189,Delivered,08:27:18,9
8619,Delivered,03:49:04,14
286,Delivered,23:45:18,43
8312,Delivered,11:45:01,31
8349,Delivered,20:48:35,10
7677,Delivered,20:02:25,52
3912,Delivered,00:12:47,9
4171,Delivered,14:32:03,7
923,Delivered,17:13:33,64
3595,Delivered,17:45:11,69
2032,In transit,,10
140,Delivered,20:29:45,66
5546,Delivered,06:28:33,2
6847,Delivered,14:04:13,2
8717,In transit,,63
3146,Delivered,22:31:52,47
7633,In transit,,38
8338,Delivered,08:10:07,14
3259,Failed,,19
5246,Delivered,22:32:31,23
6861,Delivered,19:56:38,65
4596,Delivered,15:19:03,37
7622,Delivered,20:55:44,22
3364,Delivered,12:55:56,65
3198,Delivered,16:02:32,43
7475,Failed,,4
684,Delivered,14:16:50,32
8263,Delivered,20:23:22,43
4139,Delivered,17:10:31,68
4844,Delivered,01:22:44,25
8821,In transit,,5
4032,Delivered,18:04:30,28
8740,Delivered,02:47:05,57
8471,Failed,,61
2812,Delivered,14:45:21,49
1693,Delivered,16:50:05,9
623,Delivered,00:34:34,41
7892,Delivered,16:10:28,62
8972,In transit,,43
876,Delivered,18:32:31,38
4597,Delivered,16:38:38,6
489,Delivered,19:47:37,12
8335,Delivered,22:51:24,61
8678,Failed,,54
2344,Failed,,44
7688,Delivered,00:21:52,27
4951,Delivered,15:06:57,53
8427,Delivered,16:04:30,45
7158,Delivered,14:23:26,27
3906,Delivered,18:20:17,68
6896,Delivered,01:31:06,46
1208,Delivered,02:27:08,65
193,Delivered,00:41:24,69
8166,Delivered,00:30:44,46
494,Delivered,22:15:44,37
3264,Delivered,18:47:26,60
1699,Delivered,14:50:53,10
7250,Delivered,08:15:53,51
1496,Delivered,14:21:33,26
3837,Failed,,38
4581,Delivered,00:51:21,70
3351,Failed,,18
5433,Delivered,17:10:57,50
2444,Delivered,07:21:43,37
8630,Delivered,15:15:39,51
7828,Delivered,23:59:28,42
4958,Delivered,09:06:01,34
8701,In transit,,70
3924,Delivered,21:20:21,68
2071,Failed,,24
2387,Delivered,22:49:57,33
2183,Delivered,12:01:13,59
1793,Delivered,20:17:26,65
5733,Delivered,14:14:39,60
7811,Delivered,22:33:45,53
3792,Delivered,11:02:34,12
2375,Delivered,09:09:08,36
5837,Delivered,17:51:42,43
7236,Delivered,16:36:40,30
1890,Delivered,15:10:19,16
2301,Delivered,00:23:50,58
5598,Failed,,4
6660,Delivered,19:07:19,14
8365,Delivered,20:47:30,18
3815,Delivered,10:08:41,46
3866,Delivered,21:14:19,24
8016,Delivered,02:49:29,32
5796,Delivered,21:54:45,34
8861,Delivered,07:44:13,26
8189,Delivered,11:21:37,35
6421,Delivered,06:01:46,30
4875,Delivered,19:16:37,36
394,Delivered,23:23:04,55
882,Delivered,18:13:45,54
1501,Delivered,20:15:34,45
463,Delivered,22:34:04,59
5103,Delivered,15:59:32,36
8928,Delivered,23:49:54,54
872,In transit,,8
7801,In transit,,27
1374,Failed,,43
2606,Delivered,20:13:03,32
6852,Delivered,15:29:16,47
1386,Delivered,20:37:51,19
4243,Delivered,13:05:33,64
5352,In transit,,59
7528,Delivered,16:26:04,37
8830,Delivered,11:38:45,49
1969,Delivered,18:11:29,12
5284,Delivered,10:44:40,18
4560,In transit,,4
4833,In transit,,38
7508,Delivered,09:56:53,62
8461,In transit,,64
2658,Delivered,22:50:04,48
7754,In transit,,37
7657,In transit,,42
3193,Delivered,17:35:02,19
1118,Delivered,16:29:52,27
2695,Delivered,16:58:03,36
4238,Delivered,20:42:39,14
875,Delivered,18:42:58,27
4218,Delivered,22:24:07,31
6752,Delivered,21:02:17,36
3911,Delivered,19:14:23,57
3390,Delivered,23:44:47,21
5058,Delivered,23:46:26,68
655,Failed,,63
3743,Delivered,19:53:18,58
5433,In transit,,70
4972,In transit,,29
3544,Delivered,17:41:56,54
1487,In transit,,4
8115,Delivered,18:44:56,30
4460,Delivered,14:09:20,34
5076,Delivered,22:49:08,8
1508,Delivered,18:12:44,53
2689,Delivered,15:26:59,22
8265,Delivered,21:16:28,69
2532,Delivered,11:22:37,31
6072,Delivered,17:06:15,67
7265,Delivered,13:42:26,21
7871,Delivered,17:48:51,9
332,Delivered,23:50:33,4
1221,Delivered,16:19:41,52
4067,Delivered,09:12:08,46
6841,Delivered,08:41:36,39
5560,Delivered,17:37:27,34
7349,Delivered,18:00:07,10
8368,Delivered,00:11:11,24
1588,Delivered,08:15:06,43
3090,Delivered,17:40:32,9
2169,Delivered,00:40:54,39
7395,Failed,,44
6679,Delivered,12:24:17,1
885,Delivered,17:43:13,24
1004,Delivered,21:50:45,57
1081,In transit,,50
4274,In transit,,52
5572,In transit,,51
2222,Delivered,11:51:16,53
4819,Failed,,56
2486,Delivered,00:37:08,23
8487,In transit,,23
2135,Delivered,10:11:24,57
523,Delivered,19:01:14,40
5605,Delivered,19:51:58,41
4720,Delivered,18:36:51,58
2371,In transit,,48
5504,Failed,,54
4715,Delivered,18:28:31,21
3546,Delivered,02:18:19,26
3013,Delivered,12:20:56,37
2955,Delivered,18:53:59,17
2676,Failed,,53
2907,Delivered,11:23:16,25
2918,Delivered,20:12:39,10
6571,In transit,,29
2912,Delivered,21:52:32,9
7828,Delivered,21:59:28,48
7111,Delivered,19:57:43,12
5728,Delivered,00:44:29,7
7944,Delivered,14:46:06,30
6850,Delivered,00:39:23,4
4473,Delivered,22:30:21,28
6130,In transit,,51
5288,Delivered,12:59:57,6
454,Delivered,08:48:10,58
7909,Delivered,15:07:43,21
7584,Delivered,22:38:19,9
1051,In transit,,24
5065,Delivered,18:50:22,56
5818,Delivered,13:16:42,65
5656,Delivered,14:20:51,44
2616,Delivered,19:53:51,60
3978,Delivered,19:32:22,59
5883,Delivered,17:20:06,40
407,Delivered,19:37:08,36
550,Delivered,01:38:05,70
3136,Delivered,18:24:21,3
5585,Delivered,02:06:08,26
1651,Delivered,14:02:25,53
8612,Delivered,01:41:29,11
7992,Delivered,22:20:51,27
1604,Delivered,18:55:01,19
8634,Failed,,9
2079,Delivered,22:45:59,37
8678,Delivered,21:19:30,62
7751,Delivered,19:22:21,37
8329,Delivered,10:42:51,61
790,Delivered,20:31:38,29
6284,Delivered,01:18:36,4
8610,Delivered,10:27:47,63
4980,Delivered,09:27:26,12
7566,Delivered,14:20:21,43
8793,Delivered,02:55:32,24
7601,Delivered,08:35:44,18
4838,Delivered,00:00:53,48
2953,Delivered,22:48:25,17
6011,Delivered,21:48:00,14
2571,Delivered,15:26:14,27
8835,Delivered,15:36:47,35
5903,Delivered,21:35:29,5
4469,Delivered,16:27:13,39
870,Delivered,03:06:40,6
5820,Delivered,00:13:58,45
3013,Delivered,14:20:56,12
4453,In transit,,43
2884,Failed,,3
8974,Delivered,19:00:47,14
4748,In transit,,39
540,Failed,,51
3949,Delivered,23:20:43,48
6829,Delivered,13:55:07,44
8686,Delivered,23:27:57,22
4854,Delivered,08:48:18,43
4692,Delivered,15:44:39,11
2765,Delivered,16:15:32,35
297,In transit,,68
5237,In transit,,38
7596,Delivered,12:28:11,19
110,Delivered,01:48:31,66
2420,Delivered,19:05:55,51
2403,Delivered,17:50:58,42
4289,Delivered,14:23:12,22
199,In transit,,23
7311,Delivered,11:28:32,4
3997,Delivered,19:42:55,31
477,In transit,,53
3676,Delivered,12:11:42,27
4421,Delivered,01:36:27,34
4810,Delivered,16:34:20,54
5327,Delivered,16:12:19,19
1807,Delivered,23:23:06,4
1506,Delivered,20:57:10,65
2005,Delivered,21:56:54,15
6397,Failed,,22
8721,Delivered,09:46:13,70
8500,Delivered,17:08:31,26
7560,Delivered,07:57:35,3
5150,Delivered,15:55:52,40
1617,In transit,,38
1820,Delivered,19:08:24,7
5954,Failed,,29
4595,In transit,,20
5683,Delivered,13:46:20,9
2485,Delivered,18:54:26,43
2485,Delivered,17:54:26,35
5334,In transit,,5
7573,Delivered,14:02:57,53
8024,Delivered,22:22:10,50
2854,Delivered,08:31:30,42
8091,In transit,,22
2624,Delivered,18:33:27,25
8726,Failed,,26
8323,Delivered,08:20:42,49
7220,Delivered,22:53:46,18
4036,Delivered,15:31:53,42
3407,Delivered,23:53:35,48
5834,In transit,,62
7837,Delivered,23:25:34,28
7001,Delivered,15:59:36,53
450,Delivered,07:46:27,9
1649,Delivered,23:37:00,26
4680,Failed,,51
6567,Delivered,19:26:02,45
1803,Failed,,16
2239,Delivered,14:09:11,2
8657,Delivered,16:44:59,4
4143,Delivered,16:42:03,4
6635,Delivered,10:33:37,70
631,Delivered,16:52:12,48
7799,Delivered,08:44:35,39
518,Delivered,17:29:59,41
1459,Delivered,15:47:51,30
487,Delivered,00:40:31,26
3858,In transit,,62
5446,Delivered,20:33:32,63
8402,In transit,,28
1592,Delivered,12:42:27,43
5168,Delivered,18:57:36,12
1463,Delivered,10:38:47,55
2414,Delivered,11:26:38,39
6830,Delivered,16:44:44,8
4861,Delivered,15:27:39,46
3225,Delivered,13:48:07,22
7585,Delivered,21:07:43,59
6403,Delivered,23:50:18,7
1172,Delivered,09:52:30,1
3608,Delivered,17:39:51,33
4369,Delivered,13:39:09,44
2430,Delivered,09:51:20,49
2420,Delivered,15:05:55,20
200,Delivered,10:03:26,60
6052,Delivered,00:27:43,2
6095,Failed,,40
607,Delivered,14:43:29,40
325,In transit,,9
2699,Delivered,06:44:14,20
5703,Delivered,00:10:44,1
4598,Delivered,00:10:31,21
5539,Delivered,14:12:43,54
6885,Delivered,18:50:17,55
2896,Delivered,16:13:33,51
705,Delivered,21:11:55,21
1033,Delivered,14:01:17,56
4777,Delivered,11:56:34,1
1591,In transit,,13
1820,Delivered,22:08:24,24
6030,Delivered,12:20:24,68
2644,In transit,,65
488,Delivered,00:53:28,58
3927,Delivered,03:50:52,62
299,Failed,,45
6099,Delivered,19:05:17,12
3797,Delivered,07:18:01,36
6356,Delivered,10:23:46,66
1003,Delivered,07:28:36,15
7651,Delivered,21:56:13,7
2696,Delivered,20:42:42,67
2915,In transit,,65
4098,Delivered,16:17:28,56
4232,Delivered,14:18:02,56
8767,Delivered,15:51:12,42
453,Delivered,10:21:45,50
1012,Delivered,12:23:54,16
5225,Delivered,18:28:34,50
4089,Delivered,09:57:57,14
4429,Delivered,16:22:13,28
6456,Delivered,22:58:33,2
2039,Delivered,19:01:47,48
4901,Delivered,01:06:02,34
2982,Delivered,23:04:39,43
755,Delivered,15:49:26,16
380,Delivered,21:23:24,13
451,Delivered,10:50:04,39
7514,In transit,,13
572,Delivered,15:05:05,27
6414,Delivered,12:33:38,2
4094,Delivered,12:59:25,59
3028,Delivered,19:02:00,28
722,Failed,,8
2062,Delivered,11:57:07,15
8339,Delivered,19:16:09,42
7788,Delivered,11:33:51,12
2525,Delivered,22:46:02,41
2526,Delivered,00:50:33,22
7268,Delivered,12:48:56,29
2786,Delivered,23:50:03,29
1956,In transit,,67
4078,In transit,,42
8401,In transit,,36
1412,Delivered,20:57:13,11
3792,Delivered,11:02:34,32
2533,In transit,,37
1260,Delivered,12:46:10,30
21,In transit,,56
1679,Delivered,12:52:20,45
516,Delivered,14:39:25,15
951,Delivered,15:07:01,7
2547,Delivered,23:53:27,35
269,Delivered,11:12:59,6
5704,Delivered,17:47:48,45
3085,Delivered,13:32:37,19
5268,Delivered,18:21:38,3
3399,Failed,,58
1162,Delivered,16:35:22,20
3906,In transit,,25
3860,Delivered,01:49:45,31
1935,Delivered,17:59:56,6
641,Delivered,14:46:39,35
658,In transit,,69
8869,Delivered,07:50:10,18
7946,Delivered,19:58:17,1
4346,Delivered,15:09:23,25
4581,Failed,,42
7453,Delivered,19:57:34,11
1103,Failed,,12
5089,Delivered,11:04:38,25
548,Delivered,16:02:43,61
8130,Delivered,12:14:25,67
989,Delivered,20:11:28,59
4729,Delivered,23:14:11,53
6597,Delivered,14:26:10,67
8898,Delivered,15:42:14,1
7441,Delivered,01:41:21,15
7856,Delivered,15:39:15,18
8029,Delivered,11:04:09,47
2683,Delivered,14:57:48,58
6509,In transit,,51
3638,Delivered,16:46:40,60
4945,Delivered,14:40:56,35
1414,Delivered,18:15:02,66
130,Delivered,14:33:46,26
2503,Delivered,19:45:34,39
5890,Delivered,19:36:00,44
920,Delivered,02:13:17,18
693,Delivered,10:17:21,22
1900,Delivered,13:25:27,28
2336,Delivered,12:57:11,41
1880,Delivered,15:06:20,21
4640,Delivered,20:47:16,40
2167,Delivered,09:43:31,16
6350,In transit,,61
1275,Delivered,11:52:48,5
6257,Delivered,01:13:57,52
6964,Delivered,20:31:50,66
8888,Delivered,16:38:25,35
4182,Delivered,16:03:03,31
5359,Delivered,00:43:30,56
8415,Delivered,21:51:41,29
4682,Delivered,10:38:46,67
8960,Delivered,18:13:07,34
7525,Delivered,22:23:41,17
3552,Delivered,13:46:26,10
7308,Delivered,21:24:43,11
8820,Delivered,15:25:59,7
7637,Delivered,22:47:18,24
7542,Delivered,11:51:53,18
6136,In transit,,31
2352,Delivered,06:15:55,4
4384,Delivered,23:43:57,5
6865,Failed,,28
4811,In transit,,56
83,Delivered,14:56:04,7
27,Delivered,17:28:17,19
965,Delivered,13:01:43,36
4972,Failed,,55
8869,Delivered,09:50:10,26
4609,In transit,,63
6295,Delivered,18:18:49,44
5619,Delivered,22:52:58,63
1974,Delivered,15:51:56,48
1823,Delivered,14:28:41,52
8245,Delivered,01:43:26,44
5566,Delivered,09:40:10,7
3961,Delivered,14:47:15,18
7569,Delivered,12:26:35,2
7526,Delivered,14:48:57,28
77,Delivered,02:23:07,63
2489,Delivered,09:55:47,4
4267,Delivered,12:05:28,6
6247,Delivered,11:06:50,50
2825,Delivered,22:37:23,30
5888,Delivered,18:29:39,70
341,Delivered,17:23:36,41
7803,Delivered,01:26:26,18
4215,Delivered,11:12:36,30
3529,Delivered,09:31:51,9
2844,Delivered,22:51:20,68
5156,Delivered,21:18:09,28
7799,Delivered,07:44:35,16
8875,Delivered,21:43:39,21
6947,In transit,,51
4043,Delivered,09:00:17,12
7443,Delivered,09:04:49,31
7253,Delivered,09:20:57,6
207,Failed,,47
8941,Delivered,01:44:15,1
4198,Delivered,10:13:04,14
8153,Delivered,18:25:50,69
4875,Delivered,18:16:37,68
5640,Delivered,12:48:38,46
1463,Delivered,12:38:47,30
4076,Delivered,19:55:14,42
8019,In transit,,16
6733,Delivered,18:35:44,23
6188,Delivered,13:22:44,21
1446,Delivered,20:34:58,40
1767,Failed,,33
5756,Delivered,15:24:50,35
6756,Delivered,15:31:40,68
8949,Delivered,14:11:47,33
5305,Delivered,14:04:38,30
6775,Delivered,23:48:44,15
4098,Delivered,17:17:28,34
8652,Delivered,22:25:58,27
3365,Delivered,20:25:13,38
3571,Delivered,12:13:33,69
6357,In transit,,1
859,Delivered,20:46:39,52
6888,Delivered,17:18:22,20
7576,Delivered,19:42:54,23
207,Delivered,21:39:23,64
7283,Delivered,17:56:57,15
7869,Delivered,16:14:17,10
6476,Delivered,00:30:16,3
497,Delivered,10:25:19,40
7504,Delivered,22:52:43,70
8922,In transit,,41
5462,Delivered,14:46:59,50
8221,Delivered,19:08:36,9
8985,Delivered,00:34:00,48
3722,Delivered,18:25:53,56
3891,Delivered,13:12:33,30
1762,Delivered,19:05:54,16
6957,Delivered,19:34:31,8
8775,In transit,,17
5608,Delivered,09:39:39,28
66,Failed,,6
3557,Failed,,18
3106,Delivered,13:34:09,47
8464,Delivered,14:38:48,3
5869,Delivered,22:27:40,8
1499,Delivered,11:28:50,58
5279,Delivered,15:57:56,30
916,Delivered,23:06:31,33
498,Delivered,23:27:06,2
328,Delivered,14:01:32,4
1832,In transit,,12
8843,Delivered,18:20:42,59
2180,In transit,,54
8078,Failed,,33
1972,Delivered,19:54:27,19
151,Delivered,00:12:51,1
550,Delivered,23:38:05,30
2961,In transit,,41
8792,Delivered,10:16:44,62
8779,Delivered,23:12:35,22
1407,In transit,,35
5930,Delivered,10:41:45,21
3887,Delivered,11:24:16,58
5123,Failed,,61
4397,Delivered,22:36:10,51
7048,Delivered,16:37:50,3
4982,Delivered,11:09:06,52
6755,Delivered,09:29:47,25
7177,Failed,,20
8419,Delivered,16:51:41,52
158,Delivered,01:52:29,17
4178,Delivered,09:34:38,44
5063,Delivered,07:30:18,60
6953,Delivered,06:07:10,27
1703,Delivered,21:21:33,39
3912,Delivered,23:12:47,10
6193,Failed,,9
6023,Failed,,64
7164,Delivered,07:46:55,9
6804,Delivered,18:10:33,57
7702,Failed,,41
8989,Delivered,07:00:56,63
6711,Delivered,16:03:40,40
4043,Delivered,10:00:17,40
4797,Delivered,12:17:36,19
8668,Delivered,23:20:13,25
2530,Delivered,08:02:57,56
937,Failed,,46
7136,In transit,,36
5736,Delivered,01:05:59,70
6170,In transit,,7
7058,In transit,,46
281,Delivered,23:13:19,53
421,Delivered,19:21:57,60
8615,In transit,,12
689,Delivered,21:54:42,47
362,Delivered,21:13:23,59
4115,Delivered,22:18:30,26
3705,Delivered,03:25:06,23
3693,In transit,,31
7798,In transit,,64
5383,Delivered,16:46:52,18
3148,Delivered,02:39:49,70
4540,Delivered,21:15:00,41
6995,Delivered,18:09:17,64
6578,Delivered,14:57:52,19
4336,Delivered,15:15:10,40
7233,Failed,,22
95,In transit,,58
5090,Delivered,13:19:58,57
4447,Delivered,18:59:51,16
3424,Delivered,13:20:33,29
7728,Delivered,21:33:43,47
8468,Failed,,29
1903,Delivered,21:26:29,45
8460,Delivered,11:11:05,66
1226,In transit,,22
5288,Delivered,11:59:57,43
7613,Delivered,01:31:21,52
8444,Delivered,21:28:27,1
2335,Delivered,20:37:38,65
4198,Delivered,09:13:04,24
903,Delivered,18:33:23,38
1475,Delivered,22:04:22,24
2504,Delivered,12:41:07,61
4699,Delivered,13:33:53,56
7980,Delivered,19:10:52,43
3859,Delivered,22:43:02,32
2207,In transit,,45
6125,Delivered,19:51:48,51
918,Delivered,18:00:14,17
7205,Delivered,23:54:28,4
4186,Delivered,19:21:22,6
4662,Delivered,13:10:08,45
5562,Failed,,22
3870,Delivered,23:27:28,52
7208,In transit,,63
8982,Delivered,17:41:24,11
8310,Delivered,19:46:55,19
7346,Delivered,21:42:22,70
7412,Delivered,12:34:15,37
8036,Delivered,09:37:33,53
1122,Delivered,15:03:42,46
3307,Delivered,19:04:07,8
7548,Delivered,19:44:18,36
8540,Failed,,7
1672,Delivered,11:40:20,16
3735,In transit,,20
4822,Delivered,01:21:51,45
5439,Failed,,68
4426,In transit,,38
5466,Delivered,10:07:13,64
7009,Delivered,17:07:51,67
3672,In transit,,19
5877,Delivered,16:59:32,70
1907,Delivered,12:36:12,57
2496,Delivered,21:45:05,1
6079,Delivered,14:59:25,24
348,Delivered,07:54:21,57
8343,Delivered,18:26:10,16
2878,In transit,,54
1489,Delivered,11:47:55,68
3248,Delivered,02:18:26,32
1592,Delivered,09:42:27,48
2571,In transit,,63
578,Delivered,21:42:41,5
3183,In transit,,46
5011,Delivered,08:52:36,68
7976,Delivered,13:32:53,1
3651,Delivered,11:44:26,60
2152,In transit,,50
6165,In transit,,59
5908,Delivered,11:15:08,17
8543,In transit,,58
2200,Delivered,21:53:07,47
2214,Delivered,10:53:26,68
5559,Delivered,17:09:26,12
7784,In transit,,47
5994,In transit,,26
6284,Delivered,00:18:36,12
4420,Delivered,21:06:29,2
5852,Delivered,12:37:37,15
3517,Delivered,18:55:18,33
4432,Delivered,20:46:08,26
5799,Delivered,14:30:36,69
6322,Delivered,00:42:37,47
253,Delivered,08:17:30,37
3613,In transit,,20
6607,Delivered,00:06:28,2
1136,In transit,,55
6059,Delivered,08:16:37,45
5665,Delivered,22:01:53,19
7053,Delivered,10:02:21,64
7200,Delivered,01:21:57,44
4194,Delivered,14:07:21,38
7780,Delivered,00:36:10,23
126,In transit,,30
8057,Delivered,00:50:34,34
171,Delivered,12:50:43,38
7244,Delivered,11:11:54,24
427,In transit,,6
4267,Delivered,12:05:28,52
4291,Delivered,07:15:53,42
5975,Delivered,16:05:48,18
449,In transit,,69
195,Delivered,09:02:56,37
7097,Delivered,21:03:24,7
111,Delivered,15:56:06,58
8946,In transit,,29
5458,Delivered,15:14:07,11
3295,Delivered,16:55:44,2
4141,Delivered,14:57:39,31
5483,Delivered,17:17:41,69
4782,Delivered,23:33:28,56
7567,Delivered,11:35:43,22
1395,Delivered,02:57:03,4
8429,Delivered,17:32:49,4
4214,Delivered,09:21:10,31
4334,Delivered,21:23:51,12
5194,Delivered,16:48:59,8
1565,Delivered,01:48:57,4
8026,Failed,,13
2403,Delivered,12:50:58,43
4436,Delivered,10:06:51,48
6159,Delivered,07:01:21,12
6498,In transit,,40
5825,Delivered,19:45:26,35
8994,Delivered,16:08:06,17
118,Delivered,09:32:26,28
489,Delivered,20:47:37,2
5825,Delivered,15:45:26,54
2360,Delivered,18:28:28,70
1168,Delivered,12:38:20,41
7337,Delivered,14:41:03,36
3026,Delivered,09:44:06,14
7827,In transit,,12
396,Delivered,15:09:01,40
373,Delivered,17:35:25,62
6659,In transit,,46
1330,Delivered,20:14:32,67
2342,Failed,,10
7702,Delivered,23:52:45,65
6431,Delivered,16:32:01,16
832,Delivered,14:06:28,64
4051,Delivered,14:01:50,27
3654,In transit,,30
3942,Delivered,15:20:42,29
2032,Delivered,23:50:42,36
4968,Failed,,59
4493,Delivered,22:52:57,24
3561,Failed,,47
1936,Failed,,32
55,Delivered,15:04:28,40
4888,Delivered,20:06:48,26
6303,Delivered,23:42:58,51
5507,Delivered,15:16:02,55
1259,Delivered,09:11:13,19
7288,Delivered,11:42:18,29
3953,Delivered,09:11:01,52
3595,Delivered,18:45:11,5
7489,In transit,,4
7654,Delivered,02:31:50,57
4215,Failed,,49
765,Delivered,18:37:24,43
7903,Delivered,21:23:18,67
8858,Delivered,15:31:05,39
361,Delivered,15:19:00,70
2012,Delivered,01:15:21,63
1678,Delivered,12:46:53,3
3456,Delivered,22:31:02,13
3430,Delivered,13:47:31,69
4266,Delivered,20:51:07,29
5049,Delivered,20:36:15,51
4068,Delivered,14:20:50,14
2763,Delivered,08:58:48,20
4140,Delivered,19:32:09,60
1861,In transit,,60
650,Delivered,20:00:33,21
6737,In transit,,48
5314,In transit,,66
510,Delivered,03:58:14,25
3214,Delivered,18:11:12,56
2261,Delivered,06:39:15,8
3503,Delivered,11:46:15,38
6120,Delivered,15:35:51,36
8075,Delivered,21:38:43,49
6716,In transit,,58
6004,Delivered,14:17:43,54
1427,In transit,,25
8078,Delivered,12:57:51,62
8098,Delivered,13:30:03,57
7633,Delivered,18:23:01,70
7369,Delivered,17:21:28,47
2558,Delivered,22:56:18,24
4868,Delivered,17:41:18,1
1927,Delivered,18:38:37,25
5884,Delivered,19:36:17,21
8546,Delivered,16:47:14,36
3928,Delivered,18:49:35,17
7077,Delivered,02:31:40,23
7038,Delivered,12:31:54,61
3297,Delivered,19:05:30,17
5788,Delivered,01:17:43,20
2206,Delivered,10:22:14,30
8993,Delivered,17:06:32,18
1428,Delivered,16:44:12,5
5573,In transit,,18
2069,Delivered,22:54:11,4
5165,Delivered,18:46:02,48
312,Delivered,07:56:09,7
2950,Delivered,14:45:58,4
8494,Delivered,09:21:26,32
4664,Delivered,22:54:57,60
7867,Delivered,18:04:27,63
5240,Delivered,12:47:34,9
487,Delivered,02:40:31,30
1701,Delivered,14:07:18,36
6228,In transit,,19
7894,In transit,,46
5183,In transit,,70
4757,In transit,,60
5541,Delivered,20:24:40,2
4385,In transit,,19
8878,Delivered,23:39:03,26
3725,Delivered,14:40:41,19
4483,Delivered,13:24:42,43
6950,Delivered,16:40:01,49
4089,Delivered,09:57:57,39
4797,Delivered,14:17:36,60
6711,In transit,,11
1952,Delivered,12:58:32,37
1636,Delivered,19:09:18,15
941,Delivered,19:30:13,57
2545,Delivered,20:06:14,50
1928,Delivered,18:20:38,37
2190,Delivered,09:48:38,56
61,Delivered,17:02:54,11
2388,Delivered,10:57:52,61
7065,In transit,,9
2217,Delivered,12:47:08,54
5618,Delivered,12:32:38,10
2010,Delivered,09:30:01,20
6641,Delivered,14:57:41,6
6140,Delivered,00:47:32,68
1547,Delivered,15:11:26,4
1510,Failed,,51
7702,Delivered,02:52:45,66
6463,In transit,,29
3703,Delivered,22:05:24,12
1410,Delivered,23:18:16,33
5577,Delivered,00:40:27,56
1020,Delivered,01:54:32,60
4677,Delivered,17:22:21,43
8283,Delivered,21:38:23,57
4759,Delivered,12:37:53,3
8566,In transit,,38
1359,Delivered,21:29:23,2
4761,Delivered,15:41:38,3
4164,Delivered,20:05:01,13
6848,Failed,,12
6052,Delivered,21:27:43,27
4986,Delivered,15:41:17,19
1727,Delivered,14:18:20,28
3141,Delivered,10:51:01,39
5856,Delivered,20:21:51,6
2342,Delivered,14:19:53,65
1794,Delivered,18:20:50,30
2990,Delivered,14:32:42,64
6152,Delivered,20:43:21,34
4767,Delivered,08:38:07,11
4746,Delivered,16:58:22,58
1587,Delivered,12:01:48,11
3400,In transit,,6
8921,Delivered,12:11:10,62
1430,Delivered,07:56:55,13
7838,Delivered,11:19:50,41
7835,Delivered,15:48:44,43
6553,Delivered,12:32:38,35
7533,Delivered,19:23:52,27
4321,Delivered,11:29:07,13
2018,Delivered,12:50:26,59
7714,In transit,,9
7975,Delivered,15:12:10,48
6584,Failed,,15
8640,Delivered,09:07:27,46
8192,Delivered,22:40:40,62
8712,Delivered,12:22:10,30
2494,Delivered,13:07:29,57
2000,Delivered,22:36:04,16
2839,Delivered,15:16:57,32
7607,Delivered,22:59:35,29
3885,Delivered,20:22:09,5
6517,Delivered,11:38:01,9
532,Delivered,10:40:13,24
3007,Delivered,17:01:13,24
6444,Delivered,08:14:15,61
867,Delivered,01:37:09,28
6932,Delivered,00:21:13,49
6707,In transit,,25
3870,Failed,,15
1308,Delivered,12:04:24,7
8146,In transit,,21
726,Delivered,11:12:58,63
8669,In transit,,39
2999,Delivered,18:22:26,70
1753,Delivered,10:57:30,14
4012,In transit,,44
3152,Failed,,50
1146,In transit,,16
4504,Delivered,00:02:31,60
4806,In transit,,50
2445,In transit,,20
870,Delivered,00:06:40,15
3689,Delivered,17:42:41,65
7255,Delivered,07:56:44,56
4433,Failed,,26
3884,Delivered,12:27:54,28
1730,Delivered,15:03:46,57
4788,Delivered,09:06:37,45
1887,Delivered,23:28:43,12
275,Delivered,23:19:14,39
4032,Delivered,17:04:30,38
6118,Delivered,19:15:49,66
874,Delivered,13:53:33,8
2079,Delivered,23:45:59,61
3619,Delivered,17:42:33,4
5451,Delivered,09:42:48,7
1724,Delivered,18:18:06,44
5029,Delivered,13:01:21,46
1083,Delivered,14:30:20,16
756,In transit,,64
2327,Delivered,17:34:18,49
659,Delivered,14:20:07,40
7736,Delivered,14:11:19,8
1290,In transit,,52
4590,In transit,,5
7405,Delivered,09:15:44,53
3989,Delivered,14:18:37,22
4875,Delivered,20:16:37,51
3426,Delivered,16:45:29,45
5623,Delivered,09:31:28,53
6118,Delivered,19:15:49,70
5404,Delivered,15:14:51,66
120,Delivered,16:23:53,12
3882,Delivered,15:27:58,3
6569,Delivered,20:42:28,64
1111,Delivered,02:21:01,14
358,Failed,,54
3863,Delivered,17:23:58,44
4773,Delivered,09:34:12,61
7484,Delivered,23:13:00,56
8054,Delivered,14:49:41,58
8838,Delivered,21:46:01,27
3744,Delivered,21:12:43,56
8207,Delivered,17:01:15,19
3315,Delivered,23:54:30,22
7361,Delivered,12:26:57,1
6282,Delivered,22:33:12,52
1631,Delivered,00:25:07,35
8118,Delivered,18:27:53,17
2151,Delivered,13:10:44,63
4767,Delivered,11:38:07,62
8419,Delivered,17:51:41,25
6259,Delivered,13:03:01,11
5651,Delivered,21:50:14,43
8625,Delivered,08:09:29,15
1487,Delivered,07:41:48,25
8479,Delivered,15:06:37,60
3127,Delivered,13:27:04,64
1704,Delivered,15:58:27,29
3179,Delivered,08:00:47,16
3453,Delivered,18:46:59,34
1993,Delivered,15:24:42,7
6475,Delivered,13:28:33,46
8102,Delivered,21:21:29,30
1384,Delivered,07:48:14,21
3088,Delivered,17:00:08,36
5788,In transit,,60
979,Delivered,17:42:35,55
785,Delivered,11:20:34,59
6468,Delivered,12:37:52,68
6326,Delivered,11:58:41,64
5290,Failed,,70
6341,Delivered,23:58:14,66
7676,Delivered,08:36:23,57
1296,Delivered,21:33:37,55
1850,Delivered,23:28:06,8
6105,Delivered,17:31:07,16
4924,In transit,,41
2409,Delivered,12:39:10,57
4822,Delivered,01:21:51,70
6252,In transit,,11
2421,Delivered,20:23:07,67
5774,Delivered,14:47:43,58
6931,Delivered,23:00:47,13
5004,Failed,,51
3861,Delivered,22:01:23,38
1915,Delivered,02:51:01,51
1544,In transit,,34
4578,Delivered,12:47:25,33
3985,Delivered,12:15:16,9
8493,Delivered,09:52:17,17
1118,Failed,,49
6417,In transit,,56
324,Delivered,00:06:08,60
8153,Delivered,20:25:50,41
4087,Delivered,20:17:47,55
6424,Delivered,21:29:34,10
3220,Delivered,18:26:41,45
2874,Delivered,17:44:10,23
5560,Delivered,14:37:27,35
6694,Delivered,00:58:14,17
4988,Delivered,23:08:10,29
308,Delivered,21:53:15,58
2983,Delivered,23:55:33,35
2675,Delivered,14:00:21,21
5170,Delivered,18:50:27,3
5900,Delivered,16:27:30,4
7280,Delivered,22:07:54,23
2610,Delivered,11:00:39,22
5806,Delivered,22:49:22,40
4298,Delivered,17:21:39,66
8267,Delivered,22:53:21,14
1606,Delivered,22:48:52,53
4853,In transit,,21
4422,Delivered,22:49:46,49
8369,In transit,,35
7130,Delivered,22:41:32,49
4441,In transit,,68
1341,Delivered,12:10:34,2
8143,In transit,,23
3715,In transit,,28
3327,In transit,,55
1930,Delivered,22:36:28,27
8666,Delivered,12:03:36,29
6925,Delivered,21:47:26,17
8544,Delivered,03:18:44,42
3461,Delivered,16:52:06,61
2943,Delivered,17:21:33,5
5703,Delivered,02:10:44,19
4046,Delivered,20:42:02,31
5446,Delivered,21:33:32,49
3599,Delivered,15:17:51,54
2881,Delivered,16:40:46,51
5103,Delivered,15:59:32,10
1853,Delivered,22:28:00,19
7865,Delivered,21:45:24,60
5887,In transit,,24
440,Delivered,21:12:11,10
3861,Delivered,23:01:23,2
5436,Delivered,00:53:46,23
4490,Delivered,13:31:15,35
3876,Delivered,16:58:11,20
1597,Delivered,23:00:17,64
6841,In transit,,51
7922,Delivered,14:02:19,64
3200,Delivered,00:00:36,69
8120,Delivered,09:29:32,31
2304,Delivered,21:08:28,17
6716,Delivered,06:26:48,43
5385,Delivered,13:09:33,52
688,In transit,,55
7488,Delivered,15:02:09,1
3693,Delivered,11:39:57,7
2574,Delivered,22:43:01,40
6824,Failed,,37
6919,Delivered,17:36:46,18
6145,In transit,,1
8555,Delivered,12:50:17,9
5113,Delivered,19:21:29,68
5845,Delivered,20:00:37,55
6323,Delivered,21:46:36,39
1531,Delivered,18:54:28,60
2906,Delivered,09:47:34,65
6671,Delivered,12:35:44,60
1877,Delivered,23:20:11,14
5810,Delivered,22:20:42,10
2218,Delivered,00:23:53,46
5085,Delivered,21:50:33,31
5926,Delivered,11:20:31,40
7754,In transit,,65
5634,Delivered,16:07:46,63
8107,Delivered,13:58:29,52
8438,Delivered,22:08:40,31
822,In transit,,31
3254,Delivered,20:51:28,11
7200,Delivered,21:21:57,30
496,Delivered,10:16:09,19
3880,Delivered,19:22:59,17
7986,In transit,,11
3736,In transit,,27
1942,In transit,,37
3863,Delivered,19:23:58,26
2072,Delivered,17:10:42,7
7205,Delivered,03:54:28,24
1996,Delivered,03:49:38,6
4578,Delivered,15:47:25,27
6955,Delivered,09:39:54,2
4449,Delivered,23:20:12,21
2572,Delivered,22:44:39,69
4351,Delivered,18:58:27,1
8956,Delivered,19:14:25,24
4959,Delivered,17:23:27,36
5828,Delivered,18:43:07,28
3092,Delivered,16:58:38,56
798,Delivered,14:52:12,54
8917,Delivered,20:05:05,68
3474,Delivered,19:51:00,38
8254,Delivered,18:40:34,19
710,Delivered,14:16:03,65
4287,Delivered,01:40:34,70
2057,Delivered,09:37:03,27
7773,In transit,,50
2165,Delivered,14:12:02,44
6633,Delivered,00:39:10,54
6498,Delivered,17:04:41,55
2781,Delivered,18:59:14,69
3565,Delivered,13:17:49,57
4518,Delivered,01:43:59,61
7971,Delivered,15:44:55,15
3663,Delivered,18:40:14,1
2601,Delivered,18:16:23,24
7580,Delivered,08:49:15,29
2071,Delivered,09:35:29,14
7915,Delivered,01:01:38,67
5920,Delivered,12:19:38,28
8425,Delivered,22:49:53,5
8463,Delivered,17:23:41,14
3072,Delivered,16:53:56,4
2065,Delivered,12:51:31,46
5698,Delivered,20:34:26,8
4949,In transit,,34
5269,Delivered,10:21:41,27
5683,Delivered,15:46:20,26
6813,Failed,,35
1565,Delivered,21:48:57,53
4440,Delivered,23:50:36,6
2681,Delivered,19:16:49,45
7671,Delivered,12:29:34,36
8345,Delivered,11:07:27,61
8169,Delivered,12:34:06,11
5486,In transit,,32
8493,Delivered,08:52:17,64
5034,Delivered,23:46:46,47
1934,Delivered,22:49:24,31
1497,Delivered,19:15:50,66
1943,Delivered,09:50:57,20
7394,Delivered,18:55:29,32
1085,Delivered,19:53:42,13
804,Delivered,18:14:20,38
3268,In transit,,10
2456,Delivered,01:37:41,52
7546,Delivered,12:16:29,53
88,In transit,,44
4976,Failed,,61
3509,Delivered,16:03:58,35
2185,Delivered,19:38:47,12
2594,Delivered,16:44:19,25
5183,In transit,,58
7055,Delivered,11:21:54,1
1286,Delivered,21:30:05,35
6812,Delivered,13:20:33,23
5642,Delivered,03:35:11,54
2616,Delivered,21:53:51,39
1521,In transit,,64
3784,Delivered,13:22:57,14
2059,Delivered,11:54:16,50
2655,Delivered,01:13:18,11
479,Delivered,20:07:45,54
6425,Delivered,23:01:23,5
521,Delivered,23:08:08,18
3861,Delivered,23:01:23,31
587,Delivered,16:29:45,13
4398,Delivered,18:02:27,67
8927,Delivered,13:13:24,63
8600,Delivered,07:03:00,23
4236,Delivered,18:15:24,15
4053,Delivered,17:59:44,67
4979,Delivered,19:09:33,65
633,In transit,,51
8165,Delivered,12:13:36,16
3081,Delivered,12:23:56,63
6204,Delivered,09:44:26,46
5287,Delivered,11:29:32,69
6973,Delivered,21:38:31,37
7862,Delivered,21:13:49,24
6000,Delivered,01:57:28,50
299,Delivered,18:36:00,50
902,In transit,,49
1496,Delivered,12:21:33,14
5064,In transit,,62
8664,Delivered,01:17:33,16
1801,Delivered,12:40:08,9
7629,Delivered,13:43:39,21
4332,Delivered,22:43:30,14
7340,Delivered,20:13:33,45
2003,In transit,,39
2987,Delivered,15:53:48,19
382,Delivered,17:13:14,45
5862,Delivered,13:10:56,37
2487,Delivered,21:49:02,50
15,Delivered,15:11:15,47
8644,Delivered,17:00:44,52
2730,Delivered,15:31:23,63
2826,Delivered,00:31:50,49
854,Delivered,16:04:27,50
1590,Delivered,11:44:56,15
3157,Delivered,16:23:05,20
6311,Delivered,11:34:29,14
6446,Delivered,11:40:04,50
5301,Delivered,11:04:57,27
2552,Delivered,22:59:34,26
5865,Delivered,23:07:58,12
1052,Delivered,21:48:11,36
533,Delivered,21:36:08,5
335,Delivered,02:52:07,26
6841,Delivered,11:41:36,28
6390,Delivered,01:39:45,19
4062,Delivered,11:29:36,31
3198,Delivered,16:02:32,22
8060,Delivered,22:31:58,9
6434,Delivered,19:06:23,46
1934,Delivered,02:49:24,34
8529,Delivered,11:28:09,17
5526,Delivered,21:11:37,57
5713,In transit,,5
8377,Delivered,15:27:24,11
3594,Delivered,10:01:00,64
6135,Delivered,16:28:25,13
904,Failed,,69
6228,Failed,,53
1923,Delivered,21:59:49,6
2016,Delivered,13:30:41,5
3423,Delivered,11:47:28,7
27,In transit,,49
5265,Delivered,19:40:17,44
3407,Delivered,23:53:35,31
1729,Delivered,13:20:17,1
8662,Delivered,13:11:07,44
243,Delivered,07:21:28,7
7120,Delivered,11:28:20,29
8473,Delivered,07:29:53,2
4623,Delivered,13:24:29,19
1121,Delivered,23:26:56,45
5755,Delivered,23:04:48,57
41,Delivered,14:56:44,47
619,Delivered,17:46:31,10
953,Delivered,19:29:25,20
3492,Delivered,14:41:05,59
1179,Delivered,00:49:57,40
5531,Delivered,20:21:01,12
391,In transit,,69
3055,Delivered,09:22:43,68
6897,Delivered,16:35:26,27
6201,Delivered,19:59:15,19
1335,Delivered,11:37:54,27
4112,Delivered,11:08:59,29
6448,Delivered,17:50:59,19
3996,Delivered,21:07:49,21
3168,Delivered,23:34:03,16
5050,Delivered,13:08:50,19
3115,Delivered,18:01:46,62
174,Delivered,20:53:45,13
1735,Delivered,13:38:46,21
5706,Delivered,19:41:16,56
2389,Delivered,01:00:41,49
2330,Delivered,10:33:30,24
964,Delivered,12:45:54,3
5958,In transit,,53
7245,Delivered,22:19:51,69
384,Delivered,13:28:59,47
499,Delivered,22:24:50,4
2917,Delivered,21:56:01,17
7742,In transit,,2
2574,In transit,,14
1849,Failed,,58
5165,Delivered,13:46:02,8
50,Delivered,13:11:16,1
8518,Delivered,19:08:56,57
3155,Delivered,18:43:51,41
7186,In transit,,66
5345,In transit,,55
874,Delivered,15:53:33,33
7303,Delivered,12:39:35,37
6249,Delivered,01:07:20,20
3629,Delivered,16:08:07,62
3423,Delivered,11:47:28,10
1269,Failed,,12
6689,Delivered,23:05:56,12
3362,Delivered,16:05:22,26
1693,Delivered,17:50:05,70
8050,Delivered,07:41:58,66
1624,Delivered,21:39:14,54
5731,Delivered,20:04:44,65
6063,Delivered,07:04:51,11
6574,Delivered,15:04:38,51
7315,Delivered,17:28:52,39
3236,Delivered,13:11:35,53
8524,Delivered,22:31:31,24
8989,Delivered,12:00:56,47
6950,Delivered,16:40:01,7
1325,Failed,,33
6672,Delivered,15:20:58,68
28,Delivered,15:14:46,33
7278,Delivered,10:40:12,13
3768,Delivered,18:53:27,40
4879,Delivered,03:32:17,47
5693,Delivered,14:39:43,32
5742,Failed,,62
1972,Delivered,15:54:27,70
4049,In transit,,43
7411,Delivered,16:00:59,29
2881,Delivered,20:40:46,48
8470,Delivered,16:36:43,53
2319,Delivered,16:34:26,18
7878,Delivered,23:15:26,29
2170,In transit,,38
388,Delivered,20:22:39,30
5455,In transit,,5
439,Delivered,20:02:05,63
2714,Delivered,19:26:33,19
4746,Delivered,12:58:22,22
3879,Delivered,08:10:06,21
3980,Delivered,08:45:04,29
3423,Delivered,11:47:28,19
8836,Delivered,11:06:06,27
7425,Delivered,14:51:42,18
5463,In transit,,24
3365,Delivered,19:25:13,1
4656,Delivered,18:00:08,7
8212,Delivered,18:49:51,65
4213,Delivered,11:28:05,53
6727,Delivered,09:00:22,5
4831,Delivered,11:12:27,35
377,Delivered,08:29:08,43
8914,Delivered,12:58:52,60
540,Delivered,20:47:57,49
7678,In transit,,31
5007,Delivered,01:30:19,6
2041,In transit,,17
1921,Delivered,10:31:14,45
7997,Delivered,13:49:17,29
5349,Delivered,10:09:04,65
6315,Delivered,18:55:37,45
5252,Delivered,23:43:46,22
8071,Delivered,18:25:21,11
3305,Delivered,15:11:20,66
543,Delivered,11:09:53,38
8926,Delivered,22:48:08,45
6850,Failed,,33
2023,Delivered,17:36:42,45
1952,Delivered,14:58:32,1
683,Delivered,10:54:04,65
4683,Delivered,23:35:51,54
43,In transit,,55
4035,Delivered,18:23:36,38
5481,Delivered,13:14:44,48
6540,Delivered,12:54:32,47
4271,Delivered,12:15:23,1
5940,Delivered,23:29:54,15
5195,In transit,,54
8758,Delivered,21:32:17,14
7427,Delivered,15:19:37,4
8402,Failed,,22
8237,Delivered,16:32:49,66
6387,Delivered,23:47:31,2
3759,Delivered,12:11:51,38
3617,Delivered,16:25:53,69
550,Delivered,22:38:05,7
5555,In transit,,2
2907,Delivered,15:23:16,39
2305,Delivered,01:22:07,13
6895,Failed,,31
1334,Delivered,13:42:02,12
2578,In transit,,15
7459,Failed,,48
2882,Delivered,18:53:22,12
3605,Delivered,13:11:00,40
4449,Delivered,23:20:12,69
1875,Delivered,13:45:44,21
6478,Delivered,14:27:37,14
5588,Delivered,23:17:51,12
8939,Delivered,14:27:05,2
9,Delivered,23:01:40,59
2286,Delivered,20:39:57,16
8260,Delivered,11:44:56,53
7616,In transit,,47
1414,Delivered,19:15:02,32
4508,Delivered,14:32:52,25
4116,Delivered,16:55:22,12
4878,Delivered,16:34:04,2
4264,Delivered,17:56:44,62
7720,Delivered,16:23:27,60
2276,Delivered,19:54:08,21
2787,In transit,,19
194,Delivered,21:45:14,63
8313,Delivered,09:11:25,56
7283,Delivered,19:56:57,48
5446,In transit,,25
1730,In transit,,51
3701,In transit,,58
4425,Delivered,23:42:38,27
6005,Delivered,16:10:19,64
3974,Delivered,15:31:31,37
6561,Delivered,00:23:58,31
2354,In transit,,55
4838,Delivered,20:00:53,46
4146,Delivered,02:42:43,70
6332,Delivered,15:27:41,35
8418,Delivered,02:12:06,24
5781,In transit,,44
8076,In transit,,62
6911,Delivered,21:38:38,43
53,Delivered,19:30:08,51
4454,Delivered,11:40:34,16
2761,In transit,,67
6015,In transit,,65
5002,Delivered,01:05:31,4
2049,Delivered,09:15:59,54
7357,In transit,,68
5317,Delivered,00:50:20,3
1407,Delivered,00:11:10,6
7089,Delivered,14:07:42,67
5089,Delivered,14:04:38,18
8874,Delivered,13:36:36,51
750,Delivered,15:56:14,70
5286,Delivered,11:37:00,3
5969,Delivered,14:20:43,9
4263,Delivered,20:05:40,26
7347,Delivered,20:46:08,58
1575,Delivered,18:29:58,4
2523,Delivered,23:58:46,41
2482,Delivered,22:29:09,34
4745,Delivered,19:34:33,68
2430,In transit,,63
913,Delivered,08:47:24,49
8319,Delivered,20:09:11,9
2372,Delivered,20:26:09,24
4178,Delivered,11:34:38,25
3631,Failed,,25
1570,Delivered,16:19:44,7
2052,Delivered,12:14:01,70
5803,Delivered,14:01:48,44
7422,In transit,,29
5194,Delivered,19:48:59,1
3245,In transit,,46
2206,Delivered,11:22:14,14
1526,Delivered,12:48:14,18
8569,Delivered,23:04:29,27
283,Delivered,21:58:57,6
7141,Delivered,01:24:59,27
3667,Delivered,12:49:41,38
229,Delivered,14:01:47,24
3788,Delivered,09:17:00,39
2106,In transit,,67
2390,In transit,,66
3611,Delivered,18:04:28,55
5341,In transit,,5
3602,Delivered,14:50:12,56
7925,Delivered,21:58:01,37
4580,Delivered,19:37:16,30
8584,Delivered,12:31:40,6
4813,Delivered,10:26:02,19
6708,In transit,,22
1135,Delivered,18:02:10,65
1071,Delivered,16:16:24,48
1039,Delivered,11:32:54,5
1260,Delivered,10:46:10,3
7795,Delivered,15:42:20,46
2742,Delivered,21:25:04,59
8826,Delivered,09:49:27,34
8827,Delivered,17:10:16,57
2322,Delivered,18:51:30,52
5853,Delivered,11:46:13,46
8827,Delivered,16:10:16,10
6745,Delivered,22:04:30,53
6437,Delivered,15:33:28,12
4214,In transit,,2
2590,Delivered,11:24:42,1
5554,Failed,,36
7102,Delivered,11:39:32,17
2153,Delivered,01:28:33,39
2639,Delivered,02:49:36,60
1116,Delivered,15:54:51,62
7200,Delivered,01:21:57,2
8319,Delivered,17:09:11,17
4362,Delivered,19:39:43,19
5332,Delivered,11:16:12,38
3944,Delivered,22:11:30,41
6526,Delivered,10:05:31,21
505,Delivered,12:18:07,11
8930,Delivered,20:56:11,69
8305,Delivered,20:21:54,61
75,Delivered,09:51:36,4
4853,Delivered,13:54:54,7
3843,Delivered,17:04:47,40
4204,Delivered,21:18:01,43
5972,In transit,,68
8458,Delivered,11:13:33,70
3987,In transit,,67
4638,In transit,,63
7124,Delivered,20:07:14,20
3339,Delivered,13:37:00,61
6676,Delivered,11:11:58,18
6951,Delivered,10:29:19,41
3417,Delivered,19:39:42,50
2901,Delivered,22:34:38,19
6340,Delivered,11:39:47,11
5417,Delivered,07:31:52,14
2889,In transit,,33
8970,Delivered,00:13:00,50
4087,Delivered,16:17:47,15
6191,Delivered,17:06:57,12
3564,Delivered,01:47:15,27
6465,Delivered,18:38:14,64
8350,Delivered,20:01:41,62
593,In transit,,15
3211,Delivered,21:39:24,3
4218,In transit,,56
1492,Delivered,12:37:21,53
8177,Delivered,13:41:36,32
8076,Delivered,23:32:02,34
6594,In transit,,36
5934,Delivered,19:12:16,39
6221,In transit,,54
6421,Delivered,11:01:46,30
538,In transit,,34
4083,Failed,,26
6342,Delivered,13:32:10,9
2768,Delivered,10:02:55,12
6466,Failed,,23
7036,Delivered,00:00:54,15
3033,Delivered,11:52:09,68
5786,Delivered,10:13:46,10
624,Delivered,20:46:59,41
5607,Delivered,07:45:01,12
2787,Delivered,14:56:24,50
6354,Delivered,19:42:42,43
8156,Delivered,17:11:59,55
7516,Delivered,20:33:43,14
3038,Delivered,22:32:06,5
906,Delivered,07:12:57,70
3002,Delivered,08:25:55,67
2743,Delivered,23:10:33,33
2586,Delivered,21:05:03,60
37,In transit,,33
8859,Delivered,02:35:08,44
582,Delivered,23:31:36,32
3398,Delivered,20:05:44,19
7147,Delivered,13:58:50,51
8453,Delivered,11:52:34,31
6068,Delivered,11:48:44,37
1679,Delivered,12:52:20,11
2400,Delivered,16:01:37,37
8273,In transit,,26
2846,Delivered,12:20:34,46
1252,Delivered,09:22:34,22
2279,Delivered,22:46:13,19
7668,Delivered,15:53:46,44
2221,Delivered,00:50:31,70
2241,Delivered,20:50:33,57
3383,Delivered,18:38:30,67
1439,Delivered,10:23:51,23
6695,Failed,,59
2778,Delivered,18:59:29,15
8141,Delivered,14:14:46,26
6844,In transit,,43
6572,Delivered,15:31:45,1
6965,Delivered,12:35:06,35
6321,Delivered,11:02:17,51
7299,Delivered,12:24:10,59
2915,Delivered,18:48:17,39
2049,Delivered,07:15:59,24
5029,Delivered,15:01:21,30
1733,Failed,,63
8803,Delivered,00:41:52,51
403,Delivered,10:37:54,57
6591,Delivered,10:18:32,1
2230,Delivered,01:20:18,25
4557,Failed,,66
6507,Delivered,22:17:18,14
2212,Delivered,13:21:28,29
4987,Delivered,21:31:31,37
6764,In transit,,23
60,Delivered,16:56:58,56
3532,Delivered,16:28:08,26
4468,Delivered,12:34:22,50
4391,Delivered,22:45:04,69
1162,Delivered,21:35:22,10
5469,Delivered,18:38:41,4
7425,Delivered,16:51:42,46
3438,Delivered,22:46:23,3
1387,Delivered,14:53:56,9
3213,Delivered,21:05:55,37
2265,Failed,,5
3131,Delivered,17:48:06,25
6234,Delivered,14:42:32,41
1143,Delivered,12:05:42,46
3867,In transit,,10
4140,Delivered,22:32:09,62
6790,Delivered,21:09:11,8
4707,Delivered,19:49:30,15
5334,Delivered,14:30:04,4
6361,Delivered,10:58:54,57
8897,In transit,,30
7106,Delivered,14:06:28,11
8286,Delivered,00:03:44,62
4198,Delivered,09:13:04,20
5580,Delivered,15:00:52,57
202,In transit,,12
2951,Delivered,09:42:20,28
4621,Delivered,22:29:03,46
3592,Delivered,09:31:52,12
6819,Delivered,19:22:16,20
161,In transit,,12
3454,Delivered,11:38:31,39
6440,Delivered,13:07:32,16
1142,Delivered,23:13:38,16
3369,In transit,,41
8900,Delivered,12:54:27,32
382,In transit,,52
6559,Delivered,20:23:03,51
4566,In transit,,42
2644,Delivered,15:29:51,7
7435,In transit,,17
6264,Delivered,12:30:04,2
5671,Delivered,15:33:22,48
7016,Delivered,18:32:25,17
445,Delivered,00:31:17,33
2000,In transit,,59
1575,Failed,,35
6865,Delivered,15:01:50,28
5164,Delivered,20:31:27,45
8363,Delivered,18:36:13,60
5215,Delivered,02:59:40,38
6016,Delivered,13:18:45,53
6849,In transit,,23
1382,Delivered,15:10:56,22
3738,Delivered,12:32:02,50
6284,Delivered,01:18:36,38
3028,Delivered,17:02:00,15
8330,Failed,,43
7295,In transit,,52
6052,Delivered,01:27:43,70
8137,Delivered,15:38:55,16
7013,Delivered,20:44:10,38
2559,Delivered,17:03:26,30
6543,Delivered,12:47:42,1
5672,In transit,,34
3039,In transit,,41
3596,Delivered,23:04:12,67
4610,Delivered,19:48:19,27
6734,Delivered,14:37:16,44
2061,Delivered,21:28:58,5
7905,Delivered,10:38:11,4
2999,Delivered,19:22:26,48
7711,Delivered,13:29:38,40
2081,Failed,,60
1905,Delivered,22:05:04,31
8014,Delivered,08:53:49,53
166,Delivered,12:48:43,14
7391,Delivered,14:10:10,61
4545,Delivered,07:18:29,64
1215,Delivered,11:27:52,66
1135,Delivered,20:02:10,44
410,Delivered,00:29:36,39
3824,Delivered,06:37:00,55
474,Delivered,20:45:28,53
4754,Delivered,15:48:17,69
2988,Delivered,19:41:33,1
3555,Delivered,17:10:21,40
7967,Delivered,14:38:32,69
7856,Delivered,15:39:15,19
1111,Delivered,03:21:01,45
8582,Delivered,15:24:00,28
6272,Delivered,22:45:41,28
8601,Delivered,14:01:40,10
6278,Delivered,12:54:10,59
7918,In transit,,24
1987,Delivered,15:47:52,30
1981,Delivered,02:49:01,36
4938,Delivered,16:47:22,46
2169,In transit,,40
4101,Delivered,18:37:24,15
3130,Delivered,13:39:47,8
8858,Delivered,15:31:05,6
2419,Delivered,14:05:48,46
5185,Delivered,00:13:36,30
6487,Delivered,11:39:36,12
3693,Delivered,12:39:57,52
919,Delivered,14:41:46,45
1673,Delivered,10:41:03,5
5801,Delivered,23:25:17,50
2762,Delivered,19:12:43,15
165,Delivered,15:05:50,28
5591,In transit,,2
7386,In transit,,59
1993,In transit,,37
7447,In transit,,61
7395,Delivered,21:06:59,55
4175,Failed,,1
6582,Delivered,21:21:53,44
1734,Delivered,23:23:59,1
7172,Failed,,33
1733,In transit,,64
7677,Delivered,22:02:25,15
1456,Delivered,21:30:50,64
6541,Delivered,13:41:17,14
2081,Delivered,14:47:23,11
2858,Delivered,22:40:45,7
7275,Delivered,18:47:13,65
1415,Delivered,02:53:02,15
2183,In transit,,10
4928,Delivered,11:56:35,44
575,Delivered,18:27:43,34
48,In transit,,10
7997,Delivered,12:49:17,1
6132,Delivered,11:38:54,2
5546,Delivered,07:28:33,61
5053,Delivered,17:21:34,60
6033,In transit,,47
2686,Delivered,12:13:19,52
7345,Delivered,21:37:11,30
8070,Delivered,22:47:49,68
7428,In transit,,13
6814,Delivered,22:00:13,9
7265,Delivered,12:42:26,38
6703,Delivered,23:15:19,40
7834,Delivered,13:46:54,55
5471,Delivered,00:19:49,6
7776,Delivered,19:59:14,16
4366,Delivered,23:52:52,8
3794,In transit,,58
1570,Failed,,5
211,Delivered,10:38:56,25
7045,Delivered,09:00:07,63
6722,Delivered,15:03:06,13
1461,Delivered,08:18:32,1
6481,Delivered,22:07:48,61
3197,Delivered,07:35:04,70
6274,Delivered,15:53:17,19
6591,In transit,,51
5517,Failed,,21
5962,Delivered,14:56:23,20
4579,Delivered,09:36:27,13
3205,In transit,,62
2763,Delivered,06:58:48,9
6518,Delivered,11:18:24,44
7477,Delivered,12:45:19,33
7936,Delivered,18:19:19,35
1835,In transit,,17
4947,Delivered,19:05:11,70
8677,Delivered,23:30:17,32
8473,Delivered,09:29:53,62
4730,Delivered,13:22:39,1
2389,Delivered,03:00:41,68
3376,Delivered,12:17:00,63
576,Delivered,18:00:03,15
651,Delivered,15:34:01,29
8569,Delivered,00:04:29,31
5876,In transit,,8
3603,Delivered,19:31:23,52
5553,Delivered,13:04:41,38
8697,Delivered,22:19:21,1
4614,Delivered,11:08:02,45
2553,Failed,,25
5896,Delivered,19:04:23,66
821,Delivered,14:04:02,13
6844,Delivered,14:59:44,37
7731,Failed,,27
316,Delivered,22:28:44,45
2610,Delivered,12:00:39,39
4642,Delivered,12:59:23,63
2691,In transit,,42
8725,Delivered,23:03:45,64
5928,Delivered,23:12:28,29
4703,Delivered,06:55:47,58
4690,In transit,,43
7533,In transit,,35
8231,Delivered,15:23:52,18
8941,Delivered,23:44:15,59
3979,Delivered,00:46:16,34
4975,Delivered,13:45:45,57
3002,Delivered,09:25:55,10
2148,Delivered,01:41:43,55
2987,Delivered,20:53:48,65
970,Delivered,14:36:41,48
2341,Delivered,23:12:35,53
7547,Delivered,12:03:53,54
1174,In transit,,4
5268,Delivered,19:21:38,19
6797,Delivered,00:14:38,62
6637,Failed,,23
4746,Delivered,13:58:22,47
4042,Delivered,23:04:32,19
5433,Delivered,19:10:57,31
8961,Delivered,17:20:57,39
4072,In transit,,41
6433,In transit,,50
4242,Delivered,02:56:15,2
393,Delivered,14:58:42,15
1450,Delivered,00:27:31,60
3134,Delivered,14:23:49,57
7301,Delivered,21:58:33,20
5823,Delivered,08:26:27,59
8553,Delivered,09:24:40,26
207,In transit,,19
2782,Delivered,19:47:14,22
1855,In transit,,22
7973,Delivered,11:26:29,57
8820,Delivered,14:25:59,47
681,Delivered,20:29:52,27
2027,Delivered,19:52:48,30
3744,Delivered,22:12:43,38
8080,In transit,,65
3087,Delivered,12:39:34,51
1415,In transit,,48
3942,Delivered,12:20:42,38
5315,Delivered,11:51:10,41
3565,In transit,,49
5905,Delivered,00:35:19,30
5167,Delivered,13:18:13,31
7725,Delivered,13:17:38,22
4187,Delivered,23:43:04,55
5848,Delivered,14:54:40,18
243,Delivered,08:21:28,57
5366,Delivered,21:04:27,55
4725,Delivered,12:13:55,68
3135,Delivered,07:17:59,1
2994,Delivered,12:03:08,19
3142,In transit,,44
2703,Delivered,14:24:53,58
1486,In transit,,33
5242,Delivered,21:22:17,55
5816,Delivered,18:24:42,59
5229,Delivered,20:39:31,63
5916,Delivered,22:36:08,33
3638,Delivered,17:46:40,29
3139,Delivered,22:40:00,43
7725,Delivered,15:17:38,30
2318,Delivered,03:27:12,21
5298,Delivered,18:42:52,58
6453,In transit,,36
3941,Delivered,01:23:25,28
3903,Delivered,08:34:54,31
3882,Delivered,12:27:58,41
3654,Failed,,2
1695,In transit,,61
3217,Delivered,15:14:58,20
7964,Delivered,14:34:59,37
6799,Failed,,25
8363,In transit,,65
6126,Delivered,09:40:12,35
2137,Delivered,17:32:08,70
6007,Delivered,11:23:27,48
8152,Delivered,18:55:22,59
7799,Delivered,10:44:35,64
3285,Delivered,14:08:52,21
8549,Failed,,32
3723,Delivered,12:33:06,8
4163,Delivered,16:57:43,29
8233,In transit,,19
6665,Delivered,18:21:01,59
3936,Delivered,21:33:56,6
4730,Delivered,13:22:39,7
1194,Failed,,46
7761,Delivered,00:06:50,64
6451,Delivered,02:32:11,12
5343,Delivered,13:16:57,25
2398,Delivered,18:28:26,59
450,Delivered,12:46:27,38
8814,Delivered,09:55:30,69
5436,Delivered,23:53:46,45
7431,Delivered,03:20:49,31
4526,Delivered,12:06:14,66
3839,In transit,,18
6596,Delivered,19:52:23,49
6525,Delivered,22:46:11,35
2681,Delivered,18:16:49,50
5084,In transit,,38
3210,In transit,,43
7747,In transit,,14
4050,Delivered,10:28:34,27
7925,Delivered,19:58:01,5
1666,Delivered,10:34:19,49
7036,Delivered,03:00:54,53
703,Delivered,13:03:03,44
4561,Delivered,22:21:25,69
2056,Delivered,16:49:20,18
1128,In transit,,69
3081,Failed,,4
2567,Failed,,62
7558,Delivered,23:30:48,63
8327,Delivered,19:11:55,6
573,Delivered,20:13:37,20
1167,Delivered,15:12:27,34
1464,Delivered,19:17:03,39
2319,Delivered,12:34:26,29
2131,Delivered,15:42:29,34
1687,Delivered,17:32:07,56
1103,Delivered,16:08:36,21
5500,Delivered,17:07:23,54
5610,Delivered,06:47:11,7
3626,Delivered,13:48:11,41
4754,Delivered,14:48:17,54
2013,In transit,,12
2808,Delivered,16:30:48,53
4639,Delivered,13:19:24,44
1364,Delivered,16:11:59,27
8971,Delivered,10:59:21,57
7370,Delivered,19:19:30,64
1361,Delivered,21:14:52,69
8787,Failed,,58
2388,In transit,,67
397,Delivered,14:55:40,3
4333,Delivered,01:42:10,49
2282,Delivered,22:27:45,61
694,Delivered,21:06:45,48
1937,Failed,,34
1013,Delivered,19:15:09,67
2563,Delivered,09:18:04,62
8102,Delivered,18:21:29,55
5559,Delivered,15:09:26,37
2477,Delivered,16:18:08,11
255,Delivered,21:51:47,65
4134,Delivered,11:32:03,26
2888,In transit,,11
8745,Delivered,20:58:15,2
4860,Delivered,15:58:00,2
5154,Delivered,01:51:51,56
6714,Delivered,09:49:22,69
7859,Delivered,16:12:09,4
2589,Delivered,21:20:31,60
7663,Delivered,16:23:15,9
5128,Delivered,19:07:42,33
2126,Delivered,14:34:12,48
4005,Delivered,08:06:02,44
4541,Delivered,11:32:07,18
1486,Delivered,16:03:50,58
8559,Delivered,02:31:47,28
5187,Delivered,07:47:59,69
8792,Delivered,08:16:44,19
398,Delivered,10:29:54,62
3277,Delivered,10:05:14,32
6657,Delivered,19:31:31,51
5643,Delivered,13:18:50,41
2352,Delivered,10:15:55,64
2369,Delivered,13:27:03,36
2511,Delivered,00:16:19,52
4863,Delivered,10:29:40,35
2524,Delivered,12:32:20,67
4385,Delivered,19:24:09,51
2748,In transit,,4
1756,Delivered,12:38:48,39
7771,Delivered,13:28:42,4
1642,Delivered,13:11:52,57
1756,Delivered,10:38:48,3
8656,Delivered,17:30:46,26
3354,Delivered,23:31:28,23
2292,In transit,,17
288,Delivered,08:56:15,35
8496,Delivered,22:22:35,23
2369,Delivered,15:27:03,22
6403,Delivered,22:50:18,42
11,Delivered,12:58:59,43
8264,In transit,,26
4688,Delivered,01:10:53,42
5719,Delivered,19:06:23,43
8172,Delivered,10:06:21,47
3088,Delivered,20:00:08,44
4053,In transit,,24
5174,Delivered,18:18:07,20
1638,Delivered,23:08:33,5
1303,Delivered,20:02:14,17
2855,Delivered,08:13:03,33
2593,In transit,,1
6687,In transit,,63
292,Delivered,13:22:37,19
3188,In transit,,31
8859,Delivered,23:35:08,30
5416,Delivered,15:17:42,25
4624,Delivered,14:23:25,37
6321,Delivered,11:02:17,55
5110,Delivered,09:09:20,15
4969,Delivered,17:25:14,54
8669,Delivered,23:20:48,38
1996,Delivered,03:49:38,59
4157,Delivered,01:18:05,28
7006,Delivered,08:55:55,70
7123,Failed,,56
6639,Delivered,12:19:55,31
4206,Delivered,19:26:07,62
7005,In transit,,25
7533,Delivered,16:23:52,53
4444,Delivered,10:54:00,10
6771,Delivered,19:51:44,57
7316,Delivered,13:23:01,23
5180,Delivered,10:10:29,19
8786,In transit,,40
5380,Delivered,11:25:17,16
7404,Delivered,18:22:25,44
6075,Delivered,19:37:39,50
575,Delivered,22:27:43,62
1500,Delivered,18:54:25,68
3034,Delivered,15:51:33,44
3712,Delivered,18:54:04,39
1459,In transit,,40
6345,Delivered,13:20:02,32
1528,Delivered,10:40:40,35
3216,Delivered,18:30:37,65
319,Delivered,21:48:34,55
1116,Delivered,14:54:51,33
1851,Delivered,08:30:37,35
1934,Delivered,22:49:24,34
7843,Delivered,18:52:29,39
8367,Delivered,15:50:54,13
4270,Delivered,16:31:50,41
8052,Delivered,11:32:16,64
4349,Delivered,16:18:50,62
1972,Delivered,14:54:27,62
8878,Delivered,21:39:03,68
3075,Delivered,03:37:27,16
390,Delivered,20:32:54,11
765,Delivered,19:37:24,41
6138,Failed,,8
2766,Delivered,00:39:57,45
1371,In transit,,16
8370,Delivered,01:15:18,35
5282,Delivered,20:21:02,35
8196,Delivered,15:19:14,45
5636,Delivered,00:08:13,31
6776,Delivered,14:15:43,70
8315,Delivered,02:21:29,49
1787,Delivered,21:43:26,51
5103,Delivered,14:59:32,33
4694,Delivered,15:48:07,10
3424,Delivered,13:20:33,68
7325,Delivered,19:02:49,39
8210,Delivered,10:31:54,9
1765,Delivered,02:57:56,54
8990,Delivered,10:53:26,28
232,In transit,,13
4549,Delivered,00:51:40,50
2970,In transit,,54
4296,Delivered,00:57:59,3
2135,In transit,,58
4568,Delivered,12:31:58,58
5342,In transit,,37
593,Delivered,07:51:49,54
7543,In transit,,58
8497,In transit,,21
407,Delivered,18:37:08,35
7413,Delivered,07:41:11,9
407,Delivered,14:37:08,17
7922,In transit,,60
3906,Delivered,17:20:17,69
6812,In transit,,22
5884,Delivered,22:36:17,38
3578,Delivered,03:02:57,53
2624,Delivered,19:33:27,44
4802,Delivered,13:35:46,17
2107,Delivered,20:46:13,59
7688,Delivered,23:21:52,16
2068,Delivered,15:00:35,31
2699,Delivered,10:44:14,69
4633,Delivered,14:22:04,7
1827,Delivered,18:19:31,3
2601,Delivered,15:16:23,23
3407,Delivered,21:53:35,28
570,Delivered,02:30:28,41
7157,Delivered,09:28:10,15
2683,Delivered,12:57:48,26
8307,Delivered,15:09:10,70
7919,Delivered,22:25:33,65
3981,Delivered,22:00:52,43
8287,Delivered,12:34:06,10
3615,Delivered,22:01:35,48
5259,Delivered,09:41:51,4
5901,Delivered,15:02:09,56
8110,In transit,,39
6280,Delivered,22:51:09,70
6691,Delivered,10:46:48,43
5466,Delivered,07:07:13,27
6093,In transit,,20
1152,Delivered,10:02:51,8
8831,Delivered,23:09:59,68
2893,Delivered,13:13:41,55
8071,Delivered,17:25:21,64
8794,Delivered,01:11:37,37
8352,Delivered,13:12:41,1
5733,Delivered,17:14:39,38
528,Delivered,21:46:48,48
3802,Delivered,09:08:50,45
5299,Delivered,08:58:57,25
4289,In transit,,11
3123,Delivered,16:28:24,57
8386,Delivered,14:29:07,21
5845,Delivered,19:00:37,33
1085,Delivered,20:53:42,70
148,Delivered,21:06:48,5
5424,Delivered,12:25:48,28
6725,Delivered,12:04:16,14
6190,Delivered,19:51:34,17
1178,In transit,,43
1315,Delivered,18:32:34,9
3392,In transit,,64
118,Delivered,09:32:26,48
2828,Delivered,15:24:18,27
7608,Delivered,10:59:45,67
7000,Delivered,10:14:12,46
6706,Delivered,23:58:30,42
2361,Delivered,20:15:17,12
5422,Delivered,12:10:13,43
7279,Delivered,13:16:56,59
8073,Delivered,21:16:28,28
3051,Delivered,00:19:15,22
5254,Delivered,11:26:22,11
1481,Delivered,22:12:31,56
3436,Delivered,12:08:33,25
6513,Delivered,10:34:34,17
6754,In transit,,39
162,Delivered,11:58:52,48
7680,Delivered,16:25:25,37
546,Delivered,23:37:00,37
6476,Delivered,23:30:16,7
5207,Delivered,20:07:07,18
7288,Delivered,10:42:18,45
1430,Delivered,10:56:55,31
7001,Delivered,17:59:36,12
3742,Delivered,20:09:25,32
5815,In transit,,66
8339,Delivered,20:16:09,19
3985,Delivered,08:15:16,60
347,Delivered,12:19:40,55
685,Delivered,19:31:57,29
4319,In transit,,17
2826,Delivered,20:31:50,46
4190,Delivered,01:16:42,50
3346,Delivered,12:33:57,56
7791,Delivered,15:03:38,38
8108,Delivered,06:05:37,11
1653,Delivered,18:21:16,22
8355,Delivered,03:26:50,47
6860,Delivered,07:59:13,53
1052,Delivered,20:48:11,20
538,In transit,,70
1271,In transit,,3
5392,Delivered,08:04:09,63
7969,Delivered,12:09:31,52
3699,In transit,,23
2757,Delivered,11:05:17,23
6367,In transit,,65
2908,Delivered,14:39:01,3
3349,Delivered,00:59:43,52
5771,Delivered,21:28:44,3
8100,Delivered,17:41:43,58
6565,In transit,,22
372,Delivered,15:24:37,57
2822,Delivered,15:32:20,68
8831,Delivered,23:09:59,45
6433,Delivered,00:27:31,49
6252,Delivered,15:39:38,32
4099,Delivered,10:20:42,53
642,Delivered,13:50:30,39
6675,Delivered,18:59:05,67
1150,Delivered,09:18:49,49
43,Delivered,09:00:24,66
8793,Delivered,23:55:32,53
7946,In transit,,43
3793,Delivered,21:50:49,26
5867,In transit,,7
7678,Delivered,02:29:07,63
1641,Delivered,14:55:12,16
6079,Delivered,16:59:25,63
3114,Delivered,23:13:02,46
3827,Delivered,00:20:01,17
5125,In transit,,69
362,Delivered,21:13:23,1
124,Delivered,14:39:59,43
3263,Delivered,15:50:06,30
7475,Delivered,22:23:28,24
6173,Delivered,23:12:52,39
2228,Failed,,15
8437,Delivered,13:13:03,36
4866,Delivered,10:53:57,61
6453,Failed,,1
4206,Failed,,14
3581,Delivered,11:35:01,58
8694,Delivered,15:19:57,68
8008,Delivered,23:03:48,31
2853,In transit,,59
6920,Failed,,19
654,Delivered,15:45:33,24
8482,Delivered,21:45:24,41
7643,Delivered,20:47:30,18
2328,Delivered,23:32:36,31
3837,Delivered,09:52:26,31
375,Delivered,14:05:07,2
4201,Delivered,08:24:37,22
3221,Delivered,18:28:56,54
5517,In transit,,63
7120,Delivered,09:28:20,19
3581,Delivered,11:35:01,68
7338,Delivered,12:23:19,61
1185,Delivered,20:40:57,55
3434,In transit,,41
8065,In transit,,1
3324,Delivered,19:39:31,33
2464,Delivered,22:36:51,58
7232,Delivered,01:22:54,11
6396,Delivered,00:03:24,64
7010,Delivered,20:42:34,3
4899,Delivered,13:04:37,67
23,Delivered,12:01:12,68
354,Delivered,20:15:03,12
6527,Delivered,22:44:14,9
2478,Delivered,23:37:24,35
1476,Delivered,00:35:41,52
5789,Delivered,00:55:01,48
7166,Delivered,13:21:20,50
5646,Delivered,21:11:25,51
6303,Delivered,20:42:58,16
4437,Delivered,19:41:54,47
2257,Delivered,22:17:59,19
7248,Delivered,23:57:37,4
4117,In transit,,54
4434,Delivered,20:52:01,14
8470,Delivered,16:36:43,18
5108,Delivered,01:03:08,33
7265,Delivered,08:42:26,10
7490,In transit,,62
5446,Delivered,19:33:32,42
4795,Delivered,22:55:37,57
4264,In transit,,70
1983,Delivered,21:27:00,49
5859,Delivered,17:42:12,33
964,Delivered,15:45:54,34
8458,Delivered,08:13:33,55
2415,Delivered,02:49:50,21
2624,Delivered,16:33:27,29
3418,In transit,,35
92,Delivered,20:43:08,27
6271,Delivered,10:46:21,46
801,Delivered,17:17:04,3
8374,Delivered,12:53:34,59
5371,Failed,,12
4007,Delivered,19:51:19,15
3795,Delivered,16:21:58,14
4564,Delivered,18:48:24,19
3551,Failed,,5
3831,Delivered,17:34:05,44
4661,Delivered,17:14:44,4
2973,Delivered,18:50:51,26
3855,In transit,,69
4787,Failed,,18
1415,Delivered,00:53:02,67
1457,Delivered,22:52:07,23
2151,In transit,,20
4003,Delivered,17:45:10,39
4091,Delivered,15:56:02,63
5671,Delivered,16:33:22,62
17,Delivered,06:26:41,5
5867,In transit,,34
407,Delivered,16:37:08,14
8177,Delivered,13:41:36,44
5755,Delivered,21:04:48,69
1473,Delivered,15:14:26,67
6488,Delivered,11:43:31,18
7366,In transit,,52
3489,In transit,,43
1241,Delivered,08:31:29,62
408,Delivered,20:44:00,44
8497,Delivered,11:36:46,33
5266,Delivered,12:01:04,21
6477,In transit,,8
7256,Delivered,11:16:43,18
4832,In transit,,29
7012,Delivered,14:31:33,14
8557,Delivered,13:47:16,60
7676,Delivered,13:36:23,39
4469,Delivered,19:27:13,38
4900,Failed,,6
6154,Failed,,39
4340,Delivered,15:49:04,15
8892,Delivered,14:44:29,67
7980,Failed,,27
5589,Delivered,20:36:27,27
8105,Delivered,23:53:23,69
8305,Delivered,19:21:54,28
1702,In transit,,13
3298,Failed,,18
11,Delivered,08:58:59,30
1938,Delivered,21:44:34,30
1707,Delivered,10:31:04,3
2563,Delivered,13:18:04,43
566,Delivered,23:18:54,58
5654,In transit,,47
4050,Delivered,11:28:34,20
7281,In transit,,6
8686,Delivered,20:27:57,14
64,Delivered,17:47:58,9
7492,Delivered,20:49:08,53
4079,In transit,,30
1433,Delivered,01:03:14,59
1282,Failed,,70
4213,Delivered,09:28:05,64
6674,Delivered,18:24:19,3
3137,Delivered,12:26:29,44
8618,Delivered,12:06:22,30
6499,Delivered,13:04:10,46
6954,In transit,,29
8902,In transit,,3
2210,Delivered,03:56:00,21
3567,Delivered,19:55:21,4
8650,Failed,,34
1053,Delivered,18:30:51,42
5304,Delivered,10:56:38,65
5127,Delivered,13:12:38,52
6819,Delivered,19:22:16,56
2960,Delivered,16:17:18,59
1035,Delivered,10:52:07,27
3,Delivered,09:20:08,6
3389,In transit,,6
2924,In transit,,47
6342,Delivered,10:32:10,67
3665,Delivered,09:37:57,54
3823,In transit,,38
5149,Delivered,11:14:36,51
4785,Delivered,20:01:37,70
5502,In transit,,23
6421,Delivered,08:01:46,36
4425,Delivered,01:42:38,29
4727,Delivered,20:59:35,65
1528,Delivered,09:40:40,60
4326,Delivered,09:19:28,48
6628,Delivered,10:31:21,55
6304,Delivered,13:56:14,46
5036,In transit,,58
2083,Delivered,16:22:29,62
7124,Delivered,22:07:14,17
8198,Delivered,19:42:19,25
8056,Delivered,15:20:16,53
4056,Delivered,18:13:26,3
3707,Delivered,15:59:26,20
5255,Delivered,19:14:44,67
2157,Delivered,14:17:27,62
4673,In transit,,55
5217,In transit,,45
1937,Delivered,18:19:43,10
515,Delivered,17:35:52,62
2506,Delivered,12:33:54,31
5745,Delivered,11:22:21,65
8712,Delivered,12:22:10,36
2042,Delivered,11:24:06,29
5473,Delivered,09:42:33,35
6467,Delivered,16:51:11,30
5851,Delivered,19:21:12,12
2757,Delivered,10:05:17,24
3809,Failed,,29
5547,Delivered,10:01:10,51
3806,Delivered,17:22:49,15
4599,Delivered,20:19:13,47
5299,Delivered,11:58:57,39
7566,Delivered,12:20:21,19
8545,Delivered,23:38:13,24
7172,Delivered,00:48:20,54
6618,Delivered,09:02:13,54
4344,Delivered,19:09:12,26
2748,Delivered,20:33:09,17
2306,Delivered,13:56:06,34
573,In transit,,41
1618,Delivered,18:17:16,49
7629,Delivered,13:43:39,4
6186,Delivered,02:50:35,68
1666,Delivered,06:34:19,62
5944,In transit,,29
4900,Delivered,15:52:40,44
2255,Delivered,02:51:16,62
7693,Delivered,11:33:14,62
3111,Delivered,01:33:09,58
5961,In transit,,1
6840,Delivered,22:05:37,63
8841,Failed,,52
1203,Delivered,20:44:54,47
4289,Delivered,19:23:12,48
5567,Delivered,01:55:24,29
6485,Delivered,20:00:46,32
2436,In transit,,3
1574,Delivered,12:36:24,63
3230,Delivered,06:30:43,46
702,Delivered,14:05:25,64
6034,Delivered,17:52:01,7
1403,Delivered,16:53:14,68
7609,Delivered,17:23:44,29
5215,Delivered,02:59:40,12
4907,Delivered,16:52:47,49
4959,Delivered,20:23:27,43
2075,Delivered,20:16:57,59
3622,Delivered,14:01:22,61
4161,Delivered,14:03:37,30
1431,Delivered,19:22:57,51
6323,Delivered,18:46:36,17
3846,In transit,,18
1239,Delivered,18:01:26,29
5008,Delivered,19:30:23,52
2849,In transit,,7
4226,In transit,,68
1144,Delivered,01:07:14,31
8847,In transit,,42
1088,Delivered,13:49:14,1
1550,Delivered,18:50:45,13
1492,Delivered,17:37:21,1
2731,Delivered,19:43:28,42
6903,In transit,,3
7897,Failed,,15
4645,Delivered,16:24:56,32
63,Failed,,58
7680,Delivered,18:25:25,13
2233,Delivered,09:48:50,57
4098,Delivered,16:17:28,69
1911,Delivered,12:25:06,44
4959,Delivered,16:23:27,69
4165,Delivered,18:41:03,53
3342,In transit,,66
5785,Delivered,22:48:06,21
1108,Failed,,42
5581,Delivered,02:27:15,9
4501,Delivered,16:52:10,5
3925,Delivered,12:54:17,58
8201,Delivered,20:42:49,18
3354,Failed,,52
4196,Delivered,12:53:39,13
6993,Delivered,09:31:04,20
3168,Delivered,22:34:03,65
4738,Delivered,23:12:09,37
3758,Delivered,10:18:19,51
2693,In transit,,37
6087,Delivered,17:56:35,55
6456,In transit,,57
4642,Delivered,12:59:23,34
2261,Delivered,10:39:15,2
426,Failed,,16
3628,Delivered,21:09:43,30
4921,Failed,,14
1553,Delivered,21:55:17,70
7015,Failed,,69
4678,Delivered,10:07:03,7
3583,In transit,,45
8600,Delivered,08:03:00,14
7211,Delivered,23:19:25,30
6799,Delivered,18:27:48,42
2534,Delivered,02:04:02,22
456,Delivered,07:31:55,10
286,Delivered,21:45:18,7
2979,Delivered,20:45:58,3
4227,Delivered,21:35:10,6
1486,Delivered,18:03:50,13
916,Delivered,22:06:31,60
3102,Delivered,20:08:38,61
986,Delivered,12:22:19,24
5200,Delivered,13:18:49,68
7942,Delivered,22:15:12,63
1156,Failed,,2
1392,Delivered,20:07:05,61
2070,In transit,,23
2179,Delivered,13:59:11,55
327,Delivered,11:35:23,22
7377,Delivered,13:04:16,24
1400,In transit,,68
4043,Delivered,14:00:17,1
373,In transit,,17
8321,In transit,,30
1404,Delivered,21:39:47,52
3632,Failed,,24
5193,Failed,,37
3477,Failed,,47
7260,In transit,,11
5305,Delivered,16:04:38,28
2631,Delivered,12:51:29,63
3295,Delivered,13:55:44,33
3559,Delivered,22:50:03,1
1875,Delivered,12:45:44,43
6048,Delivered,16:16:27,39
7492,Delivered,01:49:08,20
8534,In transit,,47
6598,Delivered,14:31:04,9
4967,Delivered,10:25:32,64
6435,Delivered,10:42:27,40
4732,Failed,,17
5593,Delivered,00:41:10,39
1193,Delivered,14:06:35,12
2039,Delivered,19:01:47,51
6254,Delivered,13:29:38,44
3496,Delivered,18:13:58,39
965,Delivered,16:01:43,40
7419,Delivered,10:04:38,54
3104,Delivered,07:47:25,46
4773,Delivered,09:34:12,37
860,In transit,,50
6848,Failed,,67
3336,Delivered,18:09:39,49
1479,In transit,,65
501,Delivered,16:43:36,14
4282,In transit,,32
2072,Delivered,18:10:42,24
6490,Delivered,22:22:02,65
4980,Delivered,13:27:26,23
8563,Delivered,11:09:49,70
206,Delivered,19:23:54,43
6400,Delivered,00:56:29,41
6069,Delivered,23:02:42,40
125,Delivered,18:38:44,18
6489,Delivered,15:19:16,30
8217,Delivered,17:17:28,69
5752,Delivered,15:52:36,23
8062,Delivered,16:21:06,58
5763,Delivered,21:09:24,30
8942,Delivered,03:37:36,42
7712,Delivered,11:56:02,14
8561,Delivered,14:34:58,35
6224,Delivered,20:56:59,46
2213,Delivered,08:01:34,1
5220,Delivered,23:59:08,4
5852,Delivered,13:37:37,6
5890,In transit,,1
4977,Delivered,17:42:27,5
2142,Delivered,16:32:25,12
836,Delivered,23:47:32,9
208,Delivered,17:32:51,17
318,Delivered,08:55:56,69
1209,Delivered,15:22:39,31
7163,Delivered,01:14:36,56
8587,Delivered,02:12:45,3
333,Delivered,20:39:24,57
8229,Delivered,21:06:00,10
4017,Delivered,14:22:06,12
586,In transit,,64
8434,Delivered,11:39:35,66
616,Delivered,22:13:37,38
7341,Delivered,13:29:20,41
202,In transit,,54
4729,Delivered,21:14:11,26
8808,Delivered,18:19:58,48
794,Delivered,14:41:55,22
3979,Delivered,22:46:16,53
7718,Failed,,53
3890,Delivered,13:09:05,12
5681,Delivered,19:06:37,21
6154,Delivered,12:47:26,25
4720,Delivered,18:36:51,43
6972,Delivered,19:36:47,34
7531,Delivered,20:31:04,31
4742,In transit,,40
8929,Delivered,06:31:05,51
5909,Delivered,00:28:18,47
3192,Failed,,54
2391,Delivered,12:51:42,38
2479,Delivered,09:17:17,46
2661,Delivered,08:26:58,57
5309,Delivered,13:20:07,27
6729,Delivered,08:19:13,41
6453,In transit,,5
6906,Delivered,10:19:07,64
903,Delivered,14:33:23,7
8332,Delivered,18:34:24,16
8255,Delivered,02:12:53,42
382,In transit,,62
8540,Delivered,18:44:18,21
5175,Delivered,10:43:21,61
5875,Delivered,13:54:14,19
576,Delivered,18:00:03,15
5510,In transit,,55
7032,Delivered,12:55:44,39
4141,Delivered,16:57:39,2
7505,Delivered,19:16:06,65
3110,Delivered,17:11:15,34
5279,In transit,,58
7873,Delivered,19:16:44,32
336,Delivered,13:53:11,20
905,Delivered,09:50:22,9
2076,Delivered,17:47:24,31
8489,Delivered,14:23:34,41
4896,Delivered,16:55:43,17
2577,Delivered,18:56:33,56
5141,Delivered,20:26:46,2
4782,Delivered,18:33:28,44
1650,Failed,,60
8368,Delivered,02:11:11,2
5362,Delivered,10:58:50,13
4673,Delivered,17:47:58,37
5733,Failed,,49
8960,Delivered,19:13:07,30
1031,Delivered,10:23:55,65
7360,In transit,,42
6839,Delivered,12:56:20,36
2719,Delivered,09:31:25,63
5987,Delivered,15:33:21,66
3327,Delivered,01:02:20,30
4065,Delivered,11:14:49,15
37,Delivered,01:59:28,8
7894,Delivered,17:17:53,59
581,Delivered,21:24:29,63
7622,Delivered,19:55:44,22
4449,Delivered,20:20:12,39
3441,Delivered,17:08:18,28
3288,Delivered,16:46:53,54
4164,Delivered,21:05:01,20
4344,Delivered,19:09:12,62
3096,Failed,,26
6220,Delivered,20:06:42,14
4159,Delivered,10:29:46,45
7566,In transit,,34
6960,Delivered,10:37:48,62
4499,In transit,,44
3626,Delivered,08:48:11,42
8428,Delivered,15:33:29,22
6722,Delivered,12:03:06,15
4437,Delivered,19:41:54,2
2168,Delivered,17:55:34,57
6262,Delivered,19:53:11,3
3009,Delivered,10:01:09,4
2738,Delivered,18:52:33,64
1560,Delivered,02:33:01,41
8466,Delivered,10:55:34,67
8350,Delivered,22:01:41,40
236,Delivered,22:26:37,57
2901,In transit,,4
5762,Delivered,12:20:17,50
1189,Delivered,14:51:17,54
5819,Failed,,19
8343,Delivered,15:26:10,70
5205,Delivered,21:02:54,44
4581,Delivered,23:51:21,15
4237,Delivered,11:12:35,21
8787,Delivered,20:34:00,9
379,Delivered,09:07:37,48
8046,Delivered,21:49:12,28
1892,Delivered,14:30:46,50
4118,Delivered,12:01:26,22
3381,Delivered,17:35:35,1
8548,Delivered,16:30:34,43
2814,Delivered,15:39:32,61
4507,Delivered,14:05:20,65
1956,Delivered,20:20:40,34
7623,Delivered,21:41:01,48
8085,Delivered,16:58:11,62
4424,Delivered,17:19:19,16
5652,In transit,,25
1064,Delivered,19:53:32,70
1218,Delivered,08:35:42,54
2167,Delivered,12:43:31,33
3112,Delivered,02:11:53,46
5022,Delivered,15:31:30,9
3388,Delivered,07:47:55,36
3542,Delivered,06:08:36,30
5994,In transit,,47
1211,Delivered,07:18:52,28
1282,Delivered,16:08:37,56
3407,Failed,,42
1,Delivered,21:50:51,1
7536,In transit,,19
4346,Delivered,16:09:23,69
1295,Delivered,14:02:08,68
4611,Delivered,16:54:28,64
4527,In transit,,10
590,Delivered,13:23:04,49
6421,Delivered,10:01:46,45
1826,Delivered,13:57:26,60
4623,Delivered,11:24:29,45
2892,Delivered,11:59:14,10
7626,Delivered,17:11:18,26
7164,Delivered,10:46:55,48
2616,Delivered,22:53:51,44
4692,Delivered,12:44:39,17
7211,Delivered,01:19:25,66
3028,Delivered,15:02:00,35
6835,Delivered,18:56:24,46
8997,Delivered,13:37:09,12
6508,Delivered,16:21:34,50
1921,Failed,,27
7434,Delivered,17:47:37,51
1904,Delivered,20:38:30,19
3934,Delivered,16:43:20,24
4052,Delivered,21:27:02,23
8345,Delivered,10:07:27,38
392,Delivered,00:49:34,22
1703,Delivered,23:21:33,16
2328,Delivered,00:32:36,47
1960,Delivered,12:18:49,12
1481,Delivered,21:12:31,22
6893,Delivered,11:07:42,50
5163,Delivered,16:53:15,69
1947,Delivered,16:11:04,58
6883,Delivered,22:41:45,50
3109,Delivered,06:57:22,59
8501,In transit,,24
937,Delivered,15:43:09,52
7666,Delivered,07:04:44,13
2442,Delivered,19:04:01,4
8669,In transit,,9
5188,Delivered,14:22:38,3
8056,Delivered,17:20:16,39
8266,Delivered,13:24:13,6
1547,Delivered,17:11:26,30
2619,Delivered,23:47:59,33
4987,Delivered,01:31:31,27
485,In transit,,14
1046,Delivered,15:22:25,17
2033,Delivered,12:50:53,12
8280,Delivered,10:11:00,63
7495,Delivered,23:37:43,20
3002,Delivered,13:25:55,28
7201,Delivered,21:52:18,25
5250,Failed,,68
2884,Delivered,01:57:58,70
5544,Delivered,19:52:44,22
3765,Delivered,18:43:36,5
975,In transit,,5
1948,In transit,,57
4228,Delivered,23:57:14,1
4589,Delivered,17:13:32,3
1147,Delivered,13:00:21,15
7254,Delivered,09:02:22,57
8287,Delivered,13:34:06,13
8812,In transit,,46
1025,Delivered,20:28:41,52
1343,Delivered,18:07:56,23
4085,Delivered,08:52:36,14
7088,Delivered,16:57:46,50
7242,Delivered,13:38:57,52
6776,Delivered,18:15:43,48
5779,Delivered,19:27:42,42
8495,Delivered,22:32:41,13
2746,Delivered,13:01:53,3
879,Delivered,21:00:51,39
6268,Delivered,06:22:35,24
1355,Delivered,20:32:54,54
2325,Failed,,9
1940,Delivered,10:04:51,62
1429,Delivered,00:04:04,15
4177,In transit,,46
4240,Delivered,15:55:46,34
2309,Delivered,18:18:17,39
4336,Failed,,52
4343,Delivered,20:43:14,2
1380,Delivered,13:11:01,26
4819,Delivered,10:23:13,66
7088,Delivered,17:57:46,65
6401,Failed,,51
4429,Delivered,17:22:13,9
2713,Delivered,13:23:03,45
1132,Delivered,22:05:37,22
7213,Failed,,3
6459,Delivered,17:00:51,48
5617,Delivered,02:49:58,46
2453,Delivered,13:37:56,42
4016,Delivered,19:23:09,14
5345,Delivered,23:26:13,66
2978,Delivered,19:11:24,56
5473,Delivered,06:42:33,17
181,In transit,,21
7711,Delivered,14:29:38,38
7958,Delivered,19:11:43,15
7002,In transit,,56
2800,Delivered,13:50:48,57
2016,Delivered,15:30:41,64
4380,Delivered,23:20:58,62
7626,Delivered,17:11:18,41
7911,In transit,,51
444,Delivered,23:20:56,54
1959,Delivered,17:19:36,7
2448,Delivered,20:46:08,44
6604,In transit,,53
449,Delivered,17:37:09,44
7499,Delivered,00:23:44,61
7528,Delivered,16:26:04,56
4353,Delivered,20:51:03,22
5118,Delivered,12:35:52,17
4510,Delivered,21:41:39,6
6534,Delivered,18:18:19,34
5532,Delivered,01:16:48,2
1491,Delivered,11:03:32,41
7672,Failed,,27
4748,Delivered,14:58:53,38
513,Delivered,11:27:49,33
7887,Delivered,18:50:01,43
3652,Delivered,13:43:41,12
2534,Delivered,22:04:02,54
2473,Delivered,17:35:15,28
262,Delivered,20:52:02,37
8441,Delivered,22:09:30,57
1119,Delivered,18:48:09,24
1724,In transit,,47
4984,Failed,,19
3637,Delivered,19:07:24,58
8834,Delivered,18:30:53,20
7231,Delivered,07:22:53,32
8649,Delivered,14:17:51,8
2911,Delivered,12:57:20,6
4775,Delivered,18:12:02,41
6483,Failed,,9
3293,Failed,,65
7945,Delivered,23:38:30,64
857,Delivered,02:34:31,59
921,Delivered,16:11:11,10
4258,Failed,,53
7381,Delivered,22:53:08,7
6547,Delivered,20:20:28,48
5473,Delivered,06:42:33,31
3245,Delivered,18:59:53,52
2361,Delivered,20:15:17,64
7189,Delivered,12:27:18,21
4873,Delivered,10:47:36,11
742,Delivered,13:21:03,57
3290,In transit,,47
8162,Delivered,13:03:11,61
7658,Delivered,17:02:27,33
2553,Delivered,13:11:19,30
6340,In transit,,54
7140,Delivered,00:56:48,2
4587,Delivered,22:43:04,7
2985,In transit,,24
7667,Delivered,20:41:37,67
8442,Delivered,14:46:08,6
4976,Delivered,07:58:23,37
4337,Delivered,00:11:24,54
5791,Delivered,08:44:33,50
712,In transit,,27
7908,Delivered,17:44:06,70
4752,Delivered,09:00:10,60
7311,In transit,,21
360,Delivered,22:54:32,53
5278,Delivered,21:08:20,13
8162,Delivered,15:03:11,3
4730,Delivered,14:22:39,56
1894,In transit,,68
7953,Delivered,02:53:41,27
3052,Delivered,13:41:19,51
7051,Delivered,11:22:48,42
7350,Delivered,01:52:34,60
655,Failed,,44
4495,Delivered,13:52:17,65
619,In transit,,19
6764,Delivered,12:59:56,23
7618,Delivered,01:01:37,31
5384,In transit,,17
1367,Delivered,15:57:57,10
4856,Delivered,21:51:37,47
7639,Delivered,10:33:12,38
4477,Delivered,10:57:35,15
6899,Failed,,15
1167,Delivered,14:12:27,32
6654,Delivered,14:26:52,59
3545,In transit,,40
6782,Delivered,08:35:29,44
6962,Delivered,20:21:33,34
3270,Delivered,23:14:03,55
4588,Delivered,08:19:18,44
7882,Delivered,12:25:59,67
3295,Delivered,14:55:44,20
2517,Delivered,08:19:40,66
8791,Delivered,18:02:24,39
5521,In transit,,63
7641,Delivered,00:30:49,4
4270,Delivered,18:31:50,48
5069,Delivered,12:30:33,58
8675,Delivered,22:44:53,51
1202,Failed,,23
3062,Delivered,17:35:29,65
1700,Delivered,01:15:22,39
7568,In transit,,62
6216,Delivered,09:50:32,1
117,In transit,,4
6664,Delivered,12:42:00,21
3286,Delivered,21:25:56,20
33,Delivered,12:43:04,28
3092,Delivered,17:58:38,65
1882,Delivered,17:55:03,5
1865,Failed,,45
709,In transit,,28
3808,Failed,,29
1976,Delivered,10:13:22,21
8383,In transit,,31
6345,Delivered,11:20:02,48
834,Delivered,22:47:55,61
2734,Delivered,15:08:36,48
7725,Delivered,14:17:38,70
2777,Failed,,57
416,Delivered,09:42:02,62
8178,Delivered,18:12:47,8
8512,Delivered,02:36:10,22
3237,Delivered,16:41:33,35
5645,In transit,,42
4184,Delivered,00:59:00,61
7691,In transit,,14
4193,Delivered,11:51:42,42
2845,Delivered,22:02:01,58
4383,Delivered,17:00:39,69
8338,Failed,,2
7646,Failed,,46
7421,Delivered,11:37:39,3
8662,Delivered,13:11:07,16
8388,Delivered,18:33:06,5
7946,Delivered,21:58:17,52
8993,Delivered,20:06:32,5
6350,Delivered,09:49:52,61
5073,Delivered,00:28:04,41
4729,In transit,,20
2752,Delivered,12:08:40,28
2651,Delivered,18:32:59,45
7192,Delivered,21:17:57,54
3715,Delivered,11:10:56,6
2647,Delivered,18:56:39,40
8559,Delivered,01:31:47,24
112,Delivered,22:51:07,11
1833,Delivered,11:38:41,65
4475,In transit,,64
4316,Failed,,60
6883,Delivered,19:41:45,53
8716,Delivered,02:07:32,35
4718,Delivered,16:37:18,39
7611,Delivered,20:30:17,39
6421,Delivered,11:01:46,61
2571,Delivered,13:26:14,68
2868,Delivered,15:57:56,42
2428,In transit,,50
5029,Delivered,16:01:21,52
4290,Delivered,00:02:49,21
4678,In transit,,11
4046,Delivered,15:42:02,50
6250,Delivered,10:44:39,42
7319,Delivered,11:30:45,34
8979,Delivered,18:12:41,34
4902,Delivered,10:26:13,21
4508,Delivered,11:32:52,49
5949,Delivered,23:39:16,50
4731,Delivered,20:07:03,34
3743,Failed,,38
7372,Delivered,15:44:11,66
7658,Delivered,19:02:27,18
8107,Delivered,15:58:29,23
5075,Delivered,14:49:00,58
5466,Delivered,09:07:13,3
3181,Delivered,23:35:37,58
8469,Delivered,11:36:41,25
1026,Delivered,16:55:19,2
6975,Delivered,15:41:40,14
1249,Delivered,14:22:06,45
7368,In transit,,10
2492,Delivered,00:42:14,21
2986,Delivered,17:13:41,41
1148,Delivered,21:06:15,23
5206,Delivered,03:11:36,48
8454,Delivered,21:52:24,60
5335,Delivered,16:42:59,27
1495,In transit,,7
5023,In transit,,20
481,Delivered,13:10:52,13
771,Delivered,13:19:22,43
2896,Delivered,14:13:33,49
3138,Delivered,12:08:53,44
8,Delivered,13:27:55,54
7179,Delivered,20:36:06,23
14,Delivered,12:32:01,61
8730,Delivered,22:11:19,39
3455,Delivered,17:58:15,4
8336,Delivered,18:54:01,46
5256,Delivered,19:58:55,55
5720,Delivered,17:17:00,41
7314,Delivered,13:10:37,40
7814,Delivered,09:33:43,69
5587,In transit,,26
4758,Delivered,17:40:26,69
41,Delivered,12:56:44,63
3167,Delivered,09:06:37,26
2846,Delivered,12:20:34,41
6493,Delivered,07:40:50,18
7850,Delivered,18:32:45,3
7861,Delivered,08:51:43,6
4134,In transit,,41
778,Delivered,08:48:11,49
3917,Failed,,15
2044,Delivered,14:25:55,70
8924,Delivered,22:52:27,61
4113,Delivered,18:00:20,69
4504,Delivered,22:02:31,8
2552,Delivered,22:59:34,41
4920,Delivered,09:54:59,41
4946,Delivered,14:00:10,34
588,Delivered,00:38:07,57
7617,Delivered,14:18:23,8
6247,Delivered,12:06:50,21
5413,Delivered,16:01:22,9
7240,Delivered,17:29:37,57
831,Delivered,17:57:42,16
4994,Delivered,13:23:20,64
8427,Delivered,11:04:30,57
6074,Delivered,19:52:10,51
4008,Delivered,01:04:11,30
7769,Failed,,19
4088,Delivered,15:46:28,63
8517,Delivered,21:50:51,34
2709,Delivered,00:14:51,23
1029,Delivered,13:13:35,46
5684,Delivered,22:55:44,43
7086,Delivered,19:29:54,19
2274,Delivered,01:56:16,43
5668,Failed,,43
1081,Delivered,14:24:19,70
5129,Failed,,12
2853,Delivered,14:06:02,65
8845,Delivered,22:17:00,68
141,Failed,,61
1600,Delivered,00:28:27,1
720,Delivered,11:28:27,62
8842,Delivered,11:59:28,20
6102,Delivered,09:27:11,61
4389,Delivered,15:22:47,70
1056,Delivered,00:15:15,66
8848,Delivered,23:37:58,12
7848,Delivered,12:33:56,65
5382,In transit,,32
4757,Delivered,10:02:04,36
6766,Delivered,17:34:43,19
3138,Delivered,13:08:53,59
5724,Delivered,23:27:52,12
7650,Delivered,20:04:05,35
2500,Delivered,15:54:10,60
2135,Failed,,19
2646,Delivered,19:37:00,66
2194,Delivered,08:47:56,32
3490,Delivered,21:50:42,17
7546,Delivered,12:16:29,33
2547,Delivered,20:53:27,22
3294,In transit,,46
8802,Delivered,13:15:31,28
6880,Delivered,14:23:04,13
2898,Delivered,12:00:31,1
1315,Delivered,14:32:34,12
966,Delivered,19:35:13,68
6266,Delivered,17:19:25,40
5021,In transit,,59
7889,Delivered,14:55:22,49
5429,Delivered,10:57:59,47
3135,Delivered,10:17:59,15
2414,Delivered,13:26:38,26
8011,In transit,,42
2378,Delivered,19:17:01,41
608,In transit,,45
1092,Failed,,44
1582,Delivered,18:57:32,13
4626,Delivered,17:21:15,55
6731,Delivered,14:35:38,9
7667,Delivered,22:41:37,58
4666,In transit,,45
975,Delivered,17:12:15,37
6211,Delivered,03:00:37,23
4923,Delivered,11:00:16,3
6338,Delivered,12:05:42,16
169,Delivered,11:29:14,56
7418,Delivered,14:14:10,16
1613,Delivered,23:10:36,37
1383,In transit,,12
4537,Delivered,16:52:59,57
2151,Delivered,13:10:44,29
4577,Delivered,17:31:05,30
699,Delivered,23:50:37,9
5709,Delivered,16:23:44,2
5858,Delivered,03:50:17,25
5622,Delivered,15:16:05,59
7119,Delivered,19:36:07,64
2476,Delivered,08:21:51,43
390,Delivered,17:32:54,56
1191,Delivered,20:16:20,35
4875,Delivered,21:16:37,32
1057,Delivered,21:34:01,61
969,Delivered,23:02:43,33
3513,Delivered,20:09:06,11
6679,Delivered,13:24:17,39
1545,In transit,,13
1948,Delivered,03:31:56,50
6440,Delivered,16:07:32,19
6483,Delivered,09:49:12,49
3853,Delivered,12:58:39,66
6261,Delivered,09:36:42,40
7155,Delivered,13:16:01,31
625,Delivered,13:48:11,6
1637,Delivered,23:54:10,67
8991,Delivered,10:06:35,59
8272,Delivered,00:35:05,27
1373,Delivered,06:43:11,48
7227,Delivered,19:12:24,13
6036,Delivered,21:22:04,62
4711,Delivered,12:09:09,38
3801,Delivered,17:22:29,10
5420,Delivered,18:27:40,42
7761,Failed,,30
4031,Delivered,21:37:07,30
6480,Delivered,15:57:03,20
3586,In transit,,68
5106,Delivered,03:08:02,18
6845,Delivered,14:25:35,17
7296,Failed,,56
2602,Delivered,00:31:43,69
4292,Delivered,12:16:18,39
6842,Delivered,11:21:04,65
8659,Delivered,17:14:46,53
972,Delivered,14:49:16,59
8839,Delivered,13:29:52,18
3640,Delivered,11:18:44,61
8441,Delivered,22:09:30,57
1944,Delivered,09:22:57,67
5894,Delivered,17:23:35,23
3821,In transit,,3
2291,Delivered,01:10:11,20
3091,Delivered,00:25:10,60
2482,Delivered,23:29:09,3
4015,Delivered,13:29:18,65
5660,Delivered,22:24:14,70
1066,Delivered,13:51:47,43
2785,Delivered,19:38:39,1
2766,Delivered,01:39:57,5
8575,Delivered,08:50:45,61
6622,Delivered,11:02:32,31
4367,Delivered,11:43:13,22
2462,Delivered,11:37:31,4
727,Delivered,17:00:09,10
7004,In transit,,70
2725,Delivered,13:58:02,42
326,Delivered,16:25:20,7
1887,Delivered,00:28:43,31
2616,Delivered,22:53:51,34
1408,Delivered,11:41:50,48
8614,Delivered,08:21:48,33
7420,Delivered,01:47:44,26
7858,In transit,,44
1140,Delivered,22:43:08,21
208,Delivered,12:32:51,37
7311,Delivered,13:28:32,21
2453,Delivered,13:37:56,65
5819,Delivered,12:55:28,39
240,Delivered,20:18:50,60
1287,Delivered,10:07:19,31
3287,In transit,,16
7024,Delivered,01:24:08,20
2145,Delivered,03:06:03,9
3699,In transit,,55
3494,In transit,,70
7639,In transit,,20
299,Delivered,17:36:00,38
5006,Delivered,17:21:32,3
7609,Delivered,16:23:44,4
7786,Failed,,21
8556,Delivered,19:28:04,11
4392,Delivered,23:33:41,32
543,Delivered,13:09:53,5
8104,Delivered,11:01:35,36
946,Delivered,18:39:19,20
7976,Delivered,14:32:53,53
6275,Delivered,16:13:21,35
1765,Delivered,22:57:56,31
1865,Delivered,16:32:15,6
8061,Delivered,15:06:58,36
5008,Delivered,20:30:23,14
7457,Delivered,10:41:00,9
4996,Delivered,13:48:39,25
4202,Delivered,07:58:50,13
2861,Delivered,22:16:53,44
4630,Delivered,22:04:57,35
7980,Delivered,18:10:52,43
958,Delivered,21:00:30,67
5094,Delivered,17:09:20,3
6946,Delivered,20:42:32,4
7213,In transit,,46
5844,Delivered,16:50:34,44
6910,Delivered,11:29:01,16
2096,Delivered,16:56:41,56
4270,Delivered,20:31:50,46
8521,Delivered,16:49:06,21
8946,Delivered,10:54:52,63
5743,Delivered,14:18:04,16
3527,Delivered,15:56:46,6
8322,Delivered,20:19:29,40
3951,Delivered,17:57:59,44
4436,Delivered,09:06:51,61
5893,Delivered,09:49:24,31
1049,Delivered,18:15:21,59
3547,Delivered,22:31:04,16
8650,Delivered,18:54:32,30
2739,Delivered,16:36:39,42
6823,Delivered,21:50:53,13
6295,In transit,,46
2006,Delivered,20:54:30,37
7448,Delivered,20:10:05,53
183,Delivered,09:43:22,32
6592,Delivered,18:43:45,64
4033,Delivered,14:34:36,39
3270,Delivered,20:14:03,45
8792,Delivered,07:16:44,13
4949,Delivered,13:46:56,65
3285,In transit,,36
7250,Delivered,08:15:53,2
2742,Delivered,21:25:04,24
6789,Failed,,23
6493,Delivered,06:40:50,28
6438,Delivered,18:29:46,33
8002,Delivered,19:17:05,9
5298,Delivered,19:42:52,43
5204,Delivered,11:30:33,44
7073,Delivered,02:06:09,23
335,Failed,,41
4609,Delivered,11:18:35,14
2909,Delivered,17:11:15,16
5974,Delivered,01:51:23,39
7023,Failed,,56
1460,In transit,,28
7944,In transit,,70
6909,Delivered,23:39:46,20
3649,Delivered,20:41:28,63
5740,Delivered,19:09:47,15
2793,Delivered,23:23:28,39
1772,Delivered,21:43:21,46
6115,Delivered,08:03:36,70
3647,Delivered,22:05:53,37
8348,Delivered,08:52:28,23
6893,In transit,,19
3821,Delivered,21:31:23,5
2108,Delivered,16:16:24,9
8701,Delivered,13:23:34,15
8587,Delivered,00:12:45,46
1707,Delivered,10:31:04,1
3062,Delivered,16:35:29,70
3207,Delivered,12:06:56,43
3722,Delivered,16:25:53,14
268,Delivered,00:48:09,45
1559,Delivered,01:37:23,28
8673,Delivered,11:58:10,23
3559,Delivered,02:50:03,49
7301,In transit,,15
1217,Delivered,16:46:08,16
8714,Delivered,19:07:14,8
2367,Delivered,13:48:20,45
3822,Delivered,03:55:35,49
6304,Delivered,15:56:14,65
5681,Delivered,17:06:37,45
6577,In transit,,21
5132,In transit,,52
151,Delivered,21:12:51,15
7537,Delivered,19:30:41,50
7241,Delivered,12:18:31,57
7395,Delivered,23:06:59,5
5802,Delivered,23:34:06,16
6499,Delivered,08:04:10,36
7566,Delivered,11:20:21,65
6711,Delivered,18:03:40,26
1457,Failed,,11
1284,Delivered,18:50:45,17
7783,Delivered,01:36:34,39
4065,Delivered,10:14:49,69
6659,Delivered,18:53:37,10
356,Delivered,20:21:17,47
6038,Delivered,20:53:48,64
3624,Delivered,20:07:16,58
263,In transit,,29
6877,Delivered,17:10:40,58
7380,In transit,,56
1259,Failed,,4
3733,Delivered,12:41:32,66
6556,In transit,,36
4639,In transit,,62
4230,Delivered,11:19:36,14
8188,Delivered,17:13:28,66
957,Delivered,17:39:47,32
7263,Delivered,20:44:26,58
327,Delivered,16:35:23,26
8506,Delivered,16:44:13,11
3929,Delivered,00:41:14,11
7162,Delivered,16:21:16,19
515,Delivered,14:35:52,34
5215,Delivered,23:59:40,49
3532,Delivered,20:28:08,15
7648,In transit,,68
6925,In transit,,3
4158,Failed,,8
8226,Delivered,09:09:43,1
6457,Delivered,22:45:21,8
760,Delivered,00:03:47,21
3859,Delivered,22:43:02,37
4294,Delivered,20:19:50,31
6282,Delivered,03:33:12,49
8100,Delivered,13:41:43,34
5742,Delivered,19:56:14,14
289,Delivered,17:22:04,22
6513,Delivered,13:34:34,11
6824,Delivered,00:24:04,9
2836,Delivered,13:16:27,16
3039,Delivered,13:43:14,56
182,Delivered,21:16:00,40
6654,Delivered,14:26:52,62
4947,Delivered,18:05:11,60
355,Delivered,03:35:30,27
7547,Delivered,11:03:53,16
5118,Delivered,07:35:52,25
5035,In transit,,67
6443,In transit,,64
1906,Delivered,19:23:43,45
367,Delivered,10:43:13,15
1354,Delivered,00:43:58,41
8935,In transit,,9
2856,Delivered,00:00:28,61
632,Delivered,09:42:18,3
4625,Delivered,18:17:34,21
87,In transit,,61
6704,In transit,,28
679,Failed,,70
99,Delivered,14:26:53,13
7623,Delivered,22:41:01,32
2703,In transit,,55
1668,Failed,,40
7872,Delivered,22:32:53,45
2421,In transit,,45
8432,Delivered,14:48:37,14
4569,In transit,,30
369,Delivered,17:09:59,4
3740,Failed,,66
3521,Delivered,15:57:15,58
7446,In transit,,31
5611,Delivered,23:45:53,70
5984,Delivered,20:30:49,33
2673,Delivered,00:22:56,16
6040,Delivered,08:38:05,30
7508,Delivered,11:56:53,63
2380,Delivered,11:16:41,59
4136,Delivered,14:17:25,14
8811,Failed,,6
1357,Delivered,07:47:23,6
5341,Delivered,20:13:19,38
775,Delivered,11:40:10,3
6214,Failed,,26
4427,Delivered,13:16:03,51
71,Delivered,16:57:00,38
7750,Delivered,13:31:14,10
2608,In transit,,60
6130,Delivered,08:31:14,13
8588,Delivered,22:54:02,31
6115,In transit,,44
7052,Delivered,12:05:39,6
5449,Delivered,12:56:18,66
731,Delivered,21:21:45,52
5946,Delivered,01:24:40,17
1101,Delivered,17:38:50,5
589,Delivered,23:17:11,61
7747,Delivered,02:10:41,7
6531,Delivered,14:31:10,43
3702,Delivered,03:37:07,55
8668,Delivered,22:20:13,40
5157,Delivered,15:30:06,43
2543,Delivered,19:59:34,56
4473,Delivered,19:30:21,33
6471,Delivered,00:46:44,63
6687,Delivered,02:22:50,36
2122,Delivered,16:01:25,8
1982,Delivered,22:24:03,23
7846,Delivered,17:33:28,50
516,Delivered,12:39:25,14
4798,Delivered,20:53:19,29
3376,In transit,,16
146,In transit,,52
5474,Delivered,14:36:43,4
7646,Delivered,23:12:22,41
4122,Delivered,21:10:05,37
7745,Delivered,17:15:40,24
2640,In transit,,43
3568,Delivered,23:57:18,24
7478,In transit,,12
757,Delivered,10:42:12,20
6614,Delivered,16:26:00,57
8356,Delivered,15:49:50,27
7947,Delivered,15:55:33,4
8969,Delivered,23:32:43,54
4857,Delivered,20:57:21,29
2170,Delivered,12:44:21,5
2672,Delivered,07:08:17,44
6721,In transit,,50
1589,Delivered,12:47:04,58
2848,Delivered,21:37:28,26
7232,In transit,,6
805,Delivered,13:03:25,44
5961,Delivered,14:15:35,48
1933,Delivered,21:50:53,60
8869,Delivered,08:50:10,15
4694,Delivered,17:48:07,34
3857,Delivered,22:32:53,31
8864,Failed,,65
387,In transit,,53
3102,In transit,,34
4752,In transit,,17
6292,Delivered,15:43:22,42
2812,Delivered,12:45:21,70
2951,Delivered,12:42:20,24
3539,Delivered,17:06:04,31
8778,In transit,,18
1694,Failed,,24
8513,Delivered,07:15:51,57
4136,Failed,,15
7226,Delivered,19:09:28,11
1857,In transit,,16
7713,In transit,,1
3490,Delivered,00:50:42,36
3817,Delivered,17:51:31,25
6953,Delivered,11:07:10,5
78,In transit,,65
4528,Delivered,13:07:53,8
7464,Delivered,17:36:59,25
2813,Delivered,00:49:33,12
6585,Delivered,11:23:13,2
6456,In transit,,24
1397,Delivered,12:56:22,21
125,Delivered,16:38:44,47
7994,Delivered,01:30:21,1
8808,Delivered,18:19:58,21
4040,Delivered,21:17:06,13
8196,Delivered,15:19:14,59
2026,Delivered,21:43:54,67
7306,Delivered,08:06:35,9
819,Delivered,19:11:40,64
7289,Delivered,12:14:07,39
5677,Delivered,13:53:51,26
7397,Delivered,14:53:23,61
8525,Delivered,13:19:29,40
6600,Delivered,03:49:37,38
1623,Delivered,02:52:54,70
8120,Delivered,10:29:32,64
7572,Delivered,13:13:35,36
8515,Delivered,01:11:11,43
299,Delivered,13:36:00,55
17,Delivered,10:26:41,25
8261,In transit,,52
8019,Delivered,14:17:57,40
5880,Delivered,21:18:05,57
2056,Delivered,18:49:20,33
4553,Delivered,13:34:42,17
8132,In transit,,51
2417,Delivered,22:13:32,35
2576,Delivered,19:36:36,35
5963,In transit,,66
3324,Delivered,15:39:31,68
1005,In transit,,41
1463,In transit,,47
4588,Delivered,09:19:18,56
706,Delivered,08:08:59,15
6256,Delivered,22:10:22,25
3437,In transit,,52
4669,Delivered,10:42:59,43
8208,Delivered,14:46:31,10
7114,Failed,,43
8885,Delivered,20:55:58,61
8017,Delivered,12:21:50,55
7654,Delivered,03:31:50,22
3457,In transit,,56
1021,Delivered,22:56:21,30
7338,Delivered,11:23:19,43
1819,Delivered,23:33:16,21
6097,Delivered,15:22:19,31
2794,In transit,,12
6871,Delivered,01:47:47,35
3456,In transit,,8
4174,Delivered,20:29:08,39
1423,Delivered,16:52:05,38
2176,Delivered,23:07:24,25
367,Delivered,14:43:13,57
7729,Delivered,17:16:12,47
8315,Delivered,23:21:29,37
6000,Delivered,01:57:28,42
8153,Delivered,15:25:50,18
2882,Delivered,17:53:22,8
7629,Delivered,13:43:39,22
6196,Delivered,19:21:59,55
5812,Delivered,00:50:49,32
4526,Failed,,13
6616,In transit,,13
7715,Delivered,21:10:55,67
5041,Delivered,22:34:37,13
7247,In transit,,23
951,Delivered,15:07:01,6
8664,Delivered,23:17:33,5
886,Delivered,19:16:36,60
7973,Delivered,12:26:29,15
1235,Delivered,12:36:41,44
1460,Delivered,19:43:08,38
1741,Delivered,14:35:32,48
114,Delivered,09:02:04,69
3954,Delivered,14:26:23,62
7064,Delivered,21:57:19,12
4534,Delivered,17:56:59,61
160,In transit,,27
5711,Delivered,14:42:14,18
7893,Delivered,18:26:50,26
8957,Delivered,11:32:29,6
6274,Delivered,16:53:17,46
5538,Delivered,09:55:10,19
4256,Delivered,14:49:32,62
3836,In transit,,69
6308,Delivered,10:45:41,63
2331,Delivered,21:37:35,20
5390,In transit,,68
5256,Delivered,19:58:55,65
7194,Delivered,20:43:30,19
891,Delivered,16:12:15,61
4024,Delivered,18:18:11,55
8377,Delivered,14:27:24,54
7593,Delivered,00:07:11,7
1226,Delivered,12:15:11,61
7769,Delivered,19:01:30,2
7055,In transit,,36
4101,Delivered,18:37:24,2
1214,In transit,,43
4508,Delivered,14:32:52,8
4138,In transit,,13
6698,Delivered,18:24:53,47
4207,Delivered,21:01:25,44
5800,Delivered,10:08:44,12
7313,Delivered,21:16:16,54
4540,Failed,,62
442,Delivered,08:12:04,54
4203,In transit,,10
5861,Delivered,16:05:31,49
1598,Delivered,18:46:42,52
4374,Delivered,13:45:01,37
6044,Delivered,23:47:21,19
7417,In transit,,17
406,Delivered,23:54:28,12
8845,Delivered,21:17:00,33
5226,Delivered,23:12:31,18
3215,In transit,,43
1573,In transit,,67
5286,Delivered,11:37:00,47
8072,Delivered,15:41:45,61
7499,In transit,,51
7593,Delivered,02:07:11,70
4302,In transit,,40
1910,Delivered,00:38:24,20
294,Delivered,22:44:02,23
268,Delivered,02:48:09,68
7476,Delivered,11:41:47,37
277,Delivered,16:10:58,59
4166,Delivered,10:59:56,12
8382,Delivered,21:34:38,16
5869,Delivered,21:27:40,24
6585,Delivered,12:23:13,28
5095,Failed,,55
2985,Delivered,21:15:55,12
4690,Delivered,10:10:57,61
3132,Delivered,18:59:57,63
642,Delivered,13:50:30,3
7991,Delivered,17:40:24,49
5829,In transit,,51
5474,Delivered,16:36:43,28
8017,Delivered,16:21:50,54
633,Failed,,28
3836,Delivered,15:09:26,12
4123,Delivered,21:34:57,33
275,Delivered,19:19:14,48
3306,Delivered,11:59:26,69
4489,Delivered,21:05:20,24
1918,Delivered,16:06:43,25
5741,In transit,,7
6079,Delivered,14:59:25,40
4973,Delivered,14:54:21,45
1787,Delivered,00:43:26,54
1227,Delivered,09:51:42,48
3490,Delivered,20:50:42,47
1497,Delivered,22:15:50,23
7621,In transit,,27
6621,Delivered,12:31:30,67
552,Delivered,03:37:03,51
5775,Delivered,22:36:29,55
1632,In transit,,55
4280,Delivered,18:57:25,54
2937,Delivered,21:26:16,66
598,Delivered,21:32:27,28
8604,Failed,,61
2533,Delivered,21:38:42,45
2626,Delivered,17:59:58,16
8622,Delivered,09:04:35,50
7989,Delivered,00:00:15,59
6377,Delivered,15:04:23,54
611,Delivered,13:25:43,9
2108,Delivered,14:16:24,33
5592,Delivered,13:21:10,44
4201,Delivered,10:24:37,10
5860,Delivered,01:27:27,22
8229,Failed,,30
4590,Delivered,14:26:42,16
5972,Delivered,22:13:35,25
5084,Delivered,09:41:38,10
2253,Delivered,12:42:04,7
2248,Delivered,01:07:31,3
310,Delivered,07:16:40,46
1411,Delivered,17:42:10,52
5656,In transit,,19
5215,Delivered,03:59:40,12
7999,In transit,,63
2605,Delivered,10:28:45,60
1513,Delivered,15:09:56,40
4315,Delivered,14:05:39,67
5597,Delivered,16:27:43,39
4161,Delivered,12:03:37,14
8917,Failed,,8
8022,Delivered,18:46:35,24
8869,In transit,,37
3230,Delivered,07:30:43,59
4870,In transit,,68
6017,Delivered,14:21:42,62
8638,Delivered,21:28:37,25
4913,Failed,,70
7144,Delivered,18:03:34,24
5570,Delivered,21:21:10,25
8517,In transit,,61
5164,Delivered,22:31:27,56
3738,Delivered,13:32:02,16
8378,Delivered,10:55:01,4
6705,Delivered,19:30:31,60
8353,Delivered,11:19:52,69
5085,Delivered,22:50:33,47
1865,Delivered,15:32:15,29
7866,In transit,,65
4530,Delivered,00:56:46,50
7723,In transit,,50
7002,Delivered,09:25:35,21
6145,Delivered,20:43:33,31
5179,Delivered,22:17:53,60
237,Delivered,01:12:04,53
8339,Delivered,17:16:09,50
3240,Delivered,13:35:21,53
5095,Delivered,19:52:50,70
2947,Delivered,22:37:13,14
5238,Delivered,00:45:26,54
1294,Delivered,13:48:59,11
7074,Delivered,16:59:14,28
1478,Delivered,17:05:47,59
419,Delivered,19:38:07,43
8163,Delivered,18:54:37,50
6524,Delivered,20:21:04,70
1087,Delivered,18:19:55,3
349,Delivered,13:14:22,18
7326,Failed,,7
32,Delivered,07:56:08,19
4360,In transit,,9
5122,Delivered,13:53:15,39
1795,Delivered,15:03:10,24
1811,Delivered,23:43:52,1
1616,Delivered,22:29:25,63
2318,Delivered,03:27:12,68
1262,Delivered,00:51:04,10
1031,Delivered,08:23:55,55
1622,In transit,,8
4162,Delivered,06:32:36,64
4268,In transit,,40
6478,In transit,,44
4434,Delivered,17:52:01,3
2450,Delivered,21:09:58,28
4040,Delivered,01:17:06,8
6903,Delivered,08:18:53,12
4800,In transit,,21
7042,Delivered,09:45:14,17
1157,In transit,,56
7027,Delivered,15:07:22,8
8318,Delivered,23:23:04,11
7417,Delivered,12:50:27,60
4445,Delivered,11:01:55,68
6672,Failed,,15
6176,Delivered,17:39:10,33
4920,Delivered,13:54:59,29
2578,Delivered,18:24:55,68
910,Delivered,00:58:21,50
8373,Delivered,22:02:05,59
6510,Delivered,13:08:08,66
326,Delivered,18:25:20,7
5193,Delivered,23:03:24,29
3216,Delivered,15:30:37,4
732,Failed,,39
820,Delivered,23:47:29,43
1438,Delivered,20:41:15,11
8518,Failed,,21
6193,In transit,,56
4481,Delivered,20:35:24,28
3612,Delivered,17:12:22,41
8574,Delivered,13:00:06,68
1857,Delivered,14:06:59,36
264,In transit,,55
6644,Delivered,07:17:45,69
6860,Failed,,22
7434,Failed,,8
5284,Delivered,12:44:40,9
2824,Delivered,14:59:16,35
1668,Delivered,21:59:19,56
4613,Delivered,21:30:36,16
7727,Delivered,22:39:59,46
6084,Delivered,15:41:04,30
5625,Delivered,19:19:47,58
4988,Delivered,23:08:10,17
7079,Delivered,18:48:55,26
2180,In transit,,15
5674,Delivered,15:01:50,62
5299,Delivered,07:58:57,51
4877,Delivered,01:57:28,11
73,Delivered,15:47:30,26
8090,In transit,,4
8212,Delivered,15:49:51,47
8082,Delivered,14:00:28,16
558,Failed,,68
5537,Delivered,19:42:14,52
3763,In transit,,29
6321,In transit,,54
1696,Delivered,13:48:53,38
3881,Delivered,19:20:59,67
2948,Delivered,20:48:36,7
5898,In transit,,66
8986,Delivered,21:44:56,3
4551,Delivered,15:19:57,64
4931,Delivered,00:39:49,48
3953,Delivered,10:11:01,70
7319,Delivered,11:30:45,64
6977,Delivered,02:10:42,22
725,Delivered,13:34:26,37
1764,Delivered,12:30:42,9
4856,Delivered,20:51:37,48
8260,Failed,,61
2684,In transit,,51
4336,Delivered,15:15:10,46
1001,Delivered,13:55:16,12
177,Delivered,14:56:27,25
7383,Delivered,21:15:18,4
8486,Delivered,20:50:10,10
4764,Delivered,23:25:31,5
4354,Delivered,10:20:12,31
8750,Delivered,14:20:46,24
7075,Delivered,00:44:22,60
24,In transit,,30
7811,In transit,,49
4382,In transit,,9
4899,Delivered,13:04:37,21
53,Failed,,65
4455,Delivered,21:28:31,26
3751,Delivered,11:47:57,44
7248,Delivered,19:57:37,40
7179,Delivered,17:36:06,63
5624,Delivered,16:31:07,37
3295,Delivered,14:55:44,60
3431,Delivered,23:54:29,59
8251,Delivered,21:57:16,20
6989,Delivered,21:27:35,57
8730,Delivered,23:11:19,6
6069,Delivered,00:02:42,25
5677,Delivered,09:53:51,15
8435,Delivered,14:29:44,36
6942,Delivered,16:07:38,48
6873,Delivered,22:14:48,51
1231,In transit,,8
2149,Delivered,11:43:38,59
4123,In transit,,30
6908,Delivered,23:07:29,26
5004,In transit,,26
1452,Delivered,09:28:10,1
5112,In transit,,54
6883,Delivered,21:41:45,11
4088,Delivered,15:46:28,11
5086,Delivered,13:35:33,5
2029,Delivered,01:01:58,30
3699,Delivered,12:02:01,57
2731,Delivered,18:43:28,22
5740,Delivered,20:09:47,22
5005,Delivered,16:53:20,43
2577,Delivered,19:56:33,68
1068,In transit,,63
68,Delivered,16:36:08,23
1927,Delivered,17:38:37,30
4801,Delivered,10:22:33,21
5120,Delivered,17:50:12,16
8150,Delivered,23:45:30,49
468,Delivered,20:29:57,19
6263,Delivered,22:43:56,31
2792,Delivered,13:05:22,55
7739,In transit,,70
6723,Delivered,12:29:42,27
5530,Delivered,10:50:59,36
6262,Delivered,23:53:11,19
5330,Delivered,06:23:43,14
2863,Delivered,15:04:03,52
3763,Failed,,11
3623,Delivered,21:52:26,51
3157,Delivered,18:23:05,67
8268,Delivered,14:54:13,34
5372,Delivered,12:26:32,32
6667,Delivered,18:11:06,12
2931,Delivered,16:07:37,19
6867,Delivered,16:25:15,25
23,Delivered,11:01:12,32
8880,Delivered,20:12:31,38
6601,Delivered,10:56:17,29
3434,Delivered,17:18:42,29
2148,Failed,,48
3874,Delivered,11:17:44,42
3190,In transit,,43
3459,Delivered,11:29:58,30
3888,Delivered,11:44:32,70
1963,Delivered,12:30:28,23
6648,Delivered,11:20:37,65
940,Delivered,15:41:40,55
7517,Delivered,06:29:57,15
7789,Delivered,18:29:23,32
5672,Delivered,12:09:38,46
8836,Failed,,36
2465,In transit,,62
8767,Delivered,20:51:12,27
5054,In transit,,26
2985,Delivered,00:15:55,9
2869,Delivered,12:52:17,55
5224,In transit,,15
3094,Delivered,14:43:06,61
1524,Delivered,23:13:54,40
6541,Delivered,11:41:17,22
2466,Failed,,51
6998,Delivered,12:52:33,37
5890,Delivered,22:36:00,34
7901,Delivered,11:43:53,51
5339,Delivered,17:39:09,54
7952,Delivered,08:55:48,19
1639,In transit,,17
4497,Delivered,15:43:49,6
3053,Delivered,22:29:15,49
2633,Delivered,11:24:29,57
657,Failed,,20
980,Delivered,15:38:31,70
6671,Delivered,12:35:44,7
4980,Delivered,11:27:26,65
168,Delivered,16:45:11,5
5705,In transit,,57
4713,Delivered,15:12:50,40
1380,Delivered,15:11:01,63
4751,Delivered,02:10:08,37
76,Failed,,60
2919,Delivered,15:59:12,13
5155,Delivered,20:34:40,65
1185,Delivered,00:40:57,26
4663,Delivered,15:49:17,51
4870,Delivered,11:16:05,40
7383,Delivered,23:15:18,23
4004,Delivered,09:45:15,68
2253,Delivered,10:42:04,2
719,Delivered,12:58:39,69
1594,Delivered,11:48:52,68
3531,Delivered,17:10:14,5
5110,Delivered,09:09:20,70
401,Delivered,12:53:54,39
2519,Delivered,00:23:02,34
1229,Delivered,21:59:46,24
826,Delivered,23:28:04,14
7664,Delivered,19:54:32,58
8775,Delivered,12:54:52,54
2065,Delivered,10:51:31,44
2175,In transit,,43
5019,Delivered,16:26:27,65
26,Delivered,19:24:23,24
3483,Delivered,19:45:21,46
8482,Delivered,22:45:24,5
3356,Delivered,18:58:44,12
493,Delivered,13:32:26,53
1268,Delivered,14:49:18,28
4620,Delivered,15:16:31,7
6107,Delivered,21:37:27,25
5106,Delivered,00:08:02,53
7826,Delivered,14:12:51,66
1084,Delivered,12:07:13,25
7733,Delivered,19:47:29,37
6775,In transit,,21
2065,Delivered,12:51:31,29
4248,Delivered,21:51:40,65
6883,Delivered,22:41:45,17
6495,Failed,,13
8957,Delivered,14:32:29,27
4255,Delivered,00:38:03,27
7554,Delivered,18:05:06,52
5118,In transit,,5
316,Delivered,22:28:44,54
5744,Delivered,23:34:11,51
4878,Delivered,15:34:04,39
5077,Delivered,17:28:09,39
5476,Delivered,20:39:04,56
3252,Delivered,17:19:04,22
2877,Delivered,22:31:19,1
2818,Delivered,11:48:49,14
7144,In transit,,58
1381,Delivered,10:38:02,47
8358,In transit,,60
5587,Delivered,20:02:56,26
8280,Delivered,11:11:00,40
1080,Delivered,09:24:58,65
5848,Delivered,14:54:40,18
1728,Delivered,13:08:32,38
488,Delivered,03:53:28,36
2734,In transit,,31
654,In transit,,27
6811,Failed,,5
4617,Delivered,20:37:39,32
391,Delivered,18:47:41,39
6389,Delivered,23:58:37,20
5713,Delivered,14:15:24,19
4467,Delivered,07:45:55,24
8194,Delivered,22:25:14,9
6244,In transit,,42
418,Delivered,15:33:01,26
1036,Delivered,14:23:15,25
2981,Delivered,09:56:28,66
8002,Failed,,64
1362,In transit,,45
7836,Delivered,06:57:59,64
6861,Delivered,17:56:38,56
2371,Delivered,00:37:50,33
8824,In transit,,66
4593,Delivered,10:20:57,34
8934,Delivered,11:56:59,5
728,Delivered,16:52:12,18
6821,Delivered,18:08:23,46
5622,Delivered,13:16:05,68
2243,Delivered,11:32:23,12
6932,Delivered,01:21:13,68
4800,In transit,,39
3009,In transit,,69
3941,Delivered,23:23:25,50
5865,Failed,,32
447,Delivered,20:03:36,68
4778,Delivered,08:10:04,44
7884,Delivered,23:06:45,15
8871,Delivered,20:57:07,44
4057,Delivered,12:33:15,24
1833,Failed,,14
7482,Delivered,22:16:36,7
3834,Delivered,02:15:11,60
3762,Delivered,11:13:24,69
8303,Delivered,10:06:19,46
8003,Delivered,23:06:12,66
6052,Delivered,20:27:43,50
3997,Delivered,16:42:55,1
6177,Delivered,11:38:28,60
7132,In transit,,20
4037,Delivered,06:44:08,25
7471,Delivered,13:02:48,54
7209,Delivered,20:22:19,39
2752,In transit,,33
3125,Delivered,10:49:39,38
2266,Delivered,18:27:12,46
2809,Delivered,09:59:35,26
8339,Delivered,16:16:09,8
5879,Delivered,10:34:40,53
7715,Delivered,21:10:55,5
5202,Delivered,23:32:11,69
4,Delivered,23:19:09,38
3923,Delivered,23:09:58,22
4015,Delivered,08:29:18,58
3709,Delivered,11:51:51,25
7853,Delivered,02:55:24,53
2831,In transit,,54
7213,Delivered,07:56:35,25
8876,Delivered,09:12:44,30
973,Delivered,18:34:47,16
1736,Delivered,23:57:30,22
4757,In transit,,43
2224,In transit,,14
2233,In transit,,1
1805,Delivered,14:06:00,5
822,Delivered,13:47:38,47
7127,Delivered,22:33:08,57
706,Delivered,08:08:59,66
5422,Delivered,16:10:13,3
8913,In transit,,6
5301,Delivered,08:04:57,35
6619,Delivered,16:31:32,57
7322,Delivered,20:45:52,45
6576,Delivered,19:26:31,33
1343,Delivered,22:07:56,31
2568,Delivered,08:29:46,25
3717,Delivered,11:37:29,65
1935,Delivered,16:59:56,38
1559,Delivered,21:37:23,13
7820,Delivered,23:11:57,34
3535,Delivered,18:39:30,60
3145,In transit,,55
3273,Delivered,08:35:27,20
1614,Delivered,22:07:05,10
4682,Delivered,12:38:46,18
1469,Delivered,21:23:30,7
220,Delivered,15:08:12,28
5042,Delivered,11:08:35,5
4480,Delivered,11:09:57,9
6480,Delivered,15:57:03,40
920,Delivered,21:13:17,12
2447,In transit,,58
4262,Delivered,20:05:49,52
5924,Delivered,15:20:21,67
2492,Delivered,00:42:14,64
7902,Delivered,21:41:06,3
7661,Delivered,22:12:36,58
7547,Failed,,32
6348,Delivered,23:53:09,30
706,Failed,,2
4480,Delivered,10:09:57,14
5412,Delivered,11:55:12,46
8136,Failed,,10
2841,Delivered,13:38:13,50
2274,Failed,,65
44,Delivered,14:04:16,26
6534,Delivered,16:18:19,25
4075,Delivered,19:17:37,3
5032,Delivered,09:05:49,56
6350,Delivered,10:49:52,66
176,Delivered,08:22:54,24
8633,In transit,,12
8429,Delivered,17:32:49,65
1513,In transit,,3
4765,Delivered,23:35:49,57
4757,Delivered,09:02:04,42
8228,Delivered,17:39:40,48
6293,Delivered,13:13:39,56
4667,Delivered,15:09:55,51
422,In transit,,69
7144,Delivered,23:03:34,19
6210,Delivered,16:58:03,52
116,In transit,,57
4521,Delivered,17:26:50,40
3158,Delivered,22:04:26,21
1076,In transit,,55
1805,Delivered,12:06:00,44
2216,Delivered,14:47:11,29
86,Delivered,17:18:41,19
4592,Delivered,23:45:49,8
486,Delivered,01:20:55,25
4657,Delivered,17:09:43,54
8592,Delivered,15:40:01,68
3036,Delivered,11:33:04,47
2042,Delivered,08:24:06,30
2105,Delivered,21:24:32,27
6504,Delivered,14:49:23,68
7921,Failed,,25
1324,Delivered,20:18:42,69
4991,Delivered,22:30:37,64
7132,Delivered,18:26:11,33
5694,In transit,,11
2905,Delivered,11:07:50,20
563,Delivered,22:28:28,13
8977,Delivered,23:17:45,13
886,Failed,,27
7920,Delivered,19:46:28,1
4718,Delivered,20:37:18,67
3992,In transit,,8
1212,Delivered,02:34:12,69
3692,Delivered,17:51:48,18
8701,Delivered,10:23:34,44
1639,Delivered,07:03:06,3
142,In transit,,25
7563,In transit,,65
8198,Delivered,20:42:19,18
582,Delivered,23:31:36,44
246,In transit,,6
2216,In transit,,12
3276,Delivered,06:05:40,56
204,Delivered,15:54:42,48
6013,Delivered,02:20:05,18
7216,Delivered,20:50:25,43
8162,Failed,,8
4613,In transit,,35
4352,Delivered,22:53:41,20
4959,In transit,,61
4310,Delivered,18:27:58,25
5413,Delivered,13:01:22,37
153,Delivered,09:25:06,45
8453,Delivered,13:52:34,36
4325,Delivered,10:56:20,47
2021,Delivered,07:20:29,55
545,Delivered,14:30:20,62
7093,Delivered,08:49:27,1
3166,Delivered,15:43:41,16
1854,In transit,,43
6841,Delivered,12:41:36,49
1208,Failed,,8
74,Delivered,23:35:52,25
8119,In transit,,37
8152,Delivered,19:55:22,70
5498,Delivered,16:49:38,53
5783,Delivered,14:50:53,50
8002,Delivered,16:17:05,45
2152,Delivered,06:40:12,59
4750,In transit,,20
5660,Delivered,22:24:14,64
4515,Delivered,00:09:23,32
7971,Failed,,42
5933,Delivered,13:01:16,52
2698,Failed,,53
4081,Delivered,19:46:55,25
1793,Delivered,00:17:26,40
6607,Delivered,21:06:28,38
4548,Delivered,01:54:08,50
2404,Delivered,23:18:10,21
3349,Delivered,21:59:43,66
7516,In transit,,63
204,Delivered,15:54:42,35
7530,Delivered,09:33:39,20
6561,In transit,,38
8334,In transit,,29
7803,Delivered,02:26:26,61
795,Delivered,12:10:53,7
7652,Delivered,18:12:26,21
8524,Delivered,17:31:31,42
1256,Delivered,02:28:21,1
3942,Delivered,13:20:42,62
4456,Delivered,19:54:05,19
3846,Delivered,21:00:15,53
7289,In transit,,58
1320,Delivered,22:08:57,31
7485,Delivered,18:21:09,10
3272,Delivered,15:06:36,8
7827,Delivered,14:26:55,40
6905,Delivered,19:11:10,36
1657,Delivered,14:02:21,32
7647,In transit,,68
2360,In transit,,48
5823,Delivered,11:26:27,28
7300,Delivered,22:17:56,35
3132,Delivered,16:59:57,11
561,In transit,,70
5617,Delivered,02:49:58,55
4704,Delivered,23:55:47,9
8128,Delivered,16:58:19,32
8789,Delivered,09:12:54,63
6092,Delivered,12:09:02,63
6405,In transit,,54
2500,Delivered,18:54:10,34
1325,In transit,,46
4358,Delivered,08:49:59,68
6170,Delivered,21:09:50,10
5946,Delivered,00:24:40,61
5792,Failed,,27
3384,Delivered,08:57:26,67
4100,Delivered,12:11:29,43
1499,Delivered,11:28:50,58
7311,Delivered,09:28:32,3
7624,Delivered,09:59:41,1
4650,Delivered,01:35:10,48
5381,Delivered,12:46:14,28
7207,Delivered,23:37:57,16
1309,Delivered,09:22:14,20
709,Delivered,14:17:11,9
1031,Delivered,10:23:55,12
707,Delivered,14:55:54,48
5203,Delivered,20:58:24,16
6406,In transit,,12
5460,In transit,,12
4776,Delivered,08:48:29,11
8832,Delivered,20:40:55,29
3405,Delivered,18:35:05,42
7844,In transit,,13
1734,Delivered,02:23:59,4
7270,In transit,,68
6609,Delivered,23:45:12,4
987,Delivered,10:52:01,40
8741,Delivered,21:20:45,22
5272,In transit,,17
8878,Delivered,21:39:03,65
3670,Delivered,16:24:13,70
3984,Delivered,22:29:41,43
4341,Delivered,12:01:49,30
1272,Delivered,15:43:09,7
4913,Delivered,13:20:22,47
2999,Delivered,18:22:26,3
7196,In transit,,4
2723,In transit,,34
1225,Delivered,21:28:33,55
7141,Delivered,02:24:59,54
7549,Delivered,02:48:26,62
4680,In transit,,53
8275,Delivered,14:52:10,7
7113,Delivered,01:49:17,55
3240,Delivered,10:35:21,39
3690,Delivered,12:11:28,24
6524,Delivered,21:21:04,37
608,Delivered,18:34:37,18
924,Delivered,17:28:52,7
5348,Delivered,09:43:05,68
5021,In transit,,1
42,Delivered,10:34:08,68
2366,Delivered,18:50:26,22
3831,Delivered,17:34:05,53
2641,Delivered,15:15:24,52
6853,Delivered,06:28:21,32
7429,Delivered,18:47:56,66
38,Delivered,20:00:14,30
4287,Delivered,02:40:34,34
4851,Delivered,12:12:33,27
6142,In transit,,69
2598,In transit,,9
7018,In transit,,61
4937,Delivered,21:11:18,11
1358,Delivered,06:27:18,61
6985,Delivered,11:42:04,2
6401,In transit,,46
4499,In transit,,59
5341,Delivered,18:13:19,57
3823,Delivered,12:53:02,10
4046,Delivered,16:42:02,10
7354,Delivered,06:35:15,5
1653,Delivered,19:21:16,22
8357,Delivered,20:57:44,31
6455,Delivered,13:40:29,53
3577,In transit,,2
8597,Delivered,23:48:56,32
2855,In transit,,66
6583,Delivered,17:46:20,14
8690,In transit,,39
8928,Delivered,20:49:54,45
715,Failed,,7
2919,Delivered,17:59:12,43
4326,Delivered,08:19:28,41
8877,In transit,,6
2444,Delivered,11:21:43,45
5591,Delivered,15:54:06,34
5669,In transit,,59
1420,Delivered,20:57:39,40
7282,Failed,,52
6672,Delivered,11:20:58,56
7015,In transit,,67
1567,Delivered,21:09:59,16
7464,Delivered,17:36:59,52
6627,Failed,,26
690,Delivered,16:02:10,36
7371,Delivered,18:57:47,67
5910,In transit,,37
7466,Delivered,06:31:30,33
3513,Delivered,23:09:06,65
3883,Delivered,18:40:34,55
5067,Delivered,14:56:52,40
5719,Delivered,16:06:23,6
8992,Delivered,00:27:39,36
6710,Delivered,11:03:03,2
8693,Delivered,16:06:34,57
8932,Delivered,16:34:20,7
3442,Delivered,23:03:26,52
8939,Delivered,11:27:05,41
8770,Delivered,22:42:25,28
5879,Delivered,10:34:40,54
8638,Delivered,23:28:37,48
5956,Delivered,15:27:11,62
4818,Delivered,08:47:15,31
12,Delivered,12:26:31,1
853,In transit,,39
433,Delivered,01:14:48,61
4117,Delivered,01:46:24,10
3041,Delivered,17:54:26,5
8806,Delivered,21:46:54,51
7357,Delivered,09:08:04,35
4798,Delivered,22:53:19,10
3939,Delivered,08:05:42,52
303,Delivered,07:13:34,65
3477,Delivered,16:33:09,51
938,Delivered,16:03:14,29
5235,Delivered,11:53:54,30
2505,Delivered,21:59:11,66
7531,Delivered,20:31:04,67
7053,Delivered,12:02:21,9
306,Delivered,19:48:39,45
8108,Delivered,11:05:37,70
7484,In transit,,34
7778,Delivered,18:33:12,38
8203,In transit,,42
128,In transit,,12
2249,Delivered,12:39:45,44
6294,Delivered,20:03:49,31
1002,In transit,,70
4268,Delivered,21:57:23,9
4122,Delivered,01:10:05,22
625,Delivered,13:48:11,20
3689,Delivered,12:42:41,48
6468,In transit,,66
7656,In transit,,48
5211,Delivered,17:42:44,70
6919,Delivered,21:36:46,9
171,Delivered,11:50:43,44
5903,Delivered,19:35:29,38
1431,Delivered,20:22:57,40
3316,Failed,,61
6284,Delivered,23:18:36,36
5333,Delivered,13:58:10,29
3859,Delivered,01:43:02,27
4607,Delivered,00:33:45,45
4887,Delivered,18:02:37,40
6584,Delivered,11:04:38,20
2551,Delivered,08:33:38,25
3949,Delivered,22:20:43,45
1065,In transit,,6
1018,Delivered,15:06:20,41
48,In transit,,62
1554,Delivered,16:55:33,24
8503,In transit,,29
4082,Delivered,20:14:59,60
2893,In transit,,65
1112,Delivered,17:35:54,6
1805,Delivered,09:06:00,63
1883,Delivered,08:28:01,19
3644,Delivered,16:45:51,45
4321,Delivered,13:29:07,60
6610,Delivered,07:08:39,55
5723,Delivered,15:46:06,66
8402,Delivered,21:20:16,26
8958,In transit,,42
906,In transit,,9
8648,In transit,,14
2495,Delivered,20:41:59,37
6742,Failed,,50
1098,Delivered,12:14:54,57
112,Delivered,19:51:07,50
2187,Delivered,17:21:22,28
3760,In transit,,46
5585,Delivered,01:06:08,62
7895,Delivered,15:11:31,11
267,In transit,,8
2138,Delivered,06:47:58,46
2698,Delivered,22:10:09,24
7243,Delivered,00:49:11,52
2914,Delivered,22:42:46,69
571,Delivered,22:29:41,23
1901,Failed,,35
5743,In transit,,51
7067,In transit,,6
3076,Delivered,13:57:40,1
5726,Delivered,23:20:54,9
4625,Delivered,14:17:34,67
35,Delivered,00:15:25,67
5291,Delivered,07:53:38,1
5002,Delivered,00:05:31,43
2839,Delivered,17:16:57,23
528,Delivered,02:46:48,69
8975,Delivered,15:47:58,26
3234,Delivered,10:19:48,28
8019,Delivered,09:17:57,58
8808,In transit,,5
5749,Failed,,16
2191,Delivered,00:13:20,17
476,Delivered,12:35:25,67
7361,Delivered,10:26:57,32
870,Delivered,23:06:40,30
256,Delivered,17:39:17,64
6480,Delivered,18:57:03,63
5687,Delivered,13:16:58,42
4984,In transit,,18
4159,In transit,,60
983,Delivered,01:32:58,1
5385,Delivered,09:09:33,37
8468,Delivered,13:01:00,33
7750,Delivered,13:31:14,40
8072,Delivered,14:41:45,29
1514,Delivered,18:16:25,45
6831,Delivered,11:53:27,56
6002,Delivered,08:01:56,16
8485,Delivered,16:45:31,33
3678,Delivered,19:06:25,32
4308,In transit,,21
7430,Delivered,21:19:43,20
1941,Delivered,22:10:51,26
430,In transit,,48
8187,Delivered,15:58:26,10
5469,Delivered,18:38:41,24
4245,Delivered,14:36:44,17
6799,Delivered,16:27:48,61
6110,Delivered,12:34:07,8
7039,Delivered,20:09:12,67
6698,Delivered,18:24:53,38
5392,Delivered,12:04:09,7
8465,Delivered,13:45:19,66
1248,Delivered,00:05:50,14
7243,Delivered,23:49:11,65
5295,Delivered,18:06:17,9
1698,Delivered,06:37:02,20
2242,Delivered,20:03:08,12
8326,Delivered,17:55:45,34
5152,Delivered,17:28:37,11
4584,Delivered,11:21:17,18
1684,Delivered,09:14:37,41
7530,Delivered,14:33:39,3
5087,Delivered,03:54:10,9
8272,Delivered,02:35:05,34
5212,Delivered,21:49:00,39
4731,In transit,,61
7458,Delivered,12:44:38,69
4524,Delivered,11:00:43,5
3016,Delivered,09:49:28,19
1241,Delivered,07:31:29,29
4987,Delivered,21:31:31,32
6937,Delivered,18:56:08,58
7115,Delivered,18:01:02,7
1678,Delivered,15:46:53,28
940,Delivered,12:41:40,67
18,Delivered,14:09:18,4
2988,Delivered,17:41:33,63
6617,Delivered,14:24:33,38
1863,Delivered,13:52:05,15
6447,Delivered,17:36:44,10
41,Delivered,12:56:44,3
6918,Delivered,16:00:18,57
2823,Delivered,15:07:28,53
2608,Delivered,19:53:16,40
4850,Delivered,12:24:06,28
8783,Delivered,13:51:44,48
3900,Delivered,18:22:04,3
8023,In transit,,25
226,Delivered,21:16:36,14
4500,Delivered,14:30:07,42
725,Delivered,12:34:26,52
6789,Delivered,07:58:39,32
7926,In transit,,54
1340,Delivered,14:53:12,19
1351,Delivered,10:27:45,31
3868,Delivered,17:02:19,58
2533,Delivered,19:38:42,53
4596,Delivered,13:19:03,8
4032,Delivered,19:04:30,5
1245,Delivered,21:34:10,16
8820,In transit,,43
3542,Delivered,07:08:36,20
2820,Failed,,24
5012,Delivered,12:09:29,52
7796,Delivered,22:07:39,56
5104,Delivered,22:33:05,64
8189,Delivered,14:21:37,43
4446,Delivered,21:41:02,46
391,Delivered,21:47:41,10
4509,Delivered,23:04:31,27
3310,Delivered,11:26:17,11
1392,Delivered,19:07:05,70
4570,In transit,,27
8471,Delivered,15:42:06,33
4238,Delivered,22:42:39,47
5648,Delivered,11:25:56,39
4919,Delivered,16:20:25,66
2606,Delivered,22:13:03,50
3114,In transit,,23
3618,Delivered,14:45:08,30
6386,In transit,,17
8501,Delivered,15:08:51,65
3508,Delivered,00:07:10,64
420,Delivered,17:46:00,5
5684,Delivered,21:55:44,57
5446,Failed,,27
6833,Delivered,21:54:40,47
3097,In transit,,20
8209,Delivered,19:01:39,9
2294,Delivered,11:07:19,52
7206,Delivered,21:26:21,16
3465,Delivered,20:03:26,41
596,In transit,,26
8528,Delivered,16:17:05,31
7120,Delivered,10:28:20,31
3397,Delivered,03:28:49,46
7388,Failed,,67
4922,In transit,,33
6109,Delivered,13:29:26,52
7896,Delivered,21:53:59,66
8940,Failed,,41
7963,Delivered,16:21:24,59
7009,Delivered,16:07:51,47
6164,Delivered,11:22:57,43
6914,Delivered,18:08:49,16
6774,Failed,,39
5351,Delivered,01:30:48,42
4649,Delivered,12:10:42,16
5837,Delivered,20:51:42,39
3830,In transit,,32
7407,Delivered,19:09:08,22
3216,Delivered,16:30:37,14
6353,Delivered,12:31:46,23
1531,Delivered,15:54:28,64
6510,Delivered,15:08:08,66
4379,Delivered,21:53:08,33
5257,Delivered,12:23:52,58
3570,Delivered,11:20:42,57
1715,Delivered,12:14:40,17
5841,In transit,,49
2807,Delivered,16:00:28,51
1447,Delivered,22:04:36,42
6134,Delivered,11:12:51,58
6756,Delivered,16:31:40,43
3025,Delivered,01:32:37,30
5802,Delivered,01:34:06,30
6865,In transit,,59
1279,Delivered,23:50:08,29
7293,Delivered,06:35:29,21
4565,In transit,,61
3849,In transit,,47
8389,Delivered,00:01:48,46
8809,Delivered,17:47:29,44
8522,Delivered,14:42:46,17
8701,Delivered,11:23:34,30
480,In transit,,3
5188,In transit,,58
5087,Delivered,03:54:10,12
6727,Delivered,12:00:22,61
3269,Delivered,00:31:27,61
7010,Delivered,20:42:34,25
4341,Delivered,15:01:49,59
4204,Delivered,20:18:01,18
20,Delivered,19:46:22,38
1154,Delivered,18:43:47,22
7063,Delivered,14:42:41,5
4708,Delivered,18:39:05,68
6429,Delivered,16:46:29,64
4905,Delivered,00:42:36,9
6059,Delivered,10:16:37,68
374,In transit,,38
4051,Delivered,13:01:50,1
7027,Delivered,14:07:22,23
3776,Delivered,11:41:40,65
345,Delivered,18:14:43,44
711,Delivered,10:34:47,9
4789,Delivered,22:53:55,2
2883,In transit,,59
486,In transit,,65
2366,Delivered,16:50:26,33
5687,Delivered,14:16:58,59
6624,In transit,,13
3911,Delivered,22:14:23,1
7320,Delivered,14:37:16,25
2122,Delivered,16:01:25,47
4056,Delivered,17:13:26,50
8337,Delivered,17:24:09,70
3400,Delivered,18:23:48,28
8429,Delivered,20:32:49,32
1899,In transit,,1
6593,In transit,,5
7844,Delivered,14:59:06,50
2004,Delivered,22:20:19,25
5958,Delivered,11:52:26,64
2662,Delivered,07:45:00,6
6238,Delivered,03:49:23,67
5801,Delivered,23:25:17,7
8414,In transit,,61
7843,Delivered,17:52:29,35
387,Delivered,22:05:10,28
5896,Delivered,18:04:23,69
8277,Delivered,00:52:40,49
7068,Delivered,21:43:25,64
2775,Delivered,17:45:52,57
3486,Delivered,15:51:12,60
8014,Delivered,11:53:49,34
2885,Delivered,12:13:49,60
4109,Delivered,22:30:18,19
4235,Delivered,18:55:20,55
7289,Delivered,12:14:07,39
5089,Delivered,11:04:38,8
6730,Delivered,10:08:04,27
3685,Delivered,11:43:46,45
6307,Delivered,20:32:02,16
7130,Delivered,19:41:32,48
3512,Delivered,11:30:11,54
6089,Delivered,16:01:29,49
7167,Delivered,20:49:41,20
1207,Delivered,16:34:49,58
1274,Delivered,14:32:48,46
5316,Delivered,18:53:36,5
2831,Delivered,19:26:30,39
5693,Delivered,16:39:43,26
5133,Delivered,19:38:39,4
4055,Failed,,6
8377,Delivered,15:27:24,12
2575,Delivered,09:49:17,22
6110,Delivered,12:34:07,33
5105,Delivered,19:01:32,34
4453,Failed,,42
1419,Delivered,17:57:37,31
8665,Delivered,22:53:16,39
3128,Delivered,07:18:17,26
569,Delivered,14:48:39,50
8451,In transit,,20
1516,In transit,,41
1035,Delivered,15:52:07,27
1242,Delivered,19:58:00,28
8985,Delivered,20:34:00,14
6224,Delivered,00:56:59,45
1261,Delivered,15:56:28,40
5299,In transit,,51
8354,Delivered,09:51:52,25
8310,Delivered,18:46:55,50
5747,Delivered,18:51:49,16
4804,Delivered,12:32:44,4
8250,Delivered,19:57:53,5
2838,Delivered,18:05:48,36
5947,Delivered,07:42:53,44
3192,Delivered,08:00:48,7
1908,Failed,,13
1259,Delivered,11:11:13,20
6934,In transit,,10
4258,In transit,,6
1372,Delivered,02:29:20,22
3517,Delivered,18:55:18,68
1067,Delivered,13:00:28,61
3599,Delivered,15:17:51,5
6825,In transit,,52
798,Delivered,14:52:12,40
7763,Delivered,15:56:12,13
6031,Delivered,08:27:45,58
4552,Delivered,15:19:21,5
7328,Delivered,12:44:19,15
1257,Delivered,22:40:39,56
4344,Delivered,17:09:12,37
1266,Delivered,16:09:11,68
7181,Delivered,07:28:24,68
2718,Delivered,18:13:05,32
6246,Delivered,15:31:14,59
4489,Delivered,20:05:20,8
5270,Failed,,6
2577,Delivered,19:56:33,13
1905,Delivered,21:05:04,43
6010,Delivered,14:18:14,30
6503,Delivered,13:22:24,29
8098,Delivered,15:30:03,30
4963,Delivered,00:48:23,23
1378,Delivered,18:05:09,19
2385,Delivered,21:07:02,51
6927,Delivered,22:21:13,67
4940,Delivered,20:08:55,58
5783,Delivered,12:50:53,8
3566,In transit,,42
3121,In transit,,20
4041,In transit,,5
6917,Delivered,17:00:13,10
1601,Delivered,23:12:46,51
2839,In transit,,55
1418,Delivered,01:35:08,35
316,Delivered,19:28:44,43
7229,Delivered,14:31:27,61
1913,Delivered,11:39:23,38
6275,Delivered,17:13:21,44
8653,Failed,,3
8561,Delivered,14:34:58,53
3345,Delivered,09:45:41,3
8286,Delivered,20:03:44,13
7483,Delivered,15:43:23,63
1563,Delivered,16:22:03,25
5808,Delivered,11:27:27,3
1034,In transit,,39
2795,Delivered,11:40:20,41
7698,In transit,,50
7992,Delivered,22:20:51,58
3155,Delivered,18:43:51,15
8976,Delivered,06:20:51,17
4053,Delivered,16:59:44,45
3306,Delivered,13:59:26,67
5338,Failed,,22
4748,Delivered,18:58:53,44
5360,Delivered,20:53:23,39
6892,Delivered,00:52:29,39
8610,Delivered,09:27:47,46
5757,Delivered,19:07:27,4
2175,Delivered,01:04:36,1
2102,In transit,,56
4561,Delivered,21:21:25,47
89,Delivered,10:47:14,55
4390,Delivered,16:36:13,66
2707,Delivered,23:12:47,44
2310,Delivered,23:49:30,15
3048,Delivered,14:34:32,56
7895,Delivered,14:11:31,56
8811,Delivered,01:29:44,20
7201,Delivered,17:52:18,11
3557,Delivered,21:30:25,3
2776,Delivered,15:59:28,21
3929,Delivered,02:41:14,53
8428,In transit,,67
5820,Delivered,02:13:58,41
454,Failed,,23
6013,Delivered,23:20:05,41
2925,Delivered,13:00:57,54
2384,Delivered,16:13:36,21
2321,Delivered,22:35:14,3
5270,In transit,,6
2019,Delivered,20:25:58,44
1210,Delivered,11:28:52,33
7859,Delivered,15:12:09,19
377,Delivered,11:29:08,9
7466,Delivered,07:31:30,2
8460,Delivered,07:11:05,36
1080,Delivered,10:24:58,15
1933,Delivered,20:50:53,4
2929,Delivered,06:41:51,60
6284,Delivered,20:18:36,52
5082,Delivered,17:20:07,47
226,Delivered,21:16:36,47
4145,Delivered,12:02:29,33
8269,Delivered,08:49:09,45
7101,Delivered,15:49:59,70
2015,Delivered,03:23:42,44
8545,Failed,,45
6162,Delivered,15:41:50,26
7139,Delivered,18:45:00,53
3509,Delivered,14:03:58,7
5269,Delivered,15:21:41,19
5407,Delivered,17:38:20,7
7204,In transit,,9
1707,Delivered,09:31:04,9
7392,Delivered,07:53:36,58
8472,Delivered,12:11:40,10
6422,Delivered,09:54:51,1
3806,Delivered,18:22:49,46
8910,Delivered,15:34:52,7
4371,Delivered,23:16:09,21
5556,Delivered,15:34:50,35
162,In transit,,52
8442,Delivered,13:46:08,62
333,Delivered,20:39:24,70
2942,Delivered,22:58:15,61
4387,Delivered,18:48:02,44
96,Delivered,08:09:22,14
4922,Delivered,20:18:30,22
2227,Delivered,14:33:53,49
8472,Delivered,14:11:40,40
7927,Delivered,09:42:47,30
327,In transit,,6
4509,Delivered,23:04:31,63
3554,In transit,,34
8897,In transit,,25
780,Delivered,09:58:54,38
8897,Failed,,47
2204,Delivered,10:48:55,4
4289,Delivered,14:23:12,4
1823,Delivered,11:28:41,24
3146,Delivered,19:31:52,70
1901,Delivered,20:52:44,31
3730,Delivered,23:41:52,41
4277,Delivered,11:02:34,20
4622,Delivered,21:49:02,6
3757,Delivered,23:33:30,66
7148,Delivered,18:08:35,34
1220,Delivered,15:52:13,53
910,Delivered,22:58:21,2
7937,Failed,,16
5503,Delivered,22:23:55,63
2507,In transit,,63
1227,Delivered,09:51:42,38
4297,Delivered,11:28:51,44
1029,Delivered,12:13:35,26
6925,Delivered,19:47:26,55
4230,Delivered,10:19:36,11
780,Delivered,09:58:54,30
7315,Delivered,18:28:52,61
4503,Delivered,12:36:37,52
5426,Delivered,13:48:41,31
8269,In transit,,63
1284,Delivered,21:50:45,42
4752,Delivered,09:00:10,23
2972,Delivered,17:17:12,51
4117,Delivered,00:46:24,53
7338,In transit,,51
8128,Delivered,16:58:19,12
2225,Delivered,16:25:08,39
3559,Delivered,03:50:03,2
6320,Delivered,23:17:27,30
3638,Delivered,17:46:40,45
8027,In transit,,10
8031,Delivered,16:15:12,56
6967,Delivered,00:35:53,2
6194,In transit,,49
3683,Delivered,16:14:33,47
4449,In transit,,36
4368,Delivered,23:18:54,29
4772,Delivered,18:51:15,47
4193,In transit,,17
3785,Delivered,10:52:13,50
103,Delivered,02:40:46,68
3249,In transit,,27
3117,Delivered,01:27:25,17
3028,Delivered,18:02:00,58
2340,In transit,,5
6038,Delivered,01:53:48,1
8198,Delivered,17:42:19,53
3971,In transit,,48
820,Delivered,18:47:29,45
871,Delivered,07:54:59,57
3902,Delivered,18:37:18,55
8791,Delivered,20:02:24,18
3374,Delivered,19:00:34,54
1372,Delivered,21:29:20,62
748,Delivered,01:48:30,32
506,Delivered,08:33:31,12
1345,In transit,,49
993,Delivered,21:11:08,22
4064,Delivered,19:55:00,25
8864,Delivered,00:10:31,67
7882,Delivered,11:25:59,64
2808,Delivered,17:30:48,9
8980,Delivered,11:02:39,52
5013,Delivered,11:15:24,59
6755,Delivered,13:29:47,17
51,Delivered,14:05:35,58
2523,Delivered,22:58:46,32
8979,Delivered,18:12:41,47
8982,Delivered,14:41:24,61
6180,In transit,,9
5330,Delivered,07:23:43,63
645,Delivered,18:52:45,15
2255,Delivered,22:51:16,13
7991,In transit,,56
3215,Delivered,15:27:21,46
2597,Failed,,66
5782,In transit,,22
7263,Delivered,18:44:26,12
858,Delivered,18:08:25,64
3400,Delivered,20:23:48,27
5677,In transit,,11
3258,Delivered,14:46:51,60
8115,Delivered,17:44:56,38
7410,Delivered,00:09:56,33
605,In transit,,69
7682,In transit,,63
1608,Delivered,22:08:48,4
7906,Delivered,00:28:58,47
400,Delivered,20:33:33,63
3682,Delivered,15:30:20,2
7784,Delivered,22:26:29,27
268,Failed,,40
6480,Delivered,15:57:03,7
4914,Delivered,22:25:07,39
7076,Delivered,08:07:43,49
8120,Delivered,12:29:32,9
7412,Delivered,12:34:15,64
6941,Delivered,02:52:01,1
4806,Delivered,13:57:35,16
5146,In transit,,65
3071,Delivered,13:51:51,57
5085,Delivered,21:50:33,29
1215,Delivered,14:27:52,26
2729,Delivered,12:09:22,18
3344,In transit,,18
5024,In transit,,29
7225,Delivered,16:40:42,67
1699,Delivered,15:50:53,3
6193,Delivered,15:41:44,57
7071,Delivered,19:00:31,20
5813,Delivered,11:03:03,61
2063,Delivered,17:25:09,59
288,Failed,,53
361,Delivered,18:19:00,46
7874,In transit,,36
5984,Delivered,00:30:49,2
948,In transit,,59
6860,Delivered,12:59:13,19
8760,Delivered,14:31:42,44
4627,Delivered,22:54:39,48
8534,Delivered,21:22:35,45
5298,In transit,,22
4916,Delivered,19:29:33,11
4421,Delivered,23:36:27,43
5673,Delivered,11:06:35,36
5463,Delivered,19:46:03,69
4907,Delivered,15:52:47,43
959,Delivered,18:06:49,26
1608,Delivered,22:08:48,42
1775,Delivered,20:58:05,46
1360,Delivered,20:18:24,36
6086,Delivered,17:32:06,27
7820,Delivered,23:11:57,8
3008,In transit,,56
3063,In transit,,25
7921,Delivered,15:51:20,67
7618,Delivered,01:01:37,45
7403,Delivered,10:40:46,26
5627,Delivered,17:33:01,21
3646,Delivered,12:01:43,8
8868,Delivered,10:18:20,21
2765,Delivered,20:15:32,37
2516,Delivered,16:15:02,10
7839,Delivered,22:00:12,28
2973,In transit,,62
742,Delivered,10:21:03,67
3467,In transit,,8
1207,Delivered,18:34:49,40
436,Failed,,51
5342,Failed,,42
8871,Delivered,20:57:07,41
7356,In transit,,69
6021,Delivered,17:34:26,63
5874,Delivered,21:44:37,19
3805,Delivered,13:14:47,17
7332,Delivered,16:19:10,63
3582,Delivered,19:45:27,66
1684,Delivered,09:14:37,51
1353,Delivered,11:00:50,1
5568,In transit,,29
6188,Delivered,12:22:44,54
5041,Delivered,22:34:37,44
6021,Failed,,56
1825,Delivered,22:18:52,18
158,Delivered,22:52:29,8
665,Delivered,16:12:45,39
1632,Delivered,20:55:33,17
1786,Delivered,23:23:34,57
7704,Delivered,00:23:51,39
4017,Delivered,12:22:06,17
6020,Delivered,18:29:58,20
3813,Delivered,20:58:44,38
3187,Delivered,22:15:01,57
5353,Delivered,13:34:27,2
3113,Failed,,5
3704,Delivered,19:42:19,63
6580,In transit,,24
3973,Delivered,20:18:38,63
6203,Delivered,09:11:26,50
2719,Delivered,11:31:25,52
5144,Delivered,22:52:56,19
4851,In transit,,61
7455,Delivered,10:45:19,70
6342,Delivered,13:32:10,1
5846,Failed,,20
4117,Delivered,23:46:24,60
1444,In transit,,70
670,Delivered,00:07:43,59
7288,Delivered,14:42:18,26
4950,Delivered,15:47:23,7
4505,Delivered,22:27:45,29
8869,Delivered,10:50:10,56
5520,Delivered,13:39:34,46
1708,In transit,,10
1826,Delivered,12:57:26,21
2878,Delivered,15:01:36,29
8271,Delivered,20:22:58,2
6997,Delivered,10:00:51,66
7062,Delivered,20:34:10,57
1937,Delivered,22:19:43,70
5755,Delivered,22:04:48,13
5939,Delivered,07:43:36,49
695,Delivered,15:11:03,41
2722,Delivered,14:18:20,12
5667,Delivered,23:01:04,4
435,Delivered,19:42:12,20
3374,In transit,,30
4423,Delivered,16:51:09,35
1066,Delivered,10:51:47,42
587,Failed,,61
5796,Delivered,19:54:45,29
6645,In transit,,2
8342,Delivered,02:11:17,32
6108,Delivered,22:22:19,53
4480,Delivered,11:09:57,57
103,Delivered,22:40:46,38
610,Delivered,08:38:33,65
1720,Delivered,11:46:22,34
7418,Delivered,16:14:10,13
8665,Delivered,22:53:16,8
3586,Delivered,00:39:58,36
396,Delivered,15:09:01,22
3531,Delivered,19:10:14,16
7615,In transit,,22
4125,Delivered,22:51:57,30
4766,Failed,,18
7859,Delivered,15:12:09,21
2440,Delivered,03:02:37,32
1231,Delivered,01:13:10,59
4452,Delivered,21:29:36,11
3629,Failed,,13
2787,In transit,,27
171,Delivered,16:50:43,26
4845,In transit,,38
7092,Delivered,15:55:11,34
8737,In transit,,1
6282,Delivered,23:33:12,49
573,Delivered,21:13:37,67
7027,Delivered,17:07:22,17
1851,Failed,,53
7712,Delivered,14:56:02,57
8685,Delivered,23:59:56,11
5261,Delivered,11:26:04,54
5052,Delivered,16:53:20,59
3690,Delivered,16:11:28,36
1105,Delivered,10:14:57,12
8542,Delivered,06:52:42,68
8181,Delivered,16:20:51,15
1836,Delivered,12:09:57,65
8304,In transit,,9
1729,Failed,,8
7824,Delivered,15:34:31,32
6384,Delivered,16:11:43,12
7283,Delivered,17:56:57,31
8966,Delivered,20:44:46,29
2874,Delivered,18:44:10,33
8720,Delivered,19:36:40,65
3853,In transit,,45
5687,Delivered,14:16:58,22
7637,Delivered,21:47:18,6
5814,Failed,,25
5773,Delivered,11:55:57,47
2584,Delivered,21:07:23,67
2532,Delivered,12:22:37,51
6881,Delivered,20:28:40,40
5394,Delivered,22:56:53,46
8461,In transit,,48
954,Delivered,14:50:35,2
7549,Delivered,02:48:26,18
3449,Delivered,22:23:28,33
5301,In transit,,35
5885,Failed,,43
7457,Delivered,10:41:00,6
8651,Delivered,19:26:44,45
6611,Failed,,56
2580,Delivered,18:38:49,26
4615,In transit,,42
5773,Delivered,13:55:57,22
2335,In transit,,18
5047,Delivered,10:46:11,12
2210,In transit,,63
4975,Delivered,18:45:45,43
2568,Delivered,09:29:46,5
358,Delivered,10:19:04,39
5372,Delivered,13:26:32,50
1561,Delivered,14:07:26,62
4370,In transit,,27
5206,Delivered,02:11:36,1
8968,Delivered,21:38:23,52
4374,Delivered,17:45:01,63
265,Delivered,18:34:12,45
4834,In transit,,3
6334,Delivered,00:42:42,51
3544,Delivered,16:41:56,51
1455,Delivered,20:36:48,60
2218,Delivered,02:23:53,61
3731,Delivered,12:46:43,16
50,Delivered,14:11:16,67
7310,Delivered,15:23:56,45
7346,Delivered,16:42:22,38
2100,Delivered,21:41:20,38
3414,Delivered,18:22:42,8
618,Delivered,20:19:03,39
5511,Delivered,13:26:03,16
2607,Delivered,13:34:45,53
8060,Delivered,20:31:58,12
416,In transit,,35
3582,Delivered,18:45:27,12
5626,Delivered,14:44:45,56
8878,Delivered,00:39:03,6
5778,Delivered,00:55:33,35
4809,Delivered,23:29:59,24
909,Delivered,18:21:39,58
3645,Delivered,08:50:57,33
5916,Delivered,18:36:08,65
4763,Delivered,13:26:52,22
4397,In transit,,17
5551,Delivered,23:17:58,27
3034,Delivered,15:51:33,15
6212,In transit,,40
2141,Delivered,10:09:17,1
605,Delivered,14:20:32,1
75,Delivered,12:51:36,30
1811,Delivered,22:43:52,54
83,Delivered,17:56:04,11
6427,In transit,,8
5475,Delivered,18:46:52,47
8266,Delivered,12:24:13,20
6811,Delivered,15:39:45,16
5153,Delivered,11:52:48,65
3083,Failed,,62
2037,In transit,,26
139,Delivered,10:37:05,2
6123,Delivered,16:47:40,20
5858,Delivered,00:50:17,22
5217,Delivered,19:22:27,64
5291,Delivered,12:53:38,53
2266,Delivered,17:27:12,66
2663,Delivered,23:13:37,30
5549,Delivered,09:56:28,8
2245,Delivered,13:40:46,50
1864,Failed,,65
2333,Delivered,16:18:23,63
1861,Failed,,31
5606,Failed,,40
998,Delivered,17:10:53,70
8927,Delivered,15:13:24,8
2330,Delivered,10:33:30,4
4509,In transit,,65
1361,Delivered,22:14:52,4
6239,Delivered,17:22:49,37
5146,Delivered,22:46:02,31
1058,Delivered,22:03:44,51
95,Delivered,12:48:59,30
753,In transit,,42
3568,Delivered,01:57:18,58
7344,Delivered,19:38:15,62
849,Delivered,08:46:29,39
6234,Delivered,13:42:32,11
1320,Delivered,23:08:57,67
4310,In transit,,33
8356,Delivered,16:49:50,18
55,Failed,,36
4496,Delivered,12:38:00,64
2482,Delivered,00:29:09,25
3527,Failed,,44
7156,Delivered,14:07:16,44
6508,Delivered,21:21:34,5
3822,In transit,,45
1162,In transit,,59
5585,Failed,,67
5774,Delivered,10:47:43,29
6680,Delivered,14:16:00,33
8564,Delivered,10:23:52,57
3021,Delivered,22:30:26,53
4564,Delivered,14:48:24,34
7736,Delivered,13:11:19,14
3534,Delivered,20:14:45,9
8509,Delivered,16:51:33,53
2040,Delivered,06:07:36,7
8769,Delivered,14:50:57,42
3261,Delivered,10:05:06,49
8292,Delivered,02:59:54,28
6493,Delivered,08:40:50,65
7167,Delivered,00:49:41,43
950,Delivered,12:06:46,4
8059,Delivered,22:16:35,39
6730,Delivered,14:08:04,64
105,Delivered,19:59:37,64
5078,Delivered,09:43:10,35
2046,Delivered,06:54:39,30
2885,Delivered,10:13:49,61
8242,Delivered,14:00:17,56
5612,Delivered,16:01:08,69
4373,Delivered,14:06:56,49
8237,Delivered,18:32:49,34
4635,Delivered,19:43:26,64
395,Delivered,13:04:32,26
5751,Delivered,16:44:50,46
5739,Delivered,10:46:03,37
3464,Delivered,07:50:53,37
1857,Delivered,16:06:59,2
8435,Delivered,18:29:44,21
4801,Delivered,13:22:33,47
6224,Delivered,00:56:59,14
6204,Delivered,09:44:26,61
4308,Delivered,19:55:04,34
4440,Delivered,00:50:36,5
3410,Delivered,15:17:22,68
2307,Delivered,21:26:32,56
8762,Delivered,22:47:19,69
8276,Delivered,22:36:32,33
1148,In transit,,52
8342,Failed,,36
5672,Delivered,12:09:38,53
6193,Delivered,18:41:44,11
6918,Delivered,17:00:18,6
3401,Delivered,20:41:23,51
3133,Delivered,15:44:35,10
4214,Delivered,07:21:10,65
6534,Delivered,18:18:19,64
7717,Delivered,17:50:45,13
769,Delivered,16:17:17,38
1213,In transit,,8
719,Delivered,13:58:39,37
8755,Delivered,02:03:27,42
7508,In transit,,9
3132,Delivered,16:59:57,67
2407,Delivered,21:14:11,15
6175,Delivered,20:06:58,48
2581,Delivered,15:54:58,51
7655,Delivered,16:22:25,23
2985,Delivered,21:15:55,7
6719,Delivered,18:24:16,23
7668,Delivered,13:53:46,18
155,Delivered,13:57:47,15
8880,In transit,,14
5435,Delivered,18:33:13,64
5606,Delivered,13:38:42,12
2153,In transit,,66
2769,Delivered,14:37:40,29
6609,In transit,,14
325,Delivered,09:45:54,28
5072,Delivered,14:42:11,20
1385,Delivered,16:31:17,25
2715,Delivered,12:44:17,7
7220,Failed,,62
6972,In transit,,33
5423,Delivered,19:33:30,61
8529,In transit,,60
8345,In transit,,61
5871,Delivered,14:47:24,42
620,Delivered,03:02:16,35
1453,Delivered,00:56:46,68
6824,Delivered,22:24:04,69
3676,Delivered,07:11:42,69
3983,Delivered,22:19:05,59
2247,Delivered,21:40:26,33
1214,Delivered,14:54:10,31
7253,Delivered,09:20:57,15
4649,Delivered,13:10:42,56
7751,Delivered,14:22:21,69
1876,In transit,,70
939,Delivered,18:50:05,2
4568,Delivered,07:31:58,68
6543,In transit,,49
5900,Delivered,15:27:30,4
2474,Delivered,22:34:18,37
2093,Delivered,12:06:38,10
3249,Delivered,10:20:55,13
5739,Delivered,14:46:03,10
1322,Delivered,10:49:05,32
2351,In transit,,16
8588,Delivered,00:54:02,41
2928,Delivered,01:54:01,58
7886,Delivered,18:55:30,46
433,Delivered,21:14:48,48
2898,In transit,,44
2589,Delivered,22:20:31,64
8972,Delivered,10:57:49,48
433,Delivered,22:14:48,40
2518,Delivered,10:23:13,53
8699,Delivered,17:59:09,31
2042,Delivered,07:24:06,42
8752,Delivered,23:22:02,40
3180,Delivered,08:51:35,48
2116,Delivered,16:49:56,23
6691,Delivered,11:46:48,9
4472,Delivered,18:58:27,46
5067,Delivered,14:56:52,59
498,Failed,,1
5566,Delivered,08:40:10,6
7114,In transit,,12
4604,Delivered,17:51:45,44
7441,Delivered,23:41:21,44
6143,In transit,,43
3728,Delivered,16:30:29,25
2525,Delivered,02:46:02,2
6771,Delivered,22:51:44,35
6561,In transit,,64
2451,Delivered,17:02:17,56
6100,Delivered,09:16:42,22
3321,Delivered,13:44:06,14
2891,Delivered,01:16:59,9
8102,In transit,,7
3162,Delivered,16:33:09,46
1513,In transit,,18
7858,Delivered,12:10:38,69
4357,In transit,,49
5187,Delivered,11:47:59,6
4995,In transit,,36
511,Delivered,13:52:13,3
2963,In transit,,24
796,Delivered,22:33:30,32
8339,Delivered,18:16:09,19
8586,In transit,,39
5203,Delivered,19:58:24,13
4358,Delivered,12:49:59,40
6639,In transit,,60
521,Delivered,21:08:08,22
3391,Delivered,13:42:57,43
3059,Delivered,17:49:42,20
8120,Delivered,11:29:32,12
2830,Delivered,15:30:42,24
3935,Failed,,48
3872,Delivered,16:59:57,62
7280,Delivered,21:07:54,11
1614,In transit,,6
1962,Delivered,23:55:58,63
5052,Delivered,12:53:20,66
3864,Delivered,22:27:14,15
246,Delivered,21:25:49,35
8458,Delivered,08:13:33,7
1794,Delivered,19:20:50,22
2443,Delivered,02:42:38,1
8659,In transit,,46
6538,Delivered,14:47:29,58
1199,Delivered,11:28:56,50
4002,Delivered,21:39:38,69
3904,Failed,,51
5231,Delivered,18:46:17,21
7980,Delivered,18:10:52,41
856,Delivered,16:32:28,1
2307,Delivered,00:26:32,6
3238,In transit,,58
742,Delivered,09:21:03,70
8376,Delivered,01:12:33,45
3261,Delivered,08:05:06,28
235,Delivered,14:38:53,67
6654,Delivered,09:26:52,37
2304,Failed,,54
3971,In transit,,45
6863,Delivered,21:57:17,13
4319,Failed,,8
7487,Delivered,15:21:44,54
3095,Delivered,17:57:36,52
8944,Delivered,01:07:18,50
136,In transit,,14
4106,Delivered,20:48:13,16
1032,Delivered,16:00:13,56
1590,In transit,,62
4161,Delivered,11:03:37,6
1089,Delivered,14:50:10,49
5403,Delivered,18:42:54,43
4587,Failed,,46
2574,Failed,,17
2351,Failed,,28
5364,Delivered,21:43:12,58
801,Failed,,57
3163,Delivered,23:30:42,51
3771,Delivered,19:42:33,20
258,Delivered,13:39:47,67
8281,Delivered,08:53:20,27
4899,Delivered,12:04:37,67
2654,Delivered,22:29:35,59
2606,Delivered,19:13:03,30
6537,Delivered,12:10:19,21
4869,In transit,,28
906,In transit,,57
8538,Delivered,11:56:56,60
2184,Delivered,19:41:22,15
1959,Delivered,14:19:36,25
2194,Delivered,12:47:56,49
8507,Delivered,15:10:51,20
1678,Delivered,11:46:53,49
8435,Delivered,19:29:44,29
2061,Delivered,19:28:58,68
5901,Delivered,16:02:09,18
344,Delivered,19:36:52,58
6510,In transit,,53
8953,Delivered,16:59:01,7
7282,In transit,,34
1309,Delivered,08:22:14,8
2469,In transit,,50
754,Delivered,18:44:31,12
3748,In transit,,29
1896,In transit,,59
5952,Delivered,21:55:21,27
3519,Delivered,18:43:31,18
3614,In transit,,57
2353,Delivered,15:29:09,42
4395,Delivered,16:28:54,2
2586,Delivered,02:05:03,24
5016,Delivered,03:51:26,23
8772,Delivered,10:44:33,67
7807,Delivered,17:44:06,33
7036,Delivered,22:00:54,17
1103,Delivered,18:08:36,51
659,Delivered,14:20:07,12
7443,Delivered,10:04:49,61
5776,Delivered,18:31:50,40
5104,Delivered,02:33:05,10
3224,In transit,,22
5362,Delivered,10:58:50,43
8287,Delivered,11:34:06,68
2023,Delivered,21:36:42,26
8357,Delivered,00:57:44,41
3748,Delivered,17:28:46,45
7571,In transit,,25
3555,Delivered,15:10:21,35
5808,In transit,,51
6940,Delivered,11:31:53,61
3129,Delivered,10:37:50,29
7776,Delivered,00:59:14,41
8524,In transit,,70
8353,Delivered,09:19:52,33
5086,Delivered,14:35:33,13
1537,Delivered,21:02:15,23
2559,Failed,,17
6787,Delivered,20:26:47,20
6261,Delivered,11:36:42,5
3187,Delivered,22:15:01,46
7266,Delivered,19:12:50,46
8049,Failed,,63
4626,Delivered,18:21:15,41
3193,Delivered,13:35:02,43
7413,Delivered,07:41:11,60
6838,Delivered,20:49:13,51
2622,In transit,,8
4696,In transit,,19
5139,Delivered,12:18:46,52
316,Failed,,22
1767,Delivered,17:36:24,32
3212,Delivered,22:40:39,12
5330,Delivered,09:23:43,12
96,Delivered,11:09:22,5
5720,Delivered,21:17:00,65
1710,Delivered,15:22:10,64
433,Delivered,21:14:48,36
1731,Delivered,22:38:36,25
2272,Delivered,13:37:22,52
2838,Delivered,16:05:48,55
7895,In transit,,46
4406,In transit,,21
2956,Delivered,17:14:22,16
2199,Delivered,11:05:22,47
5713,Delivered,16:15:24,7
7133,Delivered,08:03:37,37
1921,Delivered,12:31:14,27
6716,Delivered,09:26:48,3
6792,Delivered,21:18:25,50
7122,In transit,,17
7679,Delivered,11:27:13,26
1784,Delivered,10:39:36,30
619,Delivered,14:46:31,1
745,Delivered,12:37:08,44
1861,Delivered,12:01:16,11
5413,Delivered,15:01:22,6
8407,In transit,,17
8532,In transit,,41
4099,In transit,,5
4591,Delivered,23:06:23,68
6786,Delivered,22:10:45,42
7375,Delivered,08:19:44,52
4111,Delivered,13:51:46,15
6435,In transit,,27
7414,Delivered,10:52:50,59
846,Delivered,10:41:43,34
2452,Delivered,01:09:17,10
6584,Delivered,07:04:38,61
1320,Delivered,22:08:57,47
6332,In transit,,52
836,Delivered,20:47:32,56
8839,In transit,,15
3394,Delivered,19:05:20,23
5086,In transit,,53
1919,Delivered,08:56:12,59
4124,Delivered,23:13:45,36
5643,In transit,,31
2589,In transit,,67
7188,Delivered,16:24:17,9
8873,Delivered,14:21:04,52
3145,Delivered,22:37:47,37
1537,Delivered,00:02:15,69
1501,In transit,,24
4634,In transit,,11
485,In transit,,43
1998,Delivered,16:47:24,68
3799,Delivered,11:43:52,15
284,Delivered,21:54:24,29
4749,Delivered,00:02:19,24
8116,Delivered,17:14:39,44
5078,In transit,,9
4654,Delivered,13:41:42,13
877,Failed,,63
5926,Delivered,12:20:31,11
995,Delivered,16:07:08,56
7030,Delivered,18:44:29,12
2436,Delivered,23:55:44,45
4049,Delivered,17:12:39,53
7150,Delivered,14:06:45,40
7665,Delivered,18:40:42,5
5984,Delivered,21:30:49,54
1273,Delivered,02:11:03,32
7891,In transit,,43
670,Delivered,00:07:43,20
1234,Delivered,00:11:27,47
933,Delivered,14:05:16,19
8495,Delivered,21:32:41,56
6395,Delivered,02:08:24,62
7870,Delivered,09:23:10,9
1721,Delivered,10:06:20,23
3987,In transit,,49
5190,Delivered,22:05:44,40
1063,Delivered,23:13:22,14
6563,Delivered,09:18:21,37
882,Delivered,18:13:45,47
1498,In transit,,28
7079,Delivered,13:48:55,26
3297,Delivered,17:05:30,62
1386,In transit,,65
3815,Delivered,12:08:41,40
8784,Delivered,14:24:55,43
4086,Delivered,00:47:40,9
3052,Delivered,10:41:19,12
5112,In transit,,12
3431,Delivered,00:54:29,33
645,Delivered,15:52:45,40
742,Delivered,12:21:03,56
8082,Delivered,12:00:28,12
1961,Delivered,00:12:21,51
322,Delivered,19:18:55,39
1532,Delivered,13:20:21,27
3158,In transit,,58
2876,In transit,,39
745,Delivered,10:37:08,23
1179,Failed,,35
7696,Failed,,21
4470,Delivered,10:15:25,44
4990,Delivered,15:05:55,11
6360,Delivered,18:20:20,10
727,Delivered,17:00:09,50
6700,Delivered,18:06:44,41
8770,Delivered,20:42:25,65
5109,Delivered,23:41:02,18
645,Delivered,18:52:45,24
7216,Delivered,21:50:25,26
4040,Delivered,22:17:06,39
2703,Delivered,14:24:53,1
7422,Delivered,08:04:40,64
3068,Failed,,1
1689,Delivered,01:45:11,21
6718,Delivered,18:53:04,51
6847,Failed,,55
169,Delivered,14:29:14,14
3211,Delivered,19:39:24,32
8642,Delivered,09:28:22,10
3441,Delivered,16:08:18,36
4769,Delivered,00:55:29,15
7238,Delivered,14:20:31,31
3675,In transit,,51
2517,Delivered,10:19:40,33
5445,Delivered,01:05:41,69
5089,Delivered,11:04:38,60
2187,Delivered,16:21:22,25
5926,Delivered,11:20:31,66
2946,Delivered,10:54:41,32
4750,Delivered,21:14:49,69
8478,In transit,,65
3602,Delivered,13:50:12,43
4460,Delivered,14:09:20,23
1756,Delivered,08:38:48,67
7288,Delivered,09:42:18,41
5611,Delivered,03:45:53,59
3754,Delivered,20:32:16,25
857,In transit,,67
8346,Delivered,19:31:36,28
1924,Delivered,00:37:07,17
1287,Delivered,13:07:19,62
3468,Delivered,22:45:56,28
110,Delivered,03:48:31,47
511,Delivered,15:52:13,22
5221,In transit,,21
3781,Failed,,23
5176,Delivered,20:28:44,53
3381,In transit,,69
18,In transit,,6
2363,In transit,,60
2374,Delivered,02:47:18,25
1039,In transit,,4
6577,Delivered,11:43:57,53
5911,Delivered,23:35:46,8
6192,Delivered,22:58:02,49
7836,Delivered,06:57:59,51
1618,Delivered,19:17:16,41
2266,In transit,,26
7719,In transit,,40
7371,Delivered,22:57:47,34
7189,Delivered,07:27:18,13
6745,Delivered,21:04:30,1
2945,Failed,,33
656,Delivered,22:50:34,13
8774,Delivered,09:32:39,35
157,Delivered,10:07:31,43
3148,Delivered,23:39:49,55
2268,Delivered,13:54:49,65
2851,Delivered,15:39:22,54
7122,In transit,,67
8487,Delivered,15:16:37,33
4870,Delivered,09:16:05,18
7948,Delivered,08:11:10,31
4002,Delivered,20:39:38,11
1089,In transit,,9
1559,Delivered,00:37:23,27
8794,Delivered,01:11:37,63
2440,Delivered,02:02:37,52
7928,Delivered,00:01:55,4
2818,Delivered,12:48:49,66
853,Delivered,20:57:52,57
2804,Delivered,21:59:40,7
2115,In transit,,57
8083,Delivered,18:53:03,64
8410,Delivered,20:59:02,34
3123,Delivered,19:28:24,35
5924,Delivered,16:20:21,38
8678,Delivered,20:19:30,65
5154,Delivered,21:51:51,54
5449,In transit,,11
7577,Delivered,10:23:31,9
3548,Delivered,15:37:57,49
5021,Delivered,17:51:44,8
3189,In transit,,60
2860,Delivered,12:21:16,14
2124,Delivered,18:42:45,31
1493,Delivered,15:52:02,10
5152,Failed,,14
8743,Delivered,10:04:42,21
6922,Delivered,18:30:52,50
6973,Delivered,19:38:31,48
5721,In transit,,47
2947,Delivered,23:37:13,59
5512,Delivered,12:06:57,29
1750,Delivered,12:44:48,44
8428,Delivered,19:33:29,10
1210,Delivered,09:28:52,50
1909,In transit,,44
992,Delivered,23:10:11,20
7112,Delivered,20:57:12,45
3688,Delivered,20:48:25,54
4911,Delivered,11:23:15,70
6998,Delivered,10:52:33,26
3230,Delivered,06:30:43,45
968,Delivered,12:52:50,3
3795,Delivered,17:21:58,52
8720,Delivered,21:36:40,4
6744,Delivered,18:45:39,66
790,Delivered,00:31:38,67
3242,Delivered,12:34:40,38
4140,Delivered,23:32:09,35
6380,Delivered,22:05:43,24
7951,Delivered,10:33:41,31
2865,In transit,,24
3678,Delivered,21:06:25,27
26,Delivered,22:24:23,38
6114,Delivered,01:59:04,66
5126,Delivered,18:09:49,14
4683,In transit,,48
144,Delivered,20:26:22,7
865,Delivered,16:23:50,3
6238,Delivered,01:49:23,65
3152,Delivered,11:06:46,6
8432,Delivered,13:48:37,1
713,Delivered,23:30:12,38
5263,Delivered,12:00:19,31
3657,Delivered,12:51:04,29
7615,In transit,,43
3905,Delivered,07:41:43,59
446,Delivered,13:47:55,6
4316,Delivered,16:18:35,33
7508,Delivered,07:56:53,56
7444,Delivered,03:41:55,50
2047,Delivered,14:10:06,66
7314,In transit,,49
1865,In transit,,29
6956,Delivered,17:53:15,20
2697,Delivered,15:31:23,47
3944,Delivered,21:11:30,43
6152,Delivered,21:43:21,25
1423,Delivered,19:52:05,67
6664,Delivered,15:42:00,54
846,Delivered,11:41:43,66
7896,Delivered,20:53:59,40
4310,Failed,,21
6982,Delivered,23:50:30,52
8923,Delivered,09:50:57,13
3073,In transit,,55
4449,In transit,,14
8254,Delivered,22:40:34,6
4382,Failed,,47
3961,In transit,,65
5270,Delivered,09:50:22,60
5071,Delivered,07:06:54,18
3887,Delivered,15:24:16,10
8281,Delivered,09:53:20,14
947,Delivered,07:22:22,29
7157,Delivered,09:28:10,70
2704,In transit,,26
4537,Delivered,12:52:59,56
8824,Delivered,23:26:25,49
7625,In transit,,48
6950,In transit,,1
5738,Delivered,02:13:43,54
2806,In transit,,22
8282,In transit,,32
8830,Delivered,16:38:45,43
4104,Delivered,12:01:37,22
1847,Failed,,54
1248,Delivered,00:05:50,31
5887,In transit,,55
6039,Delivered,11:37:21,69
3335,Delivered,15:24:09,31
853,Delivered,20:57:52,69
8426,In transit,,50
1752,In transit,,42
6082,Delivered,15:06:12,64
2970,In transit,,23
7045,Delivered,11:00:07,31
2759,Delivered,01:59:43,42
8506,Delivered,12:44:13,1
1010,Delivered,14:23:08,15
5275,Delivered,23:47:30,30
6060,In transit,,18
3242,Delivered,13:34:40,69
2741,Delivered,11:50:56,35
6803,In transit,,3
6110,In transit,,61
5009,Delivered,10:44:42,53
5834,Delivered,17:36:42,64
1276,Delivered,09:49:49,24
787,Failed,,43
192,Delivered,22:40:53,14
549,Delivered,03:37:29,44
7780,Delivered,21:36:10,40
7986,Delivered,13:39:47,5
6115,Delivered,07:03:36,8
1547,In transit,,26
2285,In transit,,47
6123,Delivered,14:47:40,42
2818,In transit,,25
183,Delivered,12:43:22,52
8268,Delivered,11:54:13,20
4374,Delivered,15:45:01,65
1801,Delivered,11:40:08,19
6760,In transit,,46
7878,Delivered,01:15:26,20
6537,Delivered,14:10:19,47
7882,Delivered,10:25:59,14
7617,Delivered,14:18:23,22
5123,Delivered,12:09:37,6
8647,Delivered,15:58:01,30
8065,Delivered,13:50:37,8
6916,In transit,,42
4687,Delivered,09:27:45,61
7350,Delivered,01:52:34,61
6298,Delivered,09:59:15,23
6256,Delivered,20:10:22,61
5761,Delivered,17:20:20,53
2126,Delivered,10:34:12,22
6181,Delivered,15:33:21,63
1363,Delivered,16:34:41,49
4339,Delivered,17:23:37,54
5379,Delivered,00:11:05,41
7889,Delivered,12:55:22,22
1941,Delivered,20:10:51,43
4774,Delivered,23:11:27,25
1606,Delivered,23:48:52,3
2512,Delivered,18:39:28,28
1709,Delivered,06:17:56,42
3574,Delivered,21:56:41,2
2031,Delivered,14:57:07,29
5572,Delivered,14:42:43,51
8715,Delivered,07:51:14,53
2476,Delivered,07:21:51,19
637,Delivered,22:31:45,7
5710,Delivered,18:45:03,10
4326,Failed,,48
2571,In transit,,22
