order_id,customer_id,restaurant_id,order_item,order_date,order_time,order_status,total_amount
1,1725,2,"Pork belly buns,Ebiten maki,Mushroom Risotto",2021-01-28,06:26:27,completed,18.59
2,1126,13,"Pork sausage roll,Chicken Fajitas",2025-09-13,15:01:36,pending,13.75
3,1126,14,Pasta with Tomato and Basil,2020-09-03,10:55:58,completed,5.29
4,556,11,Salmon nigiri,2023-04-16,21:45:18,completed,6.5
5,828,11,Tuna sashimi,2025-01-03,07:21:28,pending,7.98
6,479,17,French fries with sausages,2020-11-02,20:25:02,completed,4.49
7,421,16,Chicken milanese,2024-03-01,07:16:23,completed,7.21
8,2039,17,"Teriyaki Chicken donburi,Ricotta stuffed Ravioli",2021-09-21,13:59:34,completed,12.61
9,53,4,Chicken Fajitas,2022-07-28,10:50:54,completed,8.25
10,939,23,Pork belly buns,2020-03-13,18:38:28,completed,7.71
11,24,20,"Pork belly buns,Chilli con carne,Chicken wings",2020-08-04,14:12:41,completed,19.94
12,2974,14,"Fish and chips,Mushroom Risotto",2020-10-28,10:40:50,pending,16.23
13,1374,9,Tiramisù,2022-08-03,13:41:22,completed,7.86
14,1399,8,Mushroom Risotto,2020-12-06,19:54:55,pending,4.54
15,1274,19,Ricotta stuffed Ravioli,2022-09-17,12:45:39,completed,7.41
16,409,30,Ricotta stuffed Ravioli,2025-08-01,17:14:22,completed,7.22
17,2410,5,"Ebiten maki,Chicken milanese",2022-11-18,07:47:09,pending,13.48
18,2682,20,"Ebiten maki,California maki,Pappardelle alla Bolognese,Pappardelle alla Bolognese,Ricotta stuffed Ravioli",2022-11-26,09:07:19,pending,36.36
19,2368,19,"French fries with sausages,Mushroom Risotto",2020-07-29,12:32:18,completed,15.03
20,2037,30,"Pappardelle alla Bolognese,California maki",2020-06-16,09:44:15,completed,14.38
21,490,30,"Califlower penne,Fish and chips",2020-07-02,16:04:53,completed,9.71
22,596,3,Fettuccine Alfredo,2020-05-31,08:54:44,completed,4.95
23,780,6,"Caesar Salad,Souvlaki,Caesar Salad,Lasagne",2025-07-14,08:56:34,completed,29.6
24,2044,11,Katsu Curry,2020-07-27,10:17:10,pending,4.63
25,2785,21,Tuna sashimi,2023-10-23,21:10:11,completed,4.48
26,2725,19,"Mushroom Risotto,Pizza",2024-09-28,12:17:09,completed,13.33
27,184,23,Meatballs with sauce,2024-09-26,14:41:53,completed,7.26
28,451,30,"Katsu Curry,Ebiten maki,Cheeseburger",2022-10-25,09:14:21,completed,16.34
29,230,2,Katsu Curry,2022-09-16,09:26:43,completed,6.85
30,1962,25,"Pork belly buns,Teriyaki Chicken donburi,Teriyaki Chicken donburi,Ebiten maki,Meatballs with sauce",2020-04-06,11:51:47,cancelled,32.74
31,1635,4,"Califlower penne,Philadelphia maki",2025-07-27,11:57:03,pending,12.49
32,2788,12,Pasta Carbonara,2023-11-23,16:30:55,completed,6.79
33,2770,26,Lasagne,2023-04-13,06:39:54,completed,5.75
34,1215,13,"Philadelphia maki,Katsu Curry",2021-09-01,13:14:38,completed,16.57
35,1400,18,"Tuna sashimi,Pappardelle alla Bolognese,Chicken milanese,Salmon nigiri",2024-07-28,15:22:42,completed,26.78
36,1073,20,"Tiramisù,Pasta and Beans",2025-02-26,21:12:04,completed,13.66
37,2698,8,"Tiramisù,Caprese Salad,Califlower penne,Fish and chips,Pasta Carbonara",2025-02-25,08:19:22,pending,30.65
38,722,13,"Bruschette with Tomato,French fries with sausages",2020-11-25,15:00:29,completed,15.22
39,303,4,Vegetable Soup,2023-07-23,08:48:54,pending,6.71
40,1294,8,Califlower penne,2025-02-22,10:02:44,completed,8.01
41,1363,17,Salmon nigiri,2023-10-06,21:37:35,completed,6.31
42,1518,7,"Katsu Curry,California maki,Linguine with clams",2022-02-10,15:11:23,completed,16.15
43,741,6,Tuna sashimi,2022-10-07,16:01:15,completed,6.84
44,891,17,"Chicken wings,Mushroom Risotto,Pizza",2025-08-09,14:09:30,pending,19.89
45,2720,22,"Pork belly buns,Katsu Curry,Pasta and Beans,Cheeseburger",2023-07-28,19:55:23,completed,20.18
46,2285,2,California maki,2025-04-23,18:05:06,completed,6.49
47,993,15,Chicken wings,2020-11-06,10:55:12,completed,8.19
48,946,10,Souvlaki,2023-10-03,15:47:44,completed,7.29
49,2563,21,"Tuna sashimi,Califlower penne",2022-01-11,06:56:23,completed,9.22
50,596,10,"Pappardelle alla Bolognese,Ebiten maki,Teriyaki Chicken donburi",2020-10-27,17:23:01,completed,19.52
51,2656,1,Fish and chips,2021-06-20,08:58:12,completed,7.02
52,1442,27,Linguine with clams,2021-12-20,08:52:00,completed,4.8
53,1268,13,Caesar Salad,2020-04-22,18:02:45,completed,4.54
54,40,29,"Barbecue Ribs,Ebiten maki,Cheeseburger",2022-07-02,19:07:16,pending,22.15
55,2383,3,"Tiramisù,French fries with sausages",2022-03-26,06:04:53,completed,12.49
56,518,22,Fish and chips,2025-03-24,20:29:10,completed,6.46
57,1388,23,"Pappardelle alla Bolognese,Bruschette with Tomato,Fish and chips",2020-06-20,20:19:44,completed,19.64
58,2211,6,French fries with sausages,2021-10-14,16:47:59,completed,7.42
59,2331,1,Cheeseburger,2024-10-10,13:38:43,completed,6.95
60,538,3,Tiramisù,2022-06-05,06:05:21,completed,7.41
61,579,13,"Pappardelle alla Bolognese,California maki,Caprese Salad",2023-02-24,06:50:28,completed,19.1
62,1781,5,Salmon nigiri,2025-07-19,09:13:53,completed,4.32
63,1532,17,"Meatballs with sauce,Cheeseburger,Scotch eggs,Lasagne",2025-01-30,18:14:52,completed,25.36
64,1681,13,Katsu Curry,2020-04-17,12:46:55,pending,7.4
65,903,16,Caesar Salad,2022-06-08,14:34:06,completed,5.18
66,2026,4,"Ricotta stuffed Ravioli,Pork sausage roll,California maki",2020-09-24,19:43:47,completed,21.44
67,408,16,"Tuna sashimi,Chilli con carne,Pasta and Beans",2025-02-25,10:52:26,completed,19.71
68,1747,1,"Katsu Curry,Chilli con carne,Chicken Fajitas",2024-08-26,13:15:42,completed,19.65
69,1047,20,Philadelphia maki,2025-07-29,16:57:55,completed,4.86
70,1626,20,"Tuna sashimi,California maki,California maki,Chicken Fajitas",2020-10-22,22:08:11,pending,25.94
71,644,27,Teriyaki Chicken donburi,2025-08-21,21:51:01,completed,7.49
72,286,18,"Ricotta stuffed Ravioli,Vegetable Soup,Risotto with seafood",2020-04-03,14:00:29,completed,21.29
73,1421,10,Teriyaki Chicken donburi,2023-01-10,21:35:15,pending,7.94
74,1648,16,"Ebiten maki,Risotto with seafood",2022-05-04,20:01:25,completed,12.13
75,856,10,Bruschette with Tomato,2021-07-28,21:55:50,completed,8.54
76,1797,5,Katsu Curry,2021-03-08,17:38:15,completed,7.46
77,2922,20,"Ebiten maki,Pappardelle alla Bolognese",2025-01-30,09:56:56,completed,13.02
78,1869,8,"Cheeseburger,Meatballs with sauce",2021-07-29,18:22:02,completed,11.38
79,1007,30,Fish and chips,2021-11-13,09:32:07,pending,8.68
80,1897,22,Chilli con carne,2022-08-31,22:09:17,pending,5.34
81,431,13,"Pizza,Teriyaki Chicken donburi",2021-06-04,11:43:36,pending,11.24
82,1673,22,Pasta with Tomato and Basil,2021-12-05,12:44:53,pending,4.86
83,224,21,"Lasagne,Caesar Salad",2023-05-11,15:49:03,completed,15.92
84,1366,21,Tiramisù,2022-11-29,06:40:50,completed,6.75
85,611,28,"Mushroom Risotto,Philadelphia maki,Pizza,Ricotta stuffed Ravioli,Chilli con carne",2023-11-18,10:12:13,completed,30.32
86,1671,5,Mushroom Risotto,2021-11-06,22:20:01,completed,8.75
87,1745,13,"Pork belly buns,Fettuccine Alfredo",2020-02-27,15:15:48,completed,12.16
88,913,7,"Pizza,Linguine with clams,Teriyaki Chicken donburi",2025-07-12,10:57:28,completed,18.35
89,408,11,Risotto with seafood,2020-02-18,21:47:02,completed,8.59
90,1921,22,Chicken milanese,2024-04-09,22:51:57,completed,7.51
91,2315,23,"Chicken Fajitas,Meatballs with sauce",2020-01-19,09:51:11,completed,12.35
92,820,7,"Chicken milanese,Tiramisù",2022-12-22,20:56:26,pending,9.39
93,2612,29,Fettuccine Alfredo,2024-10-31,14:53:30,completed,8.77
94,1038,9,Cheeseburger,2023-03-01,22:21:33,completed,8.13
95,570,26,Caesar Salad,2020-07-22,06:51:42,completed,6.05
96,2341,28,Vegetable Soup,2023-10-18,14:12:53,completed,5.49
97,1797,23,California maki,2025-03-15,18:41:41,completed,4.86
98,1594,18,"Pasta and Beans,Pasta and Beans,Meatballs with sauce,Lasagne",2024-12-15,18:47:04,completed,28.36
99,2916,18,"Meatballs with sauce,Lasagne",2020-08-28,07:38:20,completed,14.28
100,512,8,Caprese Salad,2024-10-06,10:41:56,completed,4.3
101,2884,12,"Mushroom Risotto,Souvlaki",2021-05-27,19:50:15,pending,15.76
102,1913,3,"Katsu Curry,California maki,Linguine with clams,Pork sausage roll,Lasagne",2023-01-06,11:22:07,pending,30.17
103,872,10,"Linguine with clams,Teriyaki Chicken donburi",2025-03-10,16:01:50,completed,14.24
104,865,25,"Chicken wings,Cheeseburger",2024-12-23,17:20:26,completed,11.66
105,722,18,"Salmon nigiri,Mushroom Risotto,Caprese Salad",2024-11-08,09:28:28,completed,20.33
106,2478,23,Pork belly buns,2024-02-15,06:59:30,completed,7.2
107,1784,20,Cheeseburger,2024-04-14,13:39:34,completed,5.05
108,2935,12,"Pizza,Pork belly buns",2020-04-12,09:44:04,cancelled,11.59
109,795,13,"Pork sausage roll,Califlower penne",2023-02-03,21:53:47,cancelled,16.83
110,2955,29,"Pork sausage roll,Pork belly buns,Fettuccine Alfredo,Caesar Salad",2022-04-16,14:52:35,completed,23.07
111,727,11,"Califlower penne,Meatballs with sauce",2021-06-28,14:39:50,completed,16.18
112,2764,1,Pasta Carbonara,2023-02-02,18:14:08,completed,7.77
113,2399,14,"Ebiten maki,Barbecue Ribs,Lasagne",2025-06-12,19:06:19,completed,20.82
114,56,28,"Meatballs with sauce,Bruschette with Tomato,Ebiten maki,Chilli con carne",2021-08-02,19:52:34,completed,24.68
115,1786,20,"Caprese Salad,French fries with sausages,Caesar Salad,Pizza",2023-02-25,08:19:54,completed,28.09
116,2763,29,Lasagne,2021-06-16,20:22:08,pending,8.05
117,1857,25,Scotch eggs,2020-01-26,22:40:51,completed,6.64
118,1358,7,"Tuna sashimi,Pork sausage roll",2024-08-01,08:30:50,completed,15.33
119,1266,2,"Souvlaki,Vegetable Soup,Pasta Carbonara,Pasta Carbonara",2022-02-08,10:49:54,completed,30.42
120,2942,28,"Pasta and Beans,Ricotta stuffed Ravioli,Tuna sashimi,Pizza",2022-10-02,07:28:54,completed,31.34
121,124,30,"Philadelphia maki,Ricotta stuffed Ravioli,California maki,Barbecue Ribs,Chilli con carne",2024-11-13,22:11:41,completed,30.3
122,1278,24,Pasta and Beans,2020-08-28,19:22:26,completed,8.02
123,430,10,"Philadelphia maki,Teriyaki Chicken donburi,Cheeseburger,Philadelphia maki,Pappardelle alla Bolognese",2023-01-03,20:41:45,completed,37.26
124,174,5,"Pasta and Beans,Fish and chips",2022-03-06,08:43:56,completed,10.54
125,88,3,"Pasta Carbonara,Tiramisù",2024-03-03,20:25:15,completed,13.6
126,1804,18,"Tiramisù,Katsu Curry,Philadelphia maki,Chicken milanese",2022-02-27,18:05:07,completed,24.5
127,1236,3,Caesar Salad,2020-04-02,15:20:01,pending,7.06
128,1298,1,"Salmon nigiri,Tiramisù,Risotto with seafood",2022-04-25,12:39:06,pending,18.72
129,1115,7,"Califlower penne,Pizza,Linguine with clams",2020-01-22,16:41:11,cancelled,17.49
130,122,11,Katsu Curry,2020-06-09,15:00:44,completed,5.27
131,834,7,"Vegetable Soup,Meatballs with sauce,Caprese Salad,Vegetable Soup",2024-08-26,15:58:18,completed,23.14
132,20,7,Scotch eggs,2020-03-11,17:17:37,completed,6.79
133,2253,9,Ebiten maki,2021-05-09,16:38:58,completed,5.67
134,61,28,Lasagne,2025-07-09,06:16:58,pending,4.89
135,2171,22,"Fettuccine Alfredo,French fries with sausages,Linguine with clams",2022-11-04,15:23:22,completed,23.79
136,2640,28,"Katsu Curry,Mushroom Risotto,Lasagne,Scotch eggs,Linguine with clams",2023-08-09,14:16:47,completed,28.82
137,1709,15,"Chicken milanese,Caprese Salad",2025-06-09,12:08:17,pending,13.9
138,786,9,"Barbecue Ribs,Meatballs with sauce,California maki,Fish and chips,Pork sausage roll",2020-11-17,09:06:10,pending,35.67
139,814,6,Pasta and Beans,2020-08-24,09:40:43,completed,7.8
140,2563,4,"Pasta and Beans,Chicken Fajitas,Ebiten maki,Fish and chips",2025-07-11,17:41:49,completed,29.25
141,1646,15,Pasta with Tomato and Basil,2025-02-13,06:33:35,completed,4.83
142,1055,4,"French fries with sausages,Chilli con carne,Cheeseburger",2024-10-26,13:09:18,completed,20.35
143,2505,3,"Tuna sashimi,Salmon nigiri",2020-08-04,10:57:45,completed,13.69
144,2649,4,"Linguine with clams,Risotto with seafood,Fish and chips",2025-03-16,10:25:06,completed,16.3
145,2981,2,"Lasagne,Pizza,Katsu Curry,Califlower penne",2023-04-01,09:41:44,pending,21.72
146,911,7,"Lasagne,Pizza,Tiramisù",2023-02-05,10:47:10,completed,13.72
147,1288,27,Meatballs with sauce,2024-09-01,13:47:12,completed,5.17
148,476,10,"Pork belly buns,Pizza,Chicken Fajitas",2021-03-24,06:31:30,completed,18.83
149,518,17,Risotto with seafood,2024-03-16,10:10:02,completed,5.65
150,1797,8,"Philadelphia maki,Cheeseburger,Chicken wings,Barbecue Ribs",2020-08-27,09:50:45,completed,26.83
151,1873,9,Teriyaki Chicken donburi,2022-02-04,11:54:56,completed,7.67
152,2917,20,Tiramisù,2020-01-22,21:16:25,completed,4.11
153,2945,2,"Pork belly buns,Teriyaki Chicken donburi,Pizza,Salmon nigiri,French fries with sausages",2025-03-18,11:10:22,cancelled,32.32
154,2832,14,"Pasta Carbonara,Risotto with seafood",2023-12-01,06:40:24,completed,10.19
155,2348,27,"Risotto with seafood,Pasta Carbonara,Pork sausage roll",2022-01-02,13:26:14,completed,21.55
156,1307,11,"Chicken milanese,Cheeseburger",2023-10-07,20:27:58,completed,13.49
157,1601,24,"Risotto with seafood,Pork belly buns,French fries with sausages,Katsu Curry,Meatballs with sauce",2022-06-11,13:36:10,completed,37.15
158,1473,9,Tiramisù,2023-07-15,15:45:59,cancelled,4.27
159,2621,22,Pasta with Tomato and Basil,2021-04-06,08:09:47,completed,6.3
160,1469,1,Lasagne,2025-06-02,18:31:20,completed,5.42
161,305,13,Katsu Curry,2024-10-29,18:16:46,completed,7.33
162,1870,24,"Ricotta stuffed Ravioli,Pasta Carbonara",2020-01-04,08:45:16,completed,14.46
163,301,15,Pizza,2020-10-03,10:09:18,completed,6.85
164,2026,10,"Linguine with clams,Chicken milanese,Pasta and Beans",2022-04-26,19:02:45,completed,20.1
165,1901,28,Chicken milanese,2020-06-04,17:46:03,pending,7.9
166,930,18,"Scotch eggs,Chilli con carne",2024-11-15,20:26:55,completed,12.45
167,2161,18,"Pizza,Lasagne,Meatballs with sauce,Chilli con carne,California maki",2025-07-18,13:05:08,completed,37.17
168,802,22,Cheeseburger,2024-08-23,08:23:32,completed,6.43
169,2667,27,Katsu Curry,2024-03-26,21:43:05,completed,7.17
170,1580,8,"Philadelphia maki,Salmon nigiri,Pasta Carbonara",2020-09-08,09:46:39,completed,17.32
171,2991,3,Teriyaki Chicken donburi,2021-01-24,18:11:54,completed,4.33
172,255,24,Pasta and Beans,2024-12-07,18:56:32,completed,7.86
173,2909,26,"Pasta Carbonara,Katsu Curry",2020-02-29,22:28:51,completed,15.95
174,269,22,"Linguine with clams,Cheeseburger",2022-06-06,15:18:29,pending,9.31
175,1931,9,"Pork sausage roll,Chicken milanese",2020-09-05,08:13:31,completed,15.8
176,2068,8,"Ebiten maki,Fish and chips,Pork belly buns,Souvlaki,Fettuccine Alfredo",2022-06-14,21:49:49,completed,31.54
177,695,28,Bruschette with Tomato,2024-10-22,12:44:53,completed,5.72
178,2114,26,Vegetable Soup,2022-05-19,13:59:26,completed,7.61
179,2227,12,"Chilli con carne,Risotto with seafood",2022-07-04,12:29:40,completed,15.0
180,2869,15,Ricotta stuffed Ravioli,2023-02-22,15:48:21,completed,8.54
181,283,25,Ricotta stuffed Ravioli,2023-10-25,16:45:15,completed,8.02
182,1454,21,Chilli con carne,2024-08-23,08:10:11,completed,8.19
183,2007,19,"Chilli con carne,Fettuccine Alfredo",2020-01-01,14:14:36,completed,12.5
184,2916,16,Caprese Salad,2020-09-17,13:38:44,completed,7.18
185,278,28,"Cheeseburger,Califlower penne,Caprese Salad",2023-10-13,20:03:31,completed,19.05
186,2960,21,"Caprese Salad,Pork belly buns,Mushroom Risotto,Pork belly buns",2023-12-02,06:18:38,pending,21.08
187,1528,15,Scotch eggs,2021-12-02,21:27:56,cancelled,4.3
188,936,30,"Philadelphia maki,Pasta with Tomato and Basil,Linguine with clams",2023-08-07,16:26:31,completed,21.38
189,2260,30,"Chicken milanese,Teriyaki Chicken donburi,Pasta Carbonara",2023-05-15,18:53:22,completed,21.03
190,1574,26,"Pizza,Pork belly buns,Mushroom Risotto",2025-03-05,19:01:11,completed,22.99
191,827,3,Pasta with Tomato and Basil,2020-05-06,11:14:15,completed,8.39
192,2405,28,Chicken Fajitas,2024-11-13,06:15:33,completed,8.57
193,361,22,"Vegetable Soup,Caprese Salad,Pasta and Beans,Pasta and Beans",2024-08-24,12:42:10,cancelled,26.6
194,1576,21,Mushroom Risotto,2022-07-31,09:10:46,completed,8.6
195,2766,29,"Teriyaki Chicken donburi,Pizza",2022-05-26,07:30:13,completed,17.14
196,905,5,Bruschette with Tomato,2022-04-16,10:03:20,completed,6.76
197,1624,23,"Pizza,Chicken milanese",2025-09-23,06:12:03,completed,11.66
198,169,16,"Vegetable Soup,Pasta Carbonara,Katsu Curry",2024-03-23,10:39:08,completed,16.57
199,283,1,Mushroom Risotto,2020-08-14,11:07:53,cancelled,6.84
200,116,6,Chicken milanese,2022-08-20,13:56:34,completed,5.65
201,2727,17,"Chilli con carne,Chicken Fajitas,Vegetable Soup,Barbecue Ribs,Vegetable Soup",2022-05-16,07:03:50,completed,29.92
202,2926,26,Barbecue Ribs,2024-07-13,14:42:55,pending,5.7
203,1349,16,"Pork belly buns,California maki,Meatballs with sauce,Risotto with seafood",2025-05-27,20:27:54,completed,25.86
204,2365,21,"California maki,Chicken milanese",2021-03-26,22:14:21,completed,15.96
205,2383,13,"Vegetable Soup,Teriyaki Chicken donburi",2025-09-29,16:57:42,completed,13.75
206,1032,10,"Pork belly buns,Ebiten maki,Vegetable Soup,Teriyaki Chicken donburi,Katsu Curry",2023-10-10,15:51:16,completed,33.16
207,109,3,"Barbecue Ribs,Barbecue Ribs,Barbecue Ribs",2020-03-17,10:50:58,pending,18.37
208,1549,10,"Risotto with seafood,Teriyaki Chicken donburi",2023-12-29,15:49:07,completed,13.18
209,2696,21,Scotch eggs,2021-02-01,15:25:08,cancelled,6.7
210,1424,27,Pasta Carbonara,2023-08-25,22:34:31,completed,6.38
211,2639,7,"Salmon nigiri,Califlower penne",2020-11-10,17:09:41,completed,11.16
212,2175,7,Teriyaki Chicken donburi,2020-02-02,14:29:48,completed,6.02
213,2621,4,Scotch eggs,2020-08-13,11:14:09,completed,6.95
214,2270,28,"Chicken milanese,Bruschette with Tomato,Mushroom Risotto,Caprese Salad,Salmon nigiri",2024-03-24,17:56:06,completed,33.41
215,429,29,"Pappardelle alla Bolognese,Bruschette with Tomato",2021-09-04,18:08:30,completed,10.79
216,1520,9,"Risotto with seafood,Caesar Salad,Mushroom Risotto,Pappardelle alla Bolognese",2022-12-22,13:53:22,completed,30.83
217,1186,28,"Chicken Fajitas,Chicken milanese,Meatballs with sauce",2022-09-10,20:10:47,completed,25.18
218,247,25,Salmon nigiri,2021-06-05,14:33:04,completed,5.33
219,1179,14,Califlower penne,2025-08-07,07:42:27,pending,6.12
220,1613,26,Pork belly buns,2021-10-25,07:43:42,completed,5.48
221,1532,25,"Caprese Salad,Mushroom Risotto",2024-06-01,20:22:13,completed,12.36
222,2252,27,"Souvlaki,Pasta and Beans,Philadelphia maki,Ricotta stuffed Ravioli,Souvlaki",2021-01-29,06:54:25,completed,36.07
223,1960,12,"Pasta and Beans,Califlower penne,Pork belly buns",2025-03-09,17:15:52,completed,19.08
224,2665,20,Scotch eggs,2021-05-27,09:09:35,completed,4.84
225,1502,27,Pasta Carbonara,2021-12-26,12:56:18,completed,8.04
226,115,6,Pasta and Beans,2021-11-19,13:34:38,completed,5.67
227,1654,22,"Chicken milanese,California maki",2023-01-15,09:08:28,completed,11.01
228,894,27,"Katsu Curry,Fish and chips",2023-04-09,12:58:45,completed,13.55
229,2822,12,Califlower penne,2023-10-30,06:22:12,completed,8.38
230,2391,19,"Salmon nigiri,Philadelphia maki,Ricotta stuffed Ravioli,Fish and chips,Pork belly buns",2021-01-30,12:59:10,completed,33.06
231,2513,9,"Ricotta stuffed Ravioli,Risotto with seafood,Meatballs with sauce",2024-03-21,12:41:49,completed,17.54
232,1957,8,"Scotch eggs,Ricotta stuffed Ravioli",2020-08-30,09:21:16,completed,13.7
233,2970,1,"Ebiten maki,Souvlaki",2021-08-07,20:50:41,completed,15.79
234,2724,20,Fettuccine Alfredo,2020-05-06,07:40:56,pending,4.83
235,147,7,Cheeseburger,2020-11-22,10:51:37,completed,5.95
236,2415,11,French fries with sausages,2023-02-17,22:54:46,completed,5.35
237,2367,21,"Chicken milanese,Scotch eggs,Chilli con carne",2025-09-09,22:26:23,completed,13.9
238,1019,26,"Chilli con carne,Souvlaki",2021-05-05,17:41:01,completed,16.6
239,2897,9,"Califlower penne,Mushroom Risotto,Tuna sashimi",2020-02-05,13:10:59,completed,21.16
240,1937,20,"Caprese Salad,French fries with sausages",2020-02-23,21:53:35,completed,12.5
241,2209,16,Ebiten maki,2020-07-24,18:57:50,completed,8.47
242,2145,22,Vegetable Soup,2022-04-01,16:04:37,completed,4.9
243,593,16,"Fish and chips,Chicken Fajitas,Linguine with clams",2021-07-16,13:30:06,completed,20.31
244,2299,18,"Bruschette with Tomato,Tuna sashimi,Vegetable Soup",2022-09-30,22:22:57,completed,19.94
245,1495,14,"Tiramisù,French fries with sausages",2021-06-19,13:04:45,completed,11.12
246,2515,29,"Risotto with seafood,Pizza,Pasta with Tomato and Basil,Cheeseburger",2023-08-25,06:44:38,completed,26.78
247,241,9,Souvlaki,2024-10-07,13:25:55,completed,8.22
248,2757,7,"Philadelphia maki,Califlower penne",2023-07-16,09:01:53,completed,11.92
249,197,15,"Barbecue Ribs,Barbecue Ribs,Pasta Carbonara,Salmon nigiri,Pasta with Tomato and Basil",2020-09-21,08:05:17,completed,35.51
250,2276,30,Pappardelle alla Bolognese,2023-04-28,08:48:59,completed,6.71
251,1958,25,Chilli con carne,2021-07-28,11:51:38,completed,5.15
252,895,5,Pasta and Beans,2021-12-11,10:29:06,completed,5.36
253,1553,16,"Linguine with clams,Pappardelle alla Bolognese,Souvlaki",2021-07-16,19:51:30,completed,21.26
254,2290,25,Fettuccine Alfredo,2023-09-11,20:22:43,completed,4.97
255,87,30,Salmon nigiri,2025-08-11,11:24:32,completed,5.4
256,2509,1,"Pappardelle alla Bolognese,Risotto with seafood,Pizza,Cheeseburger",2024-06-17,22:59:22,completed,24.83
257,1574,8,Cheeseburger,2025-08-19,17:52:14,completed,5.36
258,2375,27,"Lasagne,Califlower penne",2024-12-01,09:09:20,completed,13.48
259,1607,12,Katsu Curry,2022-10-14,21:13:04,completed,8.95
260,866,10,Meatballs with sauce,2024-05-28,09:47:33,completed,5.25
261,2242,10,Linguine with clams,2021-04-06,17:14:09,completed,7.76
262,215,14,Califlower penne,2020-04-30,20:38:22,completed,6.79
263,2988,8,"Mushroom Risotto,Katsu Curry,Pizza,Pizza",2024-06-20,11:51:35,completed,24.6
264,146,9,Caesar Salad,2024-10-10,17:34:39,completed,8.24
265,2116,19,"Risotto with seafood,Caesar Salad,California maki,Caprese Salad",2020-12-30,20:33:24,pending,28.32
266,2057,13,"Ricotta stuffed Ravioli,California maki,Pasta with Tomato and Basil",2022-12-08,18:24:55,completed,17.36
267,2890,17,Fettuccine Alfredo,2022-05-12,16:20:08,completed,5.18
268,2688,29,Cheeseburger,2022-11-05,20:12:33,completed,8.82
269,801,25,"Fettuccine Alfredo,Pasta Carbonara,Mushroom Risotto,Cheeseburger,Ricotta stuffed Ravioli",2020-12-29,22:30:06,completed,33.45
270,111,18,"Mushroom Risotto,Bruschette with Tomato",2025-04-21,06:52:05,completed,9.51
271,1432,7,"Pasta and Beans,Lasagne",2024-08-05,12:12:10,completed,10.1
272,2051,9,Philadelphia maki,2025-05-01,07:50:45,completed,7.29
273,586,12,"Pasta with Tomato and Basil,California maki",2024-11-02,14:59:02,completed,14.1
274,627,27,Califlower penne,2024-08-01,13:39:26,completed,8.14
275,2736,8,"Risotto with seafood,Caprese Salad",2025-06-03,21:42:06,completed,12.8
276,2002,14,"Teriyaki Chicken donburi,Califlower penne,Philadelphia maki",2021-12-22,18:33:20,pending,20.62
277,1964,2,"Barbecue Ribs,Meatballs with sauce,Mushroom Risotto",2022-07-24,15:08:56,completed,18.88
278,190,19,"Caesar Salad,Chicken wings,Salmon nigiri",2024-11-22,22:08:18,completed,20.41
279,2904,12,"Barbecue Ribs,Califlower penne",2025-06-08,19:29:55,completed,14.55
280,1029,10,"Caprese Salad,Barbecue Ribs",2020-11-13,09:03:32,cancelled,8.94
281,849,30,"Barbecue Ribs,Salmon nigiri",2021-12-17,17:40:12,completed,11.09
282,1523,14,Pasta with Tomato and Basil,2024-03-08,20:52:39,completed,8.55
283,777,10,Mushroom Risotto,2022-01-03,19:20:34,completed,7.8
284,2498,23,Pizza,2020-02-15,08:58:45,completed,5.14
285,46,17,"Pizza,Linguine with clams,Souvlaki",2025-07-06,07:43:53,completed,17.81
286,47,3,Pizza,2022-12-22,15:58:00,completed,6.15
287,2264,23,Pizza,2022-06-25,15:47:55,completed,4.38
288,750,25,Pasta Carbonara,2021-10-21,07:58:18,completed,7.84
289,1531,25,Mushroom Risotto,2021-04-08,16:14:36,completed,4.85
290,2389,2,"Fish and chips,California maki",2020-01-26,07:12:34,completed,13.14
291,1832,15,Chicken Fajitas,2024-12-18,14:34:48,pending,7.7
292,2555,2,Califlower penne,2023-03-14,20:34:32,completed,6.78
293,782,15,"Pasta with Tomato and Basil,Tuna sashimi,Ebiten maki,Pasta with Tomato and Basil",2022-03-22,18:05:57,completed,21.06
294,2043,13,Salmon nigiri,2024-07-11,21:50:37,completed,6.52
295,2730,11,Meatballs with sauce,2025-07-29,21:01:27,completed,6.85
296,534,5,Bruschette with Tomato,2023-09-17,16:24:02,completed,8.62
297,494,1,Bruschette with Tomato,2022-10-31,19:45:12,pending,4.03
298,1323,22,"Pizza,Mushroom Risotto",2023-04-30,11:41:33,completed,10.78
299,2061,18,Pasta with Tomato and Basil,2024-06-16,21:31:40,completed,5.18
300,2794,24,Chicken milanese,2025-04-15,22:50:33,completed,8.66
301,95,27,Pork sausage roll,2021-12-06,16:57:35,completed,8.86
302,256,16,"Tuna sashimi,Pasta with Tomato and Basil",2021-08-08,11:49:29,completed,15.65
303,563,23,Salmon nigiri,2024-03-04,10:10:30,completed,8.03
304,998,6,"Risotto with seafood,Souvlaki",2021-09-24,07:31:10,completed,10.45
305,1414,20,"Vegetable Soup,Lasagne,Mushroom Risotto,Pasta and Beans",2020-02-22,11:50:50,completed,20.27
306,1815,4,"Fettuccine Alfredo,Scotch eggs",2021-12-30,06:48:48,pending,12.78
307,1039,8,"Philadelphia maki,Pork belly buns",2020-03-12,14:31:20,completed,11.1
308,1249,27,"Risotto with seafood,Tuna sashimi",2024-08-31,17:49:39,completed,10.6
309,2067,10,"Fish and chips,California maki,Souvlaki",2022-06-17,12:36:16,completed,18.15
310,2648,12,"Pasta Carbonara,Ricotta stuffed Ravioli",2020-01-25,07:31:11,cancelled,15.07
311,1214,1,"Katsu Curry,California maki,Vegetable Soup",2022-11-03,14:02:10,completed,19.68
312,1827,2,"Caesar Salad,Pasta and Beans,Salmon nigiri",2021-09-09,20:54:37,completed,22.13
313,1420,28,"Souvlaki,Fish and chips",2021-11-05,16:09:39,pending,14.09
314,2460,28,Salmon nigiri,2022-05-10,21:10:51,completed,5.31
315,1847,26,Ricotta stuffed Ravioli,2023-07-10,15:09:42,completed,6.76
316,1402,16,Chicken milanese,2023-07-05,13:11:03,completed,5.04
317,316,29,"Chicken milanese,Bruschette with Tomato",2024-04-04,19:59:09,pending,12.93
318,1887,12,"Salmon nigiri,Chilli con carne,Ebiten maki,Barbecue Ribs",2022-05-31,13:08:27,completed,23.13
319,1327,16,"Tuna sashimi,Scotch eggs",2023-03-22,19:15:39,completed,16.09
320,505,24,"Caprese Salad,Bruschette with Tomato,California maki,Philadelphia maki,Pizza",2025-09-02,09:41:51,completed,29.52
321,2294,12,Bruschette with Tomato,2024-09-16,10:12:57,completed,4.1
322,179,8,"Caesar Salad,Tiramisù",2021-11-22,12:49:47,completed,12.73
323,1207,30,"Scotch eggs,Bruschette with Tomato,Chicken milanese,Chilli con carne,Caesar Salad",2020-07-10,15:03:38,completed,31.58
324,1302,24,French fries with sausages,2021-06-06,12:00:30,pending,7.6
325,9,22,"Califlower penne,Tiramisù",2025-07-14,15:02:20,completed,13.32
326,2641,28,Meatballs with sauce,2022-12-31,09:38:02,completed,8.2
327,1005,27,"Teriyaki Chicken donburi,Fish and chips,French fries with sausages,Ebiten maki",2021-08-17,11:49:55,completed,33.66
328,975,26,French fries with sausages,2022-11-14,21:00:12,completed,7.17
329,1533,21,"Linguine with clams,Chilli con carne,Vegetable Soup",2025-01-07,22:29:58,completed,13.74
330,2532,25,Caesar Salad,2025-04-17,14:52:45,completed,5.94
331,706,7,Mushroom Risotto,2021-03-18,06:02:30,pending,7.36
332,1338,19,Lasagne,2021-01-06,12:06:09,pending,6.34
333,1828,13,"French fries with sausages,Pork sausage roll",2024-02-12,08:41:33,pending,15.05
334,631,21,Fish and chips,2024-03-25,10:02:44,completed,8.73
335,1473,10,Caesar Salad,2022-03-19,20:38:40,completed,5.11
336,859,7,"Pappardelle alla Bolognese,Scotch eggs,Chicken Fajitas,Linguine with clams",2021-10-06,14:54:51,cancelled,26.86
337,981,16,"Pork sausage roll,Chicken wings",2020-01-22,06:39:17,completed,12.76
338,1664,1,"Scotch eggs,Lasagne,Ricotta stuffed Ravioli,Caesar Salad",2022-04-11,08:33:19,completed,21.18
339,2746,10,"Caesar Salad,Salmon nigiri,Bruschette with Tomato,Pasta with Tomato and Basil",2023-07-07,08:18:55,completed,29.82
340,115,16,Pizza,2020-05-17,06:18:03,completed,4.62
341,2465,13,"Pizza,Pork sausage roll",2020-01-22,16:06:49,completed,17.21
342,1983,21,Bruschette with Tomato,2021-12-30,17:02:07,completed,7.36
343,1760,26,"Tuna sashimi,Ricotta stuffed Ravioli",2021-07-25,06:21:00,cancelled,11.95
344,2511,3,French fries with sausages,2025-06-06,20:36:34,completed,6.56
345,1873,18,"Lasagne,Lasagne",2021-12-27,13:51:24,completed,14.53
346,2442,21,"Fettuccine Alfredo,Califlower penne,Pizza,French fries with sausages",2020-05-22,21:36:18,completed,23.02
347,262,7,Ricotta stuffed Ravioli,2020-08-27,06:29:49,completed,5.34
348,73,30,"Scotch eggs,Ricotta stuffed Ravioli,Pappardelle alla Bolognese",2025-07-24,14:39:43,completed,16.91
349,1611,30,"Pork belly buns,Barbecue Ribs",2025-02-08,19:48:24,completed,12.61
350,1658,29,Ebiten maki,2022-02-25,12:43:22,completed,5.98
351,2172,13,Bruschette with Tomato,2024-10-13,09:35:05,completed,8.94
352,370,5,"Caesar Salad,Meatballs with sauce",2024-03-31,16:01:14,completed,14.1
353,2547,4,Ebiten maki,2025-03-25,19:41:42,pending,8.75
354,2896,15,"Teriyaki Chicken donburi,French fries with sausages",2023-03-16,19:37:34,completed,10.95
355,1340,15,Pork belly buns,2023-03-03,12:01:29,completed,8.97
356,1618,10,"Katsu Curry,Risotto with seafood,Chicken Fajitas,California maki",2020-05-17,13:31:43,completed,30.17
357,7,10,"Bruschette with Tomato,Katsu Curry,Risotto with seafood",2025-08-30,06:17:45,completed,18.3
358,2031,10,"Chicken wings,Chicken wings,Linguine with clams,Pasta with Tomato and Basil",2020-12-21,20:26:24,completed,23.31
359,626,18,"Tuna sashimi,Barbecue Ribs,Chicken Fajitas",2023-01-02,16:53:47,completed,20.69
360,1424,14,California maki,2020-09-25,16:24:08,pending,7.53
361,2784,22,French fries with sausages,2020-02-12,16:25:19,completed,7.04
362,2657,5,Fettuccine Alfredo,2025-02-08,12:12:37,completed,5.89
363,60,10,"Fettuccine Alfredo,Tiramisù",2020-08-11,19:45:15,completed,15.56
364,1490,20,"Caesar Salad,Pasta with Tomato and Basil,Bruschette with Tomato",2022-08-04,08:42:27,cancelled,24.62
365,1014,17,Cheeseburger,2024-05-29,21:44:33,completed,4.68
366,792,15,Pasta and Beans,2020-04-13,18:06:23,completed,5.47
367,1570,1,California maki,2024-04-24,16:15:07,completed,7.21
368,84,22,Tuna sashimi,2023-06-05,12:49:40,completed,8.1
369,749,3,"Pork belly buns,French fries with sausages",2024-07-30,11:21:19,completed,11.65
370,390,10,"Chicken milanese,Fish and chips",2025-07-23,21:24:09,completed,9.14
371,1299,25,Chilli con carne,2025-01-13,07:49:39,completed,7.96
372,738,20,Pizza,2023-04-06,13:25:03,completed,8.08
373,905,8,Linguine with clams,2021-06-20,22:26:44,completed,4.84
374,746,23,"Tiramisù,Tuna sashimi",2024-10-22,20:20:46,completed,15.36
375,2309,1,Chilli con carne,2020-05-23,10:15:29,pending,8.13
376,1209,11,Salmon nigiri,2020-06-23,10:42:16,completed,8.78
377,1244,16,"Tiramisù,Caesar Salad,Linguine with clams,French fries with sausages,Pasta and Beans",2023-12-20,09:29:59,completed,34.85
378,1959,10,Linguine with clams,2024-08-13,16:58:10,completed,6.33
379,2832,7,Bruschette with Tomato,2022-01-02,15:40:16,completed,7.95
380,2279,6,"Fettuccine Alfredo,Caprese Salad",2024-05-18,18:01:20,completed,9.37
381,1690,1,Pasta Carbonara,2023-02-07,12:29:31,completed,8.78
382,2075,2,Chicken Fajitas,2021-07-13,18:12:06,pending,8.69
383,945,11,"French fries with sausages,Caesar Salad,Ebiten maki",2023-07-04,06:43:58,completed,18.46
384,2499,6,"Pasta with Tomato and Basil,Chicken milanese,Linguine with clams,Lasagne",2023-01-06,07:58:02,pending,17.75
385,2486,5,Salmon nigiri,2021-05-27,11:11:39,pending,5.71
386,287,13,Philadelphia maki,2023-09-24,19:23:24,completed,8.62
387,541,28,"French fries with sausages,Linguine with clams",2021-05-31,07:45:00,pending,12.19
388,2871,1,"Pasta and Beans,Califlower penne",2020-07-03,08:17:38,completed,12.45
389,57,13,"Caprese Salad,Lasagne",2025-09-29,21:06:41,completed,17.4
390,2098,15,Bruschette with Tomato,2025-02-07,10:56:54,cancelled,7.06
391,670,13,"Salmon nigiri,Pasta Carbonara,Chicken wings,Pork sausage roll",2020-02-23,17:57:42,completed,27.92
392,1084,26,"Bruschette with Tomato,Chicken milanese,Scotch eggs,Cheeseburger",2021-04-11,21:06:31,completed,27.4
393,833,12,Scotch eggs,2023-03-09,11:55:49,completed,5.31
394,1269,16,Lasagne,2025-01-01,10:10:16,completed,4.68
395,1875,19,"Pasta Carbonara,Pasta and Beans",2025-02-28,13:30:02,completed,14.6
396,821,16,"Chicken Fajitas,Mushroom Risotto",2025-01-11,15:05:19,completed,10.99
397,2923,3,Pork belly buns,2021-03-21,12:14:17,completed,5.99
398,1030,28,"Caesar Salad,Pork sausage roll",2023-09-18,07:50:50,completed,12.1
399,1006,14,Caesar Salad,2024-10-11,09:06:42,completed,6.11
400,1471,12,"California maki,Meatballs with sauce,Teriyaki Chicken donburi,Pasta and Beans",2023-02-06,10:27:46,completed,26.55
401,2381,18,"Linguine with clams,Pasta with Tomato and Basil,Pasta with Tomato and Basil,Katsu Curry",2020-12-12,22:27:22,pending,27.19
402,2566,9,"Fettuccine Alfredo,Tuna sashimi",2023-09-10,11:17:47,cancelled,12.18
403,2134,25,"Chicken Fajitas,California maki,Caesar Salad",2022-10-21,20:29:45,completed,19.89
404,1989,20,"Chicken Fajitas,Pork belly buns",2023-09-17,15:13:33,completed,17.35
405,2234,11,"Fish and chips,Scotch eggs,Meatballs with sauce,Chicken Fajitas",2022-08-27,10:23:57,completed,27.59
406,2792,23,"Barbecue Ribs,Caprese Salad,Bruschette with Tomato,Meatballs with sauce,Chilli con carne",2020-02-14,10:57:41,pending,34.86
407,381,17,"Barbecue Ribs,Vegetable Soup,Souvlaki",2021-01-07,19:37:52,completed,19.56
408,1957,20,"Tuna sashimi,Fish and chips",2022-05-27,20:12:31,completed,12.28
409,1441,6,Salmon nigiri,2022-11-15,22:21:21,completed,4.22
410,1265,30,"Califlower penne,Ricotta stuffed Ravioli",2024-05-07,06:36:01,completed,10.25
411,87,23,"Ebiten maki,Philadelphia maki,Pappardelle alla Bolognese,Lasagne,Risotto with seafood",2023-04-17,19:41:14,completed,35.95
412,781,8,"Philadelphia maki,Caprese Salad,Teriyaki Chicken donburi,Pasta and Beans",2025-01-20,16:23:20,completed,24.14
413,1386,12,Pasta and Beans,2023-03-11,17:55:37,completed,7.79
414,2,25,"Salmon nigiri,Tiramisù,Chilli con carne,Philadelphia maki,Pork sausage roll",2022-11-23,08:08:20,completed,36.74
415,434,6,Caesar Salad,2024-07-02,19:08:22,completed,7.53
416,92,22,"Chilli con carne,Caesar Salad,Philadelphia maki",2020-07-07,13:32:03,pending,16.56
417,1882,22,"Ebiten maki,Souvlaki,Ebiten maki,Pasta Carbonara",2022-04-01,10:51:32,completed,19.64
418,2460,21,"Chicken Fajitas,French fries with sausages",2025-06-18,22:03:11,pending,13.3
419,1425,22,Risotto with seafood,2025-08-04,18:05:59,completed,7.47
420,2469,28,"Barbecue Ribs,Caesar Salad,Bruschette with Tomato",2024-12-11,13:37:40,completed,19.29
421,716,26,"Scotch eggs,Fish and chips,Chilli con carne",2022-02-13,19:56:08,completed,16.85
422,2699,16,Fish and chips,2021-07-29,20:39:01,completed,5.94
423,496,6,Mushroom Risotto,2022-08-13,20:31:10,pending,4.82
424,1262,5,"Teriyaki Chicken donburi,Tiramisù",2025-02-24,22:43:44,pending,16.1
425,1705,11,"Pappardelle alla Bolognese,Pasta and Beans,Cheeseburger,Fish and chips,Pasta and Beans",2024-07-03,06:34:29,pending,33.6
426,2015,18,"Tiramisù,Ricotta stuffed Ravioli,Philadelphia maki",2021-12-30,14:57:11,completed,18.96
427,666,11,"Mushroom Risotto,Souvlaki",2022-06-28,20:15:06,pending,10.69
428,830,12,Pasta Carbonara,2024-12-05,09:59:44,completed,7.08
429,2869,27,Scotch eggs,2025-03-11,20:23:22,completed,4.88
430,1678,2,Califlower penne,2025-04-08,15:41:50,completed,6.52
431,2472,14,Salmon nigiri,2023-07-08,09:03:26,completed,8.08
432,559,30,Tuna sashimi,2024-07-20,20:50:58,completed,5.54
433,2350,12,"California maki,Tiramisù,Souvlaki",2024-12-03,16:08:02,completed,18.45
434,869,14,"Risotto with seafood,Lasagne,Lasagne",2020-09-14,07:46:03,completed,20.32
435,1218,16,"Fish and chips,Pasta Carbonara,Caprese Salad",2023-07-25,20:53:13,completed,21.65
436,195,8,"Chicken wings,Linguine with clams",2020-07-08,08:51:54,completed,14.33
437,98,3,Califlower penne,2024-08-20,21:37:20,completed,8.41
438,70,14,Ricotta stuffed Ravioli,2020-08-29,20:55:38,completed,4.36
439,1777,9,Chicken wings,2025-06-27,17:06:21,pending,6.49
440,2533,10,"Pasta and Beans,Chicken Fajitas",2020-10-21,16:12:34,cancelled,10.18
441,432,19,"Pork sausage roll,Salmon nigiri,Chicken wings",2021-06-28,09:04:32,completed,17.37
442,2219,4,Katsu Curry,2022-05-07,06:00:08,pending,8.15
443,2529,27,Pizza,2024-12-14,18:05:45,completed,8.35
444,444,2,Chicken milanese,2025-05-20,09:08:18,completed,5.34
445,220,29,Califlower penne,2022-06-21,20:58:22,pending,5.26
446,2198,25,Tiramisù,2024-12-04,14:30:34,completed,7.5
447,19,20,Scotch eggs,2020-11-04,17:29:27,cancelled,4.52
448,2261,8,Chilli con carne,2023-07-10,08:32:50,completed,4.74
449,1849,6,Souvlaki,2022-06-16,22:47:10,completed,8.51
450,1103,2,Mushroom Risotto,2025-05-06,15:16:20,completed,7.93
451,1202,30,Ebiten maki,2021-01-27,09:46:50,completed,8.62
452,2223,1,Philadelphia maki,2022-01-12,19:50:47,completed,6.51
453,1181,30,Pappardelle alla Bolognese,2021-10-18,22:15:32,completed,6.91
454,1347,1,Ebiten maki,2021-02-23,06:51:04,completed,8.11
455,2969,11,Pasta and Beans,2022-11-03,22:24:41,completed,6.19
456,283,16,Katsu Curry,2023-07-10,06:56:27,completed,8.7
457,1602,6,"Caesar Salad,Caesar Salad,Pasta Carbonara",2022-07-02,16:36:12,completed,19.72
458,2514,27,Risotto with seafood,2024-03-01,19:08:05,pending,5.23
459,1233,12,Lasagne,2020-01-27,12:47:07,completed,4.77
460,831,23,"Teriyaki Chicken donburi,Pappardelle alla Bolognese,Salmon nigiri",2020-04-24,08:01:13,completed,22.86
461,2370,29,California maki,2022-04-22,12:52:49,completed,5.5
462,1087,20,Caesar Salad,2020-12-10,21:38:52,completed,6.24
463,1822,16,Lasagne,2023-09-16,07:48:41,completed,6.86
464,1673,16,Salmon nigiri,2025-03-14,18:43:47,completed,8.28
465,2864,28,"Pork sausage roll,Cheeseburger",2021-04-24,06:07:26,pending,10.62
466,2575,11,Pizza,2023-12-24,17:28:11,completed,4.98
467,2459,28,"Risotto with seafood,French fries with sausages,Mushroom Risotto,Ebiten maki,Katsu Curry",2021-11-20,06:21:04,completed,33.33
468,1193,28,Pasta with Tomato and Basil,2023-03-21,09:12:12,completed,5.46
469,2166,10,Scotch eggs,2020-05-03,14:04:29,completed,6.62
470,892,9,Chicken milanese,2020-03-25,11:43:59,completed,5.04
471,1672,9,"Caesar Salad,Cheeseburger,Cheeseburger,Lasagne",2020-07-07,06:35:06,completed,28.73
472,2109,24,Tuna sashimi,2022-12-27,08:03:39,completed,5.26
473,400,30,"Califlower penne,Teriyaki Chicken donburi,Chilli con carne",2021-08-22,09:47:42,completed,22.44
474,3,10,Vegetable Soup,2021-10-21,17:00:22,completed,5.16
475,1537,22,"Califlower penne,Tiramisù",2025-09-03,22:29:45,completed,12.45
476,95,18,"Philadelphia maki,Salmon nigiri",2020-11-05,09:23:50,completed,14.94
477,1807,7,Linguine with clams,2022-07-09,20:30:51,cancelled,7.45
478,2383,15,Tiramisù,2025-09-04,21:02:04,completed,5.71
479,348,18,"Chicken milanese,Chicken milanese",2024-01-28,07:26:09,completed,11.67
480,924,5,"Caprese Salad,Fettuccine Alfredo,Chicken Fajitas",2022-02-15,22:37:42,completed,21.87
481,2946,8,"Vegetable Soup,Caprese Salad,Caesar Salad,Pappardelle alla Bolognese,Ricotta stuffed Ravioli",2024-03-26,18:42:09,completed,37.72
482,1574,23,"Ebiten maki,Mushroom Risotto,Risotto with seafood",2020-02-16,06:38:15,pending,19.2
483,301,11,Chicken milanese,2023-01-29,21:58:18,completed,6.97
484,1167,14,Souvlaki,2024-02-17,19:49:34,completed,7.48
485,35,22,"French fries with sausages,Barbecue Ribs",2025-05-08,16:54:17,completed,16.08
486,174,9,"Chilli con carne,Ebiten maki,Chicken wings",2025-04-21,14:22:11,completed,19.06
487,1355,12,French fries with sausages,2022-12-25,15:47:59,pending,8.91
488,1073,30,Pasta and Beans,2024-08-15,06:02:53,cancelled,7.72
489,1345,15,Vegetable Soup,2025-02-11,13:39:31,completed,5.14
490,1697,22,"Risotto with seafood,Ricotta stuffed Ravioli",2024-12-09,22:40:16,completed,13.74
491,352,11,"Barbecue Ribs,Souvlaki,Lasagne",2025-04-20,22:05:48,completed,17.54
492,1404,6,"Pork belly buns,Califlower penne",2023-01-03,15:51:07,completed,11.08
493,1689,25,Ebiten maki,2022-06-24,08:05:20,completed,8.79
494,1729,5,"Risotto with seafood,Pasta and Beans,Chicken milanese",2020-01-05,22:12:06,completed,21.56
495,2057,5,French fries with sausages,2020-09-28,11:46:39,completed,7.01
496,1539,8,"Risotto with seafood,Chicken Fajitas,Cheeseburger",2020-08-15,07:50:08,completed,20.75
497,1818,2,"Mushroom Risotto,California maki,Souvlaki,Linguine with clams",2025-03-23,09:04:12,completed,26.43
498,2896,11,Chicken milanese,2023-12-28,07:04:09,completed,8.14
499,777,8,"Tuna sashimi,Pork belly buns",2023-07-15,09:19:26,pending,12.78
500,2753,7,"Bruschette with Tomato,Fettuccine Alfredo",2023-10-15,09:49:27,completed,12.53
501,2292,22,"Chicken wings,Mushroom Risotto",2024-09-28,21:54:50,completed,13.08
502,1641,30,"Lasagne,Risotto with seafood,Linguine with clams",2021-09-13,20:05:03,completed,18.24
503,851,8,Chilli con carne,2024-08-07,08:48:37,completed,7.56
504,1435,14,Chicken wings,2024-05-23,09:59:28,pending,7.66
505,2496,23,Cheeseburger,2022-04-24,11:23:56,pending,7.33
506,2995,13,Linguine with clams,2022-03-14,10:54:40,completed,8.31
507,1960,6,"Fish and chips,Chilli con carne,Barbecue Ribs,Pappardelle alla Bolognese",2022-05-13,12:00:29,completed,25.6
508,1593,12,Scotch eggs,2024-01-28,15:22:23,completed,4.69
509,393,17,"Pizza,Bruschette with Tomato,Katsu Curry,Cheeseburger",2022-07-04,20:30:23,completed,23.92
510,653,21,"Ricotta stuffed Ravioli,Souvlaki,French fries with sausages,Risotto with seafood,Chicken wings",2021-05-27,19:48:27,completed,26.29
511,2958,8,"Pasta and Beans,Fish and chips",2025-03-16,19:19:55,completed,14.77
512,877,30,Fish and chips,2022-12-07,14:34:43,completed,4.02
513,807,5,Caesar Salad,2020-02-01,09:38:06,completed,7.43
514,17,28,"Tiramisù,Pork belly buns",2021-05-15,22:35:46,completed,12.41
515,1855,9,"Ricotta stuffed Ravioli,California maki,Califlower penne",2022-07-31,19:03:13,completed,21.47
516,523,16,Cheeseburger,2024-07-28,18:23:27,completed,7.25
517,1673,10,"Pasta Carbonara,Bruschette with Tomato",2020-04-23,13:39:52,completed,11.34
518,2697,27,Pasta and Beans,2020-03-03,11:37:25,pending,5.12
519,575,6,Chilli con carne,2024-09-14,14:00:06,completed,8.55
520,1934,18,Linguine with clams,2020-06-18,20:42:01,completed,5.27
521,2262,26,Pasta with Tomato and Basil,2024-04-05,11:53:03,completed,4.25
522,1359,23,Teriyaki Chicken donburi,2023-10-10,18:41:30,completed,5.53
523,2984,28,"Tuna sashimi,Pizza",2025-07-01,10:11:07,completed,15.84
524,412,7,Souvlaki,2022-11-01,20:07:51,cancelled,5.5
525,642,12,Vegetable Soup,2023-11-27,21:52:19,pending,4.12
526,1843,28,"Barbecue Ribs,Pizza,Scotch eggs,Pork belly buns",2021-12-27,09:29:29,completed,29.71
527,1227,10,Tuna sashimi,2025-06-17,22:51:17,completed,4.01
528,864,5,"Risotto with seafood,Salmon nigiri,Caprese Salad,Salmon nigiri,Pasta with Tomato and Basil",2020-02-05,17:20:26,completed,33.15
529,1072,6,"Ricotta stuffed Ravioli,Teriyaki Chicken donburi",2021-08-01,09:57:08,completed,9.31
530,1352,10,Salmon nigiri,2022-06-12,12:51:52,completed,4.08
531,1690,24,"Lasagne,Lasagne",2025-03-20,22:20:01,completed,14.4
532,532,17,"Chicken milanese,Mushroom Risotto,Risotto with seafood,Linguine with clams,Ricotta stuffed Ravioli",2021-11-22,13:15:01,completed,34.09
533,2152,6,"Pasta Carbonara,Pasta Carbonara",2024-01-31,22:54:36,completed,15.48
534,1331,20,Chicken milanese,2023-05-15,14:14:33,pending,4.55
535,2423,15,"Pizza,Chicken Fajitas",2021-01-24,15:55:39,completed,13.3
536,2662,22,Caprese Salad,2025-04-17,08:10:42,completed,7.29
537,2335,2,"Risotto with seafood,Pasta with Tomato and Basil,Chicken milanese,Mushroom Risotto",2022-11-02,19:54:24,completed,26.89
538,760,5,Pizza,2020-11-06,16:37:56,completed,4.18
539,784,25,"Chicken Fajitas,Mushroom Risotto,Tuna sashimi,Mushroom Risotto,Cheeseburger",2024-08-27,06:49:41,pending,30.36
540,850,11,"Philadelphia maki,Teriyaki Chicken donburi",2021-05-29,16:33:34,completed,11.4
541,593,28,"Pappardelle alla Bolognese,Chicken wings,Cheeseburger,California maki",2025-03-21,19:40:38,completed,24.73
542,522,6,Ricotta stuffed Ravioli,2023-07-17,22:02:35,completed,8.01
543,1031,11,French fries with sausages,2020-02-05,12:16:16,completed,4.66
544,1267,13,Philadelphia maki,2023-06-09,22:23:22,completed,4.65
545,128,19,Philadelphia maki,2024-06-27,21:21:44,completed,7.82
546,1852,30,Mushroom Risotto,2020-09-14,13:46:43,completed,7.14
547,1124,21,Pasta and Beans,2025-06-14,18:09:51,completed,8.09
548,1696,9,Pasta with Tomato and Basil,2021-01-29,15:19:06,completed,5.39
549,1601,24,"Risotto with seafood,Fish and chips,French fries with sausages,Ebiten maki,Chicken Fajitas",2022-10-12,21:32:37,completed,36.02
550,1894,21,"Pork belly buns,Pasta with Tomato and Basil,Pappardelle alla Bolognese,Pappardelle alla Bolognese,Fettuccine Alfredo",2023-04-06,14:04:09,completed,32.12
551,69,12,Vegetable Soup,2021-08-30,08:08:32,completed,5.29
552,274,6,"Pasta and Beans,Pasta with Tomato and Basil,California maki,Tiramisù",2024-01-06,21:31:57,completed,24.17
553,2744,30,"Pork belly buns,Pappardelle alla Bolognese,California maki",2020-05-25,06:35:59,pending,17.87
554,1819,1,Chicken milanese,2020-05-27,07:12:59,pending,5.62
555,2202,20,"Teriyaki Chicken donburi,Souvlaki",2021-09-02,22:54:56,completed,12.8
556,1691,6,"Caprese Salad,Ricotta stuffed Ravioli",2024-02-26,07:46:22,pending,15.2
557,790,11,Caesar Salad,2022-08-16,10:16:31,completed,4.83
558,1401,14,Risotto with seafood,2023-09-30,12:22:01,pending,5.07
559,2370,3,"Pasta Carbonara,Pizza",2020-07-28,10:53:46,completed,13.43
560,1693,10,"Bruschette with Tomato,Chicken milanese,Meatballs with sauce,Souvlaki,French fries with sausages",2022-12-19,16:41:59,completed,36.27
561,2368,17,Tiramisù,2021-07-17,17:42:33,completed,5.2
562,2676,19,Caprese Salad,2020-07-14,21:29:08,completed,4.23
563,2688,13,Tuna sashimi,2025-05-24,11:03:04,pending,5.95
564,2453,28,Pasta Carbonara,2021-06-08,17:58:55,completed,6.35
565,2118,29,"Cheeseburger,Chilli con carne,Teriyaki Chicken donburi,Meatballs with sauce,Salmon nigiri",2021-07-21,17:29:32,pending,36.92
566,2036,6,Chicken milanese,2020-03-20,06:13:23,completed,4.03
567,1565,27,Pork belly buns,2025-04-02,15:58:55,completed,5.7
568,2047,22,"Pork sausage roll,Chicken Fajitas,Meatballs with sauce",2021-03-10,10:17:21,completed,19.32
569,2844,14,Caprese Salad,2025-09-25,15:38:35,completed,5.83
570,1286,5,"Pork belly buns,Pork sausage roll,Mushroom Risotto,Philadelphia maki",2025-01-06,15:17:24,completed,27.04
571,2546,19,"Pasta and Beans,Mushroom Risotto,Fish and chips",2020-10-03,10:50:24,completed,18.96
572,1666,2,"Philadelphia maki,Salmon nigiri,Ebiten maki",2021-06-25,15:57:07,completed,24.05
573,2777,27,Caprese Salad,2023-03-23,08:34:59,completed,8.54
574,2049,4,"Katsu Curry,Barbecue Ribs",2023-06-22,20:43:23,completed,10.9
575,1454,1,"Pizza,Salmon nigiri",2025-04-20,13:19:43,completed,13.84
576,1346,21,Tiramisù,2024-07-02,14:35:28,completed,8.45
577,2664,14,Mushroom Risotto,2022-05-12,10:09:54,completed,4.97
578,2017,19,"Tuna sashimi,Chilli con carne",2022-06-13,10:52:34,completed,11.98
579,2409,1,"Pasta Carbonara,Pasta and Beans,Caprese Salad",2024-04-22,12:16:53,completed,17.9
580,1615,17,"Chicken Fajitas,Teriyaki Chicken donburi",2021-04-29,12:57:17,completed,13.07
581,799,26,Pasta Carbonara,2023-03-04,13:16:54,completed,5.32
582,659,24,"Pizza,Teriyaki Chicken donburi",2021-12-18,08:31:07,completed,13.67
583,1880,16,Philadelphia maki,2022-02-08,06:44:34,pending,4.89
584,2965,14,"Fish and chips,Cheeseburger,Chicken milanese",2022-04-04,13:54:59,pending,19.59
585,2205,15,Barbecue Ribs,2023-08-17,08:17:48,completed,8.48
586,1568,14,Chicken wings,2023-12-11,21:02:12,completed,4.6
587,1567,9,California maki,2025-04-06,15:00:14,completed,8.92
588,1341,16,"Pasta with Tomato and Basil,Linguine with clams",2024-06-04,08:53:49,pending,13.37
589,1647,25,"Caprese Salad,Fish and chips",2024-03-19,18:51:32,completed,14.64
590,1329,20,Philadelphia maki,2023-07-18,22:45:13,completed,8.65
591,1161,1,Fettuccine Alfredo,2025-03-30,14:38:32,completed,5.13
592,977,9,Caprese Salad,2023-12-18,17:52:52,cancelled,8.37
593,2777,13,"Pork belly buns,Fettuccine Alfredo,French fries with sausages",2024-03-03,22:03:19,completed,18.63
594,1828,29,"Ebiten maki,Pizza",2025-02-15,20:48:09,completed,16.87
595,2801,4,Tiramisù,2021-03-01,15:59:02,completed,7.97
596,1292,14,Chicken Fajitas,2022-12-15,22:35:10,completed,4.13
597,2270,18,Teriyaki Chicken donburi,2024-11-02,12:30:35,completed,4.43
598,1017,19,Pork sausage roll,2022-05-15,10:33:36,completed,5.45
599,1704,3,"Fish and chips,Salmon nigiri,Barbecue Ribs",2025-08-29,07:09:33,completed,17.69
600,791,18,Califlower penne,2022-02-16,14:04:23,completed,8.54
601,1776,14,"Chicken Fajitas,Pizza,Fish and chips,Califlower penne",2024-03-29,14:10:58,completed,30.79
602,799,28,Bruschette with Tomato,2023-08-24,17:23:32,pending,8.08
603,2359,1,Philadelphia maki,2022-06-06,14:23:43,completed,7.84
604,297,16,Ebiten maki,2022-07-09,10:33:46,completed,7.45
605,1900,30,"Meatballs with sauce,Cheeseburger,Philadelphia maki",2025-04-05,07:54:22,completed,16.87
606,2144,2,Chicken Fajitas,2024-02-20,08:17:28,completed,5.68
607,980,2,"Souvlaki,Vegetable Soup",2024-05-20,18:08:08,completed,10.82
608,2574,14,Pork belly buns,2021-06-29,12:54:08,completed,6.35
609,2764,23,"Linguine with clams,Chilli con carne",2025-03-01,07:39:09,completed,13.09
610,1614,20,Mushroom Risotto,2023-02-02,10:11:33,completed,8.56
611,1175,8,Pasta and Beans,2021-05-22,20:59:44,cancelled,8.9
612,2631,25,Tuna sashimi,2020-03-22,16:09:49,cancelled,4.32
613,1287,5,Teriyaki Chicken donburi,2023-06-28,17:27:08,completed,7.0
614,2176,8,"Tuna sashimi,Pork belly buns,Chicken wings,Pasta with Tomato and Basil",2020-08-11,12:36:47,completed,29.87
615,2197,9,Vegetable Soup,2020-11-21,16:24:27,completed,8.0
616,1723,30,"Vegetable Soup,Meatballs with sauce,Ebiten maki,Pasta and Beans",2023-10-19,15:43:37,completed,27.19
617,1565,21,"Ebiten maki,Katsu Curry",2022-12-06,15:51:20,completed,14.97
618,318,10,Califlower penne,2025-09-29,19:58:23,completed,6.4
619,1216,14,Barbecue Ribs,2025-04-17,06:57:48,completed,5.9
620,799,7,Tiramisù,2022-09-12,18:17:21,completed,8.79
621,2238,22,Scotch eggs,2022-08-25,15:39:29,completed,4.62
622,2058,22,Vegetable Soup,2022-07-27,20:29:37,completed,7.56
623,2255,6,Vegetable Soup,2022-03-04,19:24:35,completed,7.93
624,740,17,"Caesar Salad,Chilli con carne,Vegetable Soup,Cheeseburger",2020-12-11,21:20:33,completed,28.61
625,410,28,"Fish and chips,Tuna sashimi",2020-05-15,15:45:45,completed,13.85
626,634,17,"Pasta with Tomato and Basil,Fish and chips,Ricotta stuffed Ravioli",2025-08-16,15:59:15,completed,17.01
627,2062,10,Pizza,2021-06-01,19:15:30,completed,4.47
628,168,5,"Fettuccine Alfredo,Chicken Fajitas",2020-03-02,15:36:41,pending,13.03
629,2486,29,"Cheeseburger,Caprese Salad,Linguine with clams",2025-08-09,21:50:38,completed,20.9
630,1913,1,"Caesar Salad,Chilli con carne",2020-02-05,21:21:55,completed,10.93
631,1609,28,"Pizza,Vegetable Soup,Pappardelle alla Bolognese",2022-02-26,18:49:50,cancelled,19.75
632,554,23,Caprese Salad,2023-07-09,19:47:21,completed,6.6
633,1387,27,Risotto with seafood,2024-11-10,17:31:57,completed,7.15
634,2642,3,Ebiten maki,2022-10-24,10:56:18,completed,4.62
635,2883,22,Califlower penne,2024-11-28,16:43:28,completed,6.35
636,750,20,Pork sausage roll,2025-09-01,09:01:55,completed,8.52
637,13,26,"Mushroom Risotto,Caesar Salad,Ebiten maki,Chicken wings,Caesar Salad",2025-06-07,06:50:30,completed,36.64
638,156,20,Tuna sashimi,2023-07-13,22:18:48,completed,8.53
639,1352,26,Philadelphia maki,2022-10-15,16:29:38,pending,6.46
640,2628,23,"Scotch eggs,Pasta Carbonara,Ebiten maki",2023-11-02,16:09:15,completed,17.53
641,2726,11,Souvlaki,2022-12-09,06:42:47,completed,7.46
642,1850,21,"Barbecue Ribs,Chicken milanese,Ebiten maki",2022-04-29,15:36:20,completed,23.47
643,2611,27,"Barbecue Ribs,Fish and chips",2020-08-14,09:42:58,cancelled,14.58
644,2696,16,Chicken wings,2020-12-20,09:36:25,pending,7.8
645,5,8,French fries with sausages,2022-01-02,18:42:10,pending,4.66
646,661,11,"Fettuccine Alfredo,Pasta Carbonara",2023-04-14,20:34:25,completed,13.36
647,105,7,Bruschette with Tomato,2023-08-21,08:17:41,completed,5.58
648,1884,15,Linguine with clams,2020-10-17,16:27:59,completed,5.89
649,2464,22,"Scotch eggs,Mushroom Risotto,Caprese Salad,Pork sausage roll",2021-06-28,19:58:46,pending,21.72
650,460,1,Ebiten maki,2024-04-21,19:27:23,completed,8.87
651,1363,19,"Scotch eggs,Linguine with clams,Scotch eggs",2022-04-26,12:58:28,completed,17.82
652,1130,13,Lasagne,2022-01-30,08:07:42,completed,6.68
653,1302,27,Vegetable Soup,2022-09-02,19:04:17,completed,8.76
654,2855,14,"Teriyaki Chicken donburi,Linguine with clams,Tuna sashimi",2022-07-17,08:51:24,completed,20.22
655,2079,21,Tuna sashimi,2023-01-10,12:38:45,completed,5.88
656,2111,9,"Pizza,Teriyaki Chicken donburi,Caesar Salad,Vegetable Soup,Chicken Fajitas",2022-01-17,06:52:43,pending,28.93
657,2519,30,Caesar Salad,2022-05-30,18:31:48,completed,6.79
658,2685,13,Linguine with clams,2025-06-30,19:07:41,completed,4.65
659,249,8,Pork sausage roll,2024-04-15,18:25:16,pending,5.03
660,1142,7,"Philadelphia maki,California maki",2024-11-28,12:03:33,completed,9.9
661,1312,28,"Pasta and Beans,Chicken wings,Caprese Salad",2025-01-08,14:49:04,completed,17.2
662,1771,13,Risotto with seafood,2022-07-06,10:25:20,cancelled,6.99
663,29,22,"Pork sausage roll,Lasagne",2021-04-30,17:11:44,completed,11.87
664,2801,10,"Califlower penne,Fettuccine Alfredo",2024-07-07,08:45:08,completed,14.38
665,400,20,"Philadelphia maki,Pappardelle alla Bolognese,Lasagne,Tiramisù,Fish and chips",2020-11-28,18:25:30,completed,36.38
666,2387,29,"Linguine with clams,Souvlaki,Fish and chips,Pasta and Beans",2022-05-12,22:47:42,completed,25.9
667,272,29,"Fish and chips,Cheeseburger",2022-03-09,20:10:48,pending,13.09
668,253,4,Fettuccine Alfredo,2021-02-21,21:26:42,completed,4.14
669,1656,18,"Ebiten maki,Meatballs with sauce",2022-12-26,12:26:31,completed,17.85
670,275,26,Linguine with clams,2023-10-06,20:23:59,completed,8.43
671,2651,15,"Salmon nigiri,Souvlaki",2025-08-04,22:36:42,completed,16.11
672,299,15,Chicken wings,2021-02-15,08:10:25,completed,7.11
673,444,22,"Tiramisù,Ebiten maki",2021-01-13,13:06:26,completed,10.92
674,1544,5,"Chicken Fajitas,Pasta and Beans,Katsu Curry",2023-12-02,16:57:22,completed,17.18
675,1236,11,Risotto with seafood,2024-09-16,17:29:47,pending,7.85
676,2716,29,Pasta and Beans,2025-01-20,06:41:03,completed,5.11
677,633,7,Teriyaki Chicken donburi,2020-10-05,07:58:00,cancelled,5.14
678,2211,12,"Pappardelle alla Bolognese,Barbecue Ribs",2022-03-17,16:45:32,completed,15.51
679,2770,28,Mushroom Risotto,2021-06-19,15:37:07,completed,8.56
680,2576,12,Pork sausage roll,2023-10-29,10:00:51,completed,5.97
681,2904,24,Chicken Fajitas,2020-01-01,21:09:38,completed,6.64
682,2691,9,"Bruschette with Tomato,Katsu Curry,French fries with sausages,Linguine with clams,Pork sausage roll",2023-09-17,19:00:59,completed,29.44
683,2752,23,"Philadelphia maki,Ricotta stuffed Ravioli",2021-05-14,20:42:10,completed,15.86
684,972,15,"Bruschette with Tomato,Ricotta stuffed Ravioli,Califlower penne",2024-07-18,07:35:01,completed,20.42
685,1748,29,Cheeseburger,2021-03-05,17:17:52,completed,8.71
686,1617,13,"Pork sausage roll,California maki,Souvlaki,Tuna sashimi",2023-07-16,15:28:26,completed,25.24
687,2255,11,"Pizza,Meatballs with sauce,Pork belly buns,Vegetable Soup",2023-06-17,07:25:48,completed,27.71
688,2491,1,"California maki,Souvlaki,Pasta and Beans,French fries with sausages,Barbecue Ribs",2024-02-26,16:25:13,completed,30.51
689,1932,25,Scotch eggs,2025-05-24,17:37:23,completed,7.17
690,2003,21,Caprese Salad,2021-06-15,13:05:30,completed,5.9
691,1409,3,"Lasagne,Chicken milanese,Meatballs with sauce,Pasta Carbonara,Pizza",2025-05-31,22:35:58,completed,37.41
692,1687,19,Chicken Fajitas,2023-12-26,16:11:23,completed,6.15
693,2499,25,Fettuccine Alfredo,2022-05-12,22:21:18,completed,7.6
694,785,13,Teriyaki Chicken donburi,2023-12-18,20:59:19,completed,4.52
695,706,3,"Chicken milanese,Chicken milanese,Salmon nigiri,Pasta and Beans",2022-01-13,12:35:02,pending,25.51
696,1569,25,"Chicken Fajitas,Philadelphia maki",2023-10-21,15:50:48,completed,8.72
697,1112,22,Vegetable Soup,2022-12-13,20:32:20,completed,4.73
698,2852,11,Barbecue Ribs,2022-12-14,06:45:46,completed,5.77
699,1933,3,Califlower penne,2021-02-24,11:47:13,completed,8.26
700,2966,15,"Risotto with seafood,California maki",2023-09-16,08:16:25,pending,10.9
701,913,8,"Chicken milanese,Fish and chips,Cheeseburger,Teriyaki Chicken donburi,Califlower penne",2024-11-28,15:50:39,completed,27.37
702,962,23,Linguine with clams,2023-01-11,15:55:31,pending,5.12
703,2871,4,"Caprese Salad,Mushroom Risotto,Teriyaki Chicken donburi,Katsu Curry",2022-03-18,14:04:00,completed,25.74
704,720,15,"Caesar Salad,Pasta Carbonara",2023-08-25,11:51:40,completed,11.99
705,2649,22,Ebiten maki,2021-08-25,22:27:14,completed,8.93
706,2984,4,Tiramisù,2020-10-24,11:06:35,completed,6.81
707,1749,23,Tiramisù,2025-05-03,11:01:01,completed,6.4
708,2246,25,"French fries with sausages,California maki,Fish and chips",2024-03-27,12:31:41,cancelled,22.86
709,2827,4,Chicken milanese,2021-04-02,15:52:17,pending,5.91
710,54,7,"Bruschette with Tomato,Tuna sashimi",2021-11-30,22:11:58,completed,14.43
711,1611,30,"Philadelphia maki,Vegetable Soup,Linguine with clams,Vegetable Soup",2022-01-09,08:53:09,completed,22.66
712,281,25,Souvlaki,2024-06-02,15:40:44,completed,7.23
713,403,18,Pasta and Beans,2021-03-01,06:04:55,completed,4.98
714,533,28,"Mushroom Risotto,Pork belly buns,Pappardelle alla Bolognese,Souvlaki,Souvlaki",2020-08-20,07:38:25,completed,32.42
715,210,18,"Linguine with clams,Philadelphia maki,Teriyaki Chicken donburi",2023-03-10,20:37:49,completed,17.3
716,2718,9,Barbecue Ribs,2023-01-28,12:49:48,completed,7.04
717,473,20,Fish and chips,2020-05-11,08:07:52,completed,8.31
718,361,5,Katsu Curry,2021-03-21,09:05:26,completed,8.61
719,2142,7,Ricotta stuffed Ravioli,2023-04-04,09:51:49,completed,8.73
720,83,27,Philadelphia maki,2022-11-07,14:57:55,completed,4.57
721,359,18,Philadelphia maki,2024-07-23,16:23:25,completed,6.24
722,2596,25,Califlower penne,2020-09-05,10:31:03,completed,6.06
723,1687,25,Philadelphia maki,2021-05-23,16:37:48,cancelled,8.32
724,1930,29,"French fries with sausages,Fettuccine Alfredo,Cheeseburger,Scotch eggs",2024-05-01,08:11:14,pending,24.3
725,1771,5,"Souvlaki,Chicken wings",2020-04-10,20:51:38,completed,12.79
726,1960,18,Scotch eggs,2021-11-06,09:18:29,completed,8.69
727,1423,4,Meatballs with sauce,2020-04-21,10:11:24,pending,6.51
728,2592,13,Vegetable Soup,2024-04-29,09:27:45,completed,7.33
729,137,19,Ebiten maki,2025-02-01,13:20:32,completed,5.83
730,942,7,"Katsu Curry,Lasagne,California maki",2023-01-01,11:32:27,completed,19.46
731,67,27,Ricotta stuffed Ravioli,2021-06-05,10:09:30,completed,5.58
732,2566,27,Chicken wings,2023-11-03,15:57:59,completed,7.81
733,587,29,"Pasta and Beans,French fries with sausages,Mushroom Risotto",2023-09-14,07:46:39,completed,17.61
734,67,30,Mushroom Risotto,2022-02-25,13:28:03,completed,4.09
735,2405,25,"Mushroom Risotto,Pappardelle alla Bolognese",2021-10-25,08:58:47,completed,10.31
736,1113,19,"Tiramisù,Caesar Salad",2022-02-07,11:55:50,completed,13.42
737,2600,8,"Risotto with seafood,Pork belly buns",2024-01-18,10:24:23,completed,12.44
738,811,16,"Mushroom Risotto,Vegetable Soup",2025-06-30,09:22:46,pending,13.01
739,1081,26,"Souvlaki,Linguine with clams",2021-02-02,07:02:08,completed,12.85
740,1947,30,Chicken milanese,2021-11-24,09:28:03,completed,7.48
741,1612,21,"French fries with sausages,Chicken Fajitas",2020-12-22,12:38:22,completed,13.88
742,2599,13,Ricotta stuffed Ravioli,2021-01-26,18:28:18,completed,6.16
743,2757,28,Salmon nigiri,2023-01-30,14:22:28,pending,8.73
744,1127,23,"Chicken milanese,Ebiten maki",2023-01-12,15:16:37,completed,15.05
745,191,13,"Caprese Salad,Salmon nigiri",2025-04-26,07:02:57,cancelled,13.83
746,461,13,Meatballs with sauce,2021-01-14,16:18:24,cancelled,5.7
747,1247,24,Barbecue Ribs,2024-07-30,22:52:18,completed,4.55
748,107,25,"Pork sausage roll,Mushroom Risotto",2024-11-05,21:52:56,completed,9.53
749,2089,23,Bruschette with Tomato,2021-09-24,16:12:04,completed,4.01
750,1719,26,Barbecue Ribs,2020-08-09,17:26:58,completed,4.24
751,1209,8,"Lasagne,Vegetable Soup",2022-04-16,21:50:39,completed,12.77
752,1903,11,"Fettuccine Alfredo,Fish and chips,Vegetable Soup",2021-08-18,08:01:12,completed,16.62
753,1616,5,"Pasta Carbonara,Salmon nigiri",2024-02-18,08:56:56,completed,13.57
754,2389,6,"California maki,Cheeseburger",2025-08-02,15:07:48,completed,16.4
755,2880,8,"California maki,Scotch eggs,Ricotta stuffed Ravioli,Ricotta stuffed Ravioli",2020-05-22,11:18:57,pending,30.18
756,2360,3,"Cheeseburger,Souvlaki,Caesar Salad,Chicken milanese",2020-02-10,19:05:50,pending,25.16
757,1121,1,"Ricotta stuffed Ravioli,Salmon nigiri,Salmon nigiri,Pappardelle alla Bolognese,Pasta and Beans",2020-01-15,14:48:30,pending,39.25
758,989,12,Tuna sashimi,2022-06-06,12:48:26,pending,4.48
759,277,2,Vegetable Soup,2023-11-21,10:11:23,completed,5.69
760,2700,27,Pizza,2020-01-16,14:19:10,pending,8.06
761,1192,18,"Pappardelle alla Bolognese,Tuna sashimi,Fettuccine Alfredo",2021-09-12,19:14:25,completed,18.04
762,2508,30,"Pasta and Beans,Ebiten maki,Pasta with Tomato and Basil,Caprese Salad",2022-08-28,12:55:27,pending,25.34
763,2921,23,"Tuna sashimi,Pasta Carbonara,Caesar Salad",2022-06-21,14:48:46,completed,22.17
764,1608,9,"Cheeseburger,Pizza",2025-04-13,07:17:40,completed,12.79
765,1041,20,Linguine with clams,2020-08-22,20:27:19,completed,5.38
766,2015,22,Teriyaki Chicken donburi,2025-02-02,15:47:01,completed,6.99
767,1388,26,Teriyaki Chicken donburi,2020-07-24,09:32:28,completed,6.87
768,850,12,"California maki,Chilli con carne,Caprese Salad,Katsu Curry",2024-10-05,14:58:20,completed,27.54
769,1523,9,"Fish and chips,Ebiten maki,Linguine with clams,Chilli con carne,Pizza",2023-05-20,15:53:56,completed,32.6
770,2379,27,"Risotto with seafood,Pasta Carbonara",2020-09-16,18:47:33,completed,15.14
771,1245,13,Lasagne,2023-11-02,11:49:36,completed,4.57
772,2305,1,Meatballs with sauce,2025-04-04,17:58:06,completed,4.92
773,2038,22,"Chicken wings,Vegetable Soup",2022-04-03,08:27:56,completed,9.93
774,734,16,"California maki,Ebiten maki,Salmon nigiri,Ricotta stuffed Ravioli",2025-01-19,15:58:26,completed,25.69
775,409,26,Fettuccine Alfredo,2023-10-25,08:28:33,pending,7.98
776,37,14,Ebiten maki,2023-07-13,10:54:31,pending,8.9
777,506,17,Scotch eggs,2021-01-30,08:49:54,completed,8.93
778,2112,13,Pasta with Tomato and Basil,2024-02-13,17:07:48,completed,7.29
779,1751,23,"Pasta and Beans,Caesar Salad,Califlower penne,Philadelphia maki",2025-03-02,10:25:18,completed,22.76
780,2313,21,"Chilli con carne,Pasta Carbonara",2021-03-16,17:30:37,completed,14.0
781,930,12,Scotch eggs,2021-01-19,19:25:28,completed,5.86
782,469,29,"Scotch eggs,California maki",2025-08-03,19:39:50,completed,10.55
783,776,13,Cheeseburger,2025-06-14,09:26:51,completed,8.06
784,2528,15,"Pasta Carbonara,Linguine with clams,Katsu Curry,Caprese Salad",2021-11-04,14:25:53,completed,22.93
785,344,6,Bruschette with Tomato,2024-07-14,10:38:07,completed,5.27
786,2895,3,"Fettuccine Alfredo,Fettuccine Alfredo",2025-03-11,12:15:47,completed,10.31
787,1230,21,Pasta Carbonara,2025-06-11,20:12:39,completed,5.88
788,2702,18,"Chicken wings,Vegetable Soup",2024-04-09,09:57:40,completed,12.1
789,2130,6,"Pasta with Tomato and Basil,Pappardelle alla Bolognese,Meatballs with sauce",2024-08-13,13:37:45,pending,17.57
790,713,30,"Pork sausage roll,Ricotta stuffed Ravioli",2022-09-22,15:34:15,completed,13.05
791,2687,26,"Lasagne,Pizza,Bruschette with Tomato,Philadelphia maki",2022-04-24,15:20:16,completed,24.16
792,2047,7,"Tiramisù,Fish and chips,Chicken milanese,Philadelphia maki",2025-01-31,15:56:25,pending,25.45
793,2747,19,Teriyaki Chicken donburi,2024-03-21,14:46:02,completed,5.98
794,1660,4,"Pork sausage roll,Pasta and Beans,Pizza,California maki",2024-11-07,10:54:57,completed,31.81
795,1924,26,Califlower penne,2024-10-13,13:54:20,completed,6.78
796,2830,17,Tuna sashimi,2025-05-02,14:39:52,completed,6.1
797,2633,9,Califlower penne,2024-09-12,18:05:49,completed,4.26
798,2702,29,Caesar Salad,2020-05-23,07:35:11,completed,6.61
799,479,3,"Cheeseburger,Vegetable Soup,Pasta Carbonara",2024-09-27,21:13:39,completed,17.96
800,2449,24,"Caesar Salad,Bruschette with Tomato",2023-12-04,07:49:29,completed,16.26
801,1379,7,"Chicken Fajitas,Pizza,Pappardelle alla Bolognese",2020-04-06,12:36:18,completed,15.82
802,2771,21,"Ricotta stuffed Ravioli,Linguine with clams,Chicken wings",2023-10-02,17:04:25,pending,20.32
803,2527,28,Salmon nigiri,2021-02-16,15:04:15,completed,7.52
804,2929,23,"Ebiten maki,California maki,Fish and chips,Pork sausage roll,Pasta with Tomato and Basil",2022-04-03,20:55:46,pending,31.05
805,148,23,"Lasagne,Ricotta stuffed Ravioli",2022-10-05,06:17:36,completed,13.44
806,2448,8,Pasta and Beans,2020-06-27,06:26:43,completed,7.34
807,2463,19,"Fettuccine Alfredo,Pasta Carbonara,Tiramisù",2020-03-14,09:41:38,pending,17.68
808,1102,21,French fries with sausages,2021-04-06,22:32:20,completed,8.0
809,358,12,Teriyaki Chicken donburi,2023-11-14,13:35:00,completed,7.3
810,752,15,"Mushroom Risotto,Philadelphia maki",2023-05-31,08:48:54,completed,13.64
811,1277,5,Pasta with Tomato and Basil,2020-01-01,21:34:29,completed,6.03
812,1498,18,"Linguine with clams,Fish and chips",2020-07-11,19:55:39,completed,12.07
813,2613,2,Chicken wings,2020-08-11,20:21:07,completed,7.95
814,385,28,"French fries with sausages,Chilli con carne,Caprese Salad",2020-04-24,14:51:48,pending,22.29
815,136,17,Bruschette with Tomato,2021-01-27,09:55:14,completed,6.42
816,668,15,"Pork sausage roll,Chicken wings",2025-06-14,15:31:57,completed,13.64
817,2303,10,Chicken Fajitas,2025-08-18,16:01:04,completed,8.81
818,368,26,Risotto with seafood,2025-01-29,15:19:40,completed,6.48
819,1560,2,"Fish and chips,French fries with sausages,Fettuccine Alfredo",2022-06-22,19:19:48,completed,13.7
820,1033,22,Ricotta stuffed Ravioli,2021-06-24,22:49:29,completed,7.8
821,1379,2,"Lasagne,Cheeseburger,Pappardelle alla Bolognese,Barbecue Ribs",2020-05-07,18:28:54,pending,21.24
822,2351,12,Tiramisù,2023-07-18,15:46:21,completed,5.47
823,1015,27,Tiramisù,2020-01-23,10:58:15,completed,5.69
824,195,22,"Ebiten maki,Tuna sashimi",2023-12-28,14:50:51,completed,16.69
825,2914,25,"Salmon nigiri,Salmon nigiri",2024-07-05,17:41:54,completed,16.4
826,2619,1,Meatballs with sauce,2024-02-01,07:53:48,completed,4.53
827,2824,11,Pasta Carbonara,2022-03-02,19:53:24,completed,5.52
828,1725,13,"Pork belly buns,Caprese Salad,Salmon nigiri,Barbecue Ribs,Salmon nigiri",2021-05-10,09:52:58,completed,37.31
829,637,8,"Pork sausage roll,Califlower penne",2021-12-15,11:38:26,completed,9.0
830,2960,12,"Tuna sashimi,Tiramisù",2021-01-18,19:26:06,completed,12.66
831,2264,4,Pasta Carbonara,2020-02-05,15:13:45,pending,4.25
832,1382,12,Pasta with Tomato and Basil,2022-06-19,13:44:52,completed,5.75
833,382,6,Tuna sashimi,2025-01-03,15:54:36,completed,4.02
834,1506,14,"Caprese Salad,French fries with sausages,Chicken wings",2023-12-29,20:17:25,completed,19.21
835,785,17,Cheeseburger,2024-01-05,20:32:07,completed,6.78
836,1556,18,Chicken Fajitas,2022-07-31,11:18:44,completed,8.93
837,1308,24,Tuna sashimi,2025-05-08,15:11:40,cancelled,7.14
838,1592,12,"Pork sausage roll,Tiramisù,Pasta with Tomato and Basil,Chilli con carne",2020-10-26,18:16:14,completed,28.86
839,836,29,Vegetable Soup,2022-12-04,07:43:37,cancelled,4.5
840,2377,3,"Pasta with Tomato and Basil,Mushroom Risotto,Califlower penne,Mushroom Risotto,Fish and chips",2021-04-02,09:07:13,completed,35.08
841,1626,17,Pappardelle alla Bolognese,2021-01-16,17:21:38,completed,6.84
842,1438,6,Cheeseburger,2021-08-19,15:06:56,completed,6.87
843,637,30,Linguine with clams,2022-05-10,13:54:29,completed,7.72
844,1666,6,Scotch eggs,2023-10-17,13:51:12,pending,4.07
845,2900,17,Risotto with seafood,2022-08-02,21:27:57,completed,4.31
846,2224,26,"Tiramisù,Pasta Carbonara,Pappardelle alla Bolognese",2025-09-13,18:21:03,pending,20.31
847,516,30,Meatballs with sauce,2020-11-19,09:11:10,completed,7.06
848,1615,19,"Katsu Curry,Salmon nigiri,Meatballs with sauce",2022-05-16,09:58:31,completed,21.75
849,924,6,Pasta and Beans,2021-10-03,09:56:54,completed,7.29
850,2215,20,"Tiramisù,Pasta with Tomato and Basil,California maki",2021-02-10,22:52:34,completed,15.88
851,2212,3,Bruschette with Tomato,2023-11-01,12:55:14,completed,8.46
852,311,23,Vegetable Soup,2025-04-05,16:14:57,completed,8.08
853,514,17,Souvlaki,2025-07-23,12:18:27,completed,6.41
854,36,26,French fries with sausages,2021-10-05,18:23:18,completed,5.76
855,51,6,"Chicken Fajitas,Pork sausage roll",2023-05-02,06:39:15,completed,10.43
856,2250,2,"Ricotta stuffed Ravioli,Teriyaki Chicken donburi,Chicken Fajitas,Mushroom Risotto",2020-06-11,21:53:54,completed,21.44
857,1972,4,Ebiten maki,2023-12-22,17:05:33,pending,5.7
858,1142,1,"Pappardelle alla Bolognese,Teriyaki Chicken donburi",2023-06-30,12:48:02,completed,14.77
859,1772,9,Chicken wings,2022-02-14,10:29:50,completed,8.96
860,2437,30,Pasta and Beans,2023-01-27,21:04:04,completed,4.57
861,585,4,Barbecue Ribs,2024-10-18,21:30:15,completed,8.85
862,459,10,"Chicken wings,Lasagne,Cheeseburger,Mushroom Risotto",2024-08-06,09:49:14,pending,31.9
863,1135,16,"Tiramisù,Linguine with clams",2020-08-31,15:28:58,completed,15.91
864,2030,16,"Teriyaki Chicken donburi,Pappardelle alla Bolognese,Tuna sashimi,Souvlaki,Pappardelle alla Bolognese",2021-12-03,20:01:50,completed,31.63
865,1928,20,"Chicken milanese,Pappardelle alla Bolognese,Fish and chips,Fettuccine Alfredo",2023-01-12,19:22:57,completed,26.66
866,2396,27,"Tuna sashimi,Tiramisù,Barbecue Ribs",2025-01-02,09:18:40,pending,17.29
867,2884,17,Bruschette with Tomato,2020-06-08,07:32:23,pending,5.19
868,1006,24,Linguine with clams,2025-09-27,16:17:46,completed,5.88
869,2780,27,Meatballs with sauce,2021-01-12,17:32:10,completed,6.13
870,907,6,Cheeseburger,2021-10-20,16:07:59,completed,8.87
871,2894,2,Pizza,2022-09-01,16:02:53,completed,6.48
872,351,5,Lasagne,2023-07-19,22:35:51,completed,8.61
873,476,24,"Ebiten maki,Barbecue Ribs",2025-10-05,15:10:13,cancelled,12.38
874,478,10,"Bruschette with Tomato,Chilli con carne,Barbecue Ribs",2021-08-12,06:32:11,completed,17.3
875,1970,4,Pizza,2021-05-02,17:26:09,completed,4.95
876,1533,27,"Ricotta stuffed Ravioli,Pasta Carbonara,Chicken Fajitas,Cheeseburger",2023-07-16,08:43:06,completed,26.79
877,988,26,"Caprese Salad,Pappardelle alla Bolognese,Lasagne",2020-10-24,07:09:25,completed,19.04
878,1108,7,Risotto with seafood,2023-08-20,21:07:58,completed,8.61
879,288,10,"Tiramisù,Chicken Fajitas",2024-09-08,11:04:28,completed,11.54
880,653,3,"Fish and chips,Pork sausage roll",2023-06-15,18:23:18,pending,12.12
881,579,26,Philadelphia maki,2022-07-12,14:46:13,completed,7.05
882,2310,11,"Pasta Carbonara,Vegetable Soup,Pork belly buns,Meatballs with sauce",2024-07-20,08:14:30,cancelled,26.55
883,1480,15,"Lasagne,Califlower penne,Mushroom Risotto,Pasta with Tomato and Basil",2022-08-05,18:28:45,completed,29.48
884,260,24,Ricotta stuffed Ravioli,2023-10-19,22:39:09,completed,5.9
885,2150,10,Pork belly buns,2023-03-21,09:12:21,completed,4.74
886,305,13,Vegetable Soup,2023-03-08,07:05:41,pending,6.23
887,774,25,Teriyaki Chicken donburi,2020-07-13,21:59:47,completed,5.79
888,2185,24,"Scotch eggs,Caprese Salad,Scotch eggs,Chicken milanese,Linguine with clams",2025-01-30,11:35:55,completed,32.36
889,2205,16,"Meatballs with sauce,Souvlaki,Fish and chips",2025-10-03,15:12:53,completed,18.0
890,2541,26,Tuna sashimi,2023-12-13,12:05:37,completed,6.4
891,570,29,Katsu Curry,2020-11-10,13:37:39,completed,7.27
892,2880,29,Barbecue Ribs,2021-08-21,12:38:21,completed,4.57
893,2044,25,"Fettuccine Alfredo,Chicken milanese,Mushroom Risotto,French fries with sausages,Fish and chips",2020-12-30,15:29:38,pending,35.17
894,1072,20,Pizza,2021-04-25,19:09:10,completed,6.29
895,1907,6,"Pasta with Tomato and Basil,Chicken Fajitas,Pork sausage roll,Teriyaki Chicken donburi",2023-10-15,15:38:09,completed,27.83
896,2299,9,"Barbecue Ribs,Teriyaki Chicken donburi",2023-09-28,13:02:12,completed,9.64
897,1307,14,Caesar Salad,2022-01-22,18:43:03,completed,5.5
898,284,5,"Meatballs with sauce,Chicken Fajitas",2025-09-12,15:29:34,pending,16.05
899,933,23,"Pork sausage roll,Mushroom Risotto",2020-09-27,19:04:45,completed,14.23
900,160,29,"Pappardelle alla Bolognese,Mushroom Risotto,Pizza",2024-11-22,12:27:24,completed,22.02
901,2412,3,"Linguine with clams,Teriyaki Chicken donburi",2025-05-02,22:54:28,completed,14.78
902,2240,21,"Ricotta stuffed Ravioli,Ricotta stuffed Ravioli",2023-06-22,18:58:02,pending,14.89
903,225,15,"Philadelphia maki,Teriyaki Chicken donburi",2021-05-13,21:15:41,completed,14.12
904,407,28,"Califlower penne,Pasta and Beans",2021-06-14,16:49:31,completed,12.17
905,1672,1,"Linguine with clams,Fettuccine Alfredo,Pork belly buns",2022-09-30,14:23:48,completed,17.45
906,15,30,"Tiramisù,Pizza,Vegetable Soup",2022-08-29,07:52:30,completed,21.56
907,601,7,Risotto with seafood,2021-10-22,21:34:32,completed,4.35
908,2416,16,"Chicken milanese,Pork belly buns,Cheeseburger",2020-07-09,11:36:57,completed,18.75
909,2984,25,"California maki,Tiramisù",2021-02-12,22:55:40,completed,14.68
910,1524,28,"Pizza,Ebiten maki,Bruschette with Tomato",2020-09-23,22:53:34,completed,18.41
911,2430,12,"Katsu Curry,Fish and chips",2021-12-10,16:15:41,completed,9.91
912,2083,24,"Fettuccine Alfredo,Chicken milanese,Pork sausage roll",2023-04-09,13:08:28,completed,18.77
913,2306,6,Chicken milanese,2021-10-06,06:19:41,completed,4.27
914,832,9,"Pork sausage roll,Mushroom Risotto,Pappardelle alla Bolognese",2023-11-22,22:18:41,completed,20.61
915,2453,11,Teriyaki Chicken donburi,2024-03-07,10:09:47,cancelled,4.08
916,466,8,French fries with sausages,2022-10-10,07:28:41,completed,4.13
917,219,28,"Califlower penne,Bruschette with Tomato,Salmon nigiri,French fries with sausages",2021-04-10,17:01:51,completed,27.73
918,2933,1,Cheeseburger,2022-03-19,18:10:19,completed,5.14
919,2830,17,Mushroom Risotto,2022-11-11,18:42:47,completed,8.01
920,1974,27,Fettuccine Alfredo,2021-08-01,17:46:27,completed,8.32
921,625,22,Pork sausage roll,2022-02-20,16:31:48,completed,7.3
922,2471,30,"Ricotta stuffed Ravioli,Scotch eggs",2021-11-28,14:59:22,pending,11.77
923,88,10,"Pizza,Tiramisù",2020-02-13,06:56:39,completed,15.04
924,1725,24,Chicken milanese,2024-08-01,15:45:01,pending,5.04
925,400,6,"Linguine with clams,Pappardelle alla Bolognese",2025-07-11,21:25:46,completed,14.01
926,980,23,Caprese Salad,2022-12-15,18:12:41,completed,7.05
927,887,1,Souvlaki,2024-07-13,22:23:40,pending,7.74
928,910,2,"Fish and chips,Ricotta stuffed Ravioli,Ebiten maki,Pappardelle alla Bolognese,Linguine with clams",2020-12-14,08:16:44,completed,36.73
929,212,16,Barbecue Ribs,2025-08-11,11:09:14,completed,5.63
930,2459,13,French fries with sausages,2023-04-25,07:47:11,pending,4.11
931,2198,28,"Caprese Salad,Tiramisù",2022-10-05,14:04:52,completed,14.12
932,175,2,"Pizza,Chicken milanese",2020-03-01,22:29:23,completed,13.32
933,965,10,Lasagne,2021-02-21,10:27:06,completed,6.93
934,752,19,"Mushroom Risotto,Tiramisù,Chilli con carne",2022-08-26,08:56:19,completed,18.16
935,2575,4,Pappardelle alla Bolognese,2023-01-26,20:14:01,completed,7.73
936,755,8,Fish and chips,2025-06-27,16:09:39,completed,4.08
937,314,19,"Pasta with Tomato and Basil,Califlower penne,California maki",2023-02-07,16:01:36,completed,16.97
938,1951,23,"Meatballs with sauce,Lasagne,Barbecue Ribs",2022-12-05,16:08:21,completed,19.88
939,1762,10,Lasagne,2022-06-27,10:45:06,completed,6.85
940,1642,23,"Tiramisù,Ebiten maki,Pizza,Katsu Curry,Chilli con carne",2020-08-07,15:58:33,completed,31.45
941,2885,28,Pizza,2020-09-20,17:12:52,completed,5.25
942,2493,17,"Tuna sashimi,Tuna sashimi",2021-06-20,11:11:39,pending,11.83
943,1609,28,"Caesar Salad,Caprese Salad",2023-01-29,22:09:04,pending,12.86
944,1894,3,"Pasta and Beans,Linguine with clams,Mushroom Risotto,Ebiten maki",2024-06-21,16:01:43,completed,23.9
945,1634,21,Fish and chips,2021-11-02,22:13:06,completed,6.49
946,749,21,"Caesar Salad,Chilli con carne",2024-06-05,13:15:38,pending,13.16
947,2195,7,Vegetable Soup,2022-12-27,21:26:14,pending,8.5
948,1581,30,Caesar Salad,2025-04-13,20:54:02,pending,4.21
949,2151,15,"Risotto with seafood,Caesar Salad",2021-04-09,07:47:11,completed,13.66
950,2451,11,Ricotta stuffed Ravioli,2020-03-11,18:06:02,cancelled,7.8
951,2101,28,Pork sausage roll,2025-02-28,18:27:47,completed,5.65
952,233,22,"Cheeseburger,Vegetable Soup",2025-02-15,07:21:07,completed,13.48
953,2933,20,Vegetable Soup,2022-11-08,10:35:45,completed,4.32
954,2909,2,"Pappardelle alla Bolognese,Fettuccine Alfredo,Teriyaki Chicken donburi,Meatballs with sauce,Lasagne",2022-12-06,07:02:23,completed,25.76
955,574,23,Cheeseburger,2021-07-12,18:43:53,completed,4.29
956,1193,30,"Tuna sashimi,Katsu Curry,Tiramisù,Risotto with seafood",2020-05-21,13:40:03,completed,25.66
957,2191,14,"Pork belly buns,Pizza,Pizza",2022-11-10,22:17:14,completed,14.01
958,210,13,Chicken milanese,2022-12-03,09:37:04,completed,5.81
959,2531,4,Califlower penne,2023-07-24,07:24:49,completed,7.85
960,168,11,"Pappardelle alla Bolognese,Risotto with seafood,Lasagne,Lasagne",2025-04-21,18:04:00,completed,26.75
961,462,20,Barbecue Ribs,2025-07-06,07:43:29,completed,4.73
962,1590,28,Chicken wings,2020-01-08,12:42:07,cancelled,6.95
963,1425,13,"Chicken Fajitas,Chicken wings,Tiramisù",2023-11-17,19:53:06,pending,19.17
964,1148,22,Mushroom Risotto,2021-09-08,12:09:13,completed,5.02
965,1282,4,"Fish and chips,Califlower penne",2020-09-13,21:51:05,completed,13.2
966,2196,2,Linguine with clams,2024-03-04,17:11:08,completed,7.23
967,2203,3,Teriyaki Chicken donburi,2024-05-22,18:24:38,completed,4.95
968,895,14,"Ricotta stuffed Ravioli,Salmon nigiri,Scotch eggs",2023-03-01,09:25:58,completed,19.22
969,1995,21,"Pork sausage roll,Linguine with clams,Fettuccine Alfredo,Souvlaki",2024-05-23,22:29:34,pending,28.09
970,2555,8,Katsu Curry,2023-01-07,09:12:52,cancelled,5.54
971,1591,23,"Fish and chips,Fish and chips",2023-06-30,14:18:24,completed,14.76
972,410,29,"Pappardelle alla Bolognese,Pork belly buns",2020-11-05,19:27:02,completed,10.2
973,2341,8,"Pizza,Tuna sashimi",2024-09-21,22:40:22,completed,15.49
974,2693,25,Pasta Carbonara,2022-02-25,08:53:06,completed,4.34
975,2550,23,"Chilli con carne,Califlower penne,Pasta Carbonara",2020-05-09,17:16:25,completed,20.41
976,1744,27,"Lasagne,California maki,Chicken Fajitas",2022-04-15,10:59:18,completed,20.12
977,80,15,"Chicken wings,Pasta Carbonara",2024-12-05,10:55:29,completed,15.43
978,2755,11,"Pork sausage roll,Fettuccine Alfredo,Scotch eggs",2020-07-28,15:55:37,completed,23.43
979,2824,15,"Cheeseburger,Caesar Salad,Risotto with seafood",2021-10-09,13:31:09,cancelled,21.38
980,1824,12,Philadelphia maki,2021-04-01,20:52:51,pending,6.24
981,1435,20,Pasta Carbonara,2020-03-13,14:01:37,completed,8.09
982,2383,5,"Chicken Fajitas,Pasta with Tomato and Basil,Mushroom Risotto",2024-05-11,14:32:55,pending,18.5
983,445,2,Pork sausage roll,2020-02-01,16:02:18,completed,6.81
984,565,20,Tiramisù,2023-04-19,08:51:17,completed,5.48
985,360,10,Lasagne,2024-09-20,22:53:20,completed,8.47
986,212,19,"Pasta Carbonara,Ricotta stuffed Ravioli,Pasta Carbonara",2024-03-28,19:45:52,completed,19.69
987,874,12,"Chicken Fajitas,Chilli con carne",2022-03-13,06:19:55,completed,14.08
988,1674,9,"Pasta Carbonara,Salmon nigiri",2022-06-29,09:38:39,completed,12.65
989,1763,2,Fish and chips,2024-10-25,13:55:44,completed,7.36
990,1996,21,"Ricotta stuffed Ravioli,Caesar Salad,Bruschette with Tomato",2022-01-01,10:47:32,completed,22.59
991,1649,16,Linguine with clams,2023-12-28,12:15:26,completed,5.29
992,2578,16,Linguine with clams,2022-11-29,14:43:52,cancelled,5.37
993,2146,11,Pizza,2022-05-22,09:58:42,completed,8.19
994,1994,13,"Mushroom Risotto,Lasagne,Chicken Fajitas",2022-05-05,10:07:43,completed,19.43
995,2226,2,"Chicken Fajitas,Pasta and Beans",2021-09-13,06:30:51,completed,11.02
996,19,25,Pasta with Tomato and Basil,2020-08-09,14:57:51,completed,5.0
997,686,28,"Pasta with Tomato and Basil,Tuna sashimi,Chicken wings",2021-03-29,20:41:58,cancelled,18.16
998,2647,19,"Pork belly buns,Lasagne",2025-08-21,18:11:10,cancelled,16.39
999,887,21,Chicken wings,2023-05-05,07:32:07,completed,7.68
1000,236,15,Pork belly buns,2020-09-27,10:09:11,completed,6.96
1001,56,17,Chilli con carne,2021-08-01,16:18:11,completed,5.74
1002,2233,6,"Scotch eggs,Caesar Salad,Pizza,Mushroom Risotto",2020-09-04,15:45:41,completed,28.25
1003,2100,1,"Pasta with Tomato and Basil,Teriyaki Chicken donburi",2021-12-30,21:06:52,completed,15.77
1004,950,2,California maki,2021-01-28,06:25:32,pending,7.97
1005,341,18,Souvlaki,2025-02-28,10:56:47,pending,8.24
1006,292,27,"Fettuccine Alfredo,Chicken wings",2024-08-01,11:44:04,pending,12.89
1007,1808,4,Chicken milanese,2021-05-13,13:03:59,completed,6.89
1008,1448,8,Souvlaki,2021-02-25,07:21:06,completed,6.4
1009,1931,25,Caesar Salad,2024-04-08,19:10:53,completed,8.65
1010,2201,7,Ricotta stuffed Ravioli,2021-06-19,15:10:59,completed,8.28
1011,2818,28,Linguine with clams,2020-08-04,06:30:50,completed,7.92
1012,1425,17,"Chicken Fajitas,Katsu Curry,Pizza,California maki,Lasagne",2024-04-07,06:57:59,completed,33.43
1013,239,23,"Califlower penne,Salmon nigiri,Pork belly buns",2025-06-04,17:04:12,cancelled,20.25
1014,67,2,Tuna sashimi,2022-07-17,07:22:22,completed,8.31
1015,460,25,Lasagne,2020-02-22,06:58:39,completed,4.57
1016,613,29,"Caprese Salad,Scotch eggs,Teriyaki Chicken donburi",2024-02-12,10:54:53,completed,22.05
1017,776,28,Mushroom Risotto,2023-03-25,07:33:44,completed,4.05
1018,803,2,Cheeseburger,2023-02-03,12:44:54,completed,8.88
1019,2877,13,Risotto with seafood,2020-11-15,21:00:36,pending,7.51
1020,2109,14,Pizza,2024-12-15,09:16:33,completed,4.28
1021,286,3,"Fish and chips,Pizza",2024-06-09,16:13:25,completed,11.36
1022,1626,13,"Chicken wings,Katsu Curry",2020-11-15,16:25:51,completed,10.93
1023,1991,12,"Ricotta stuffed Ravioli,Meatballs with sauce",2021-07-12,07:02:22,completed,14.05
1024,937,23,"Tuna sashimi,Pappardelle alla Bolognese,Pasta with Tomato and Basil",2022-07-22,18:40:45,completed,19.49
1025,1586,3,"Barbecue Ribs,Ricotta stuffed Ravioli,Chicken wings,Barbecue Ribs",2020-09-15,13:59:43,completed,22.94
1026,2886,26,"Fish and chips,California maki,Chicken milanese,Pork belly buns",2020-01-30,09:51:57,completed,28.21
1027,2009,26,"Risotto with seafood,Pizza",2023-09-05,15:02:47,completed,15.09
1028,1807,7,"Pasta and Beans,Lasagne,Pizza,Mushroom Risotto",2021-03-01,12:28:45,completed,23.84
1029,1232,25,"Mushroom Risotto,Vegetable Soup,Meatballs with sauce,French fries with sausages",2024-12-17,12:13:17,completed,25.64
1030,2471,13,"Ebiten maki,Tuna sashimi,Mushroom Risotto",2020-09-06,18:40:21,pending,22.09
1031,818,15,"Katsu Curry,Fish and chips,Chicken Fajitas",2025-08-24,07:18:44,completed,17.2
1032,2033,15,"Cheeseburger,Tiramisù,French fries with sausages",2021-12-12,17:05:32,completed,15.64
1033,1416,29,"Caesar Salad,Chicken Fajitas",2020-09-13,18:23:29,completed,11.01
1034,1181,13,Fettuccine Alfredo,2021-03-26,09:44:22,completed,6.0
1035,2331,17,Vegetable Soup,2021-05-07,17:13:07,completed,8.27
1036,830,26,"Pasta and Beans,Souvlaki,Bruschette with Tomato,Vegetable Soup,French fries with sausages",2023-10-26,13:11:24,pending,32.35
1037,2163,8,"Risotto with seafood,Katsu Curry",2021-01-05,06:02:00,completed,14.43
1038,842,6,"Chicken wings,Salmon nigiri,Tuna sashimi",2021-09-29,10:13:13,completed,21.54
1039,576,4,Pappardelle alla Bolognese,2020-03-21,18:38:37,pending,6.5
1040,1935,4,"Mushroom Risotto,Chicken milanese,Pasta with Tomato and Basil",2022-02-10,08:32:31,completed,21.91
1041,1217,20,Tuna sashimi,2022-04-14,14:57:37,completed,7.97
1042,239,30,Cheeseburger,2023-10-11,08:19:52,cancelled,6.39
1043,2947,5,Vegetable Soup,2022-06-25,09:40:10,completed,4.07
1044,2922,7,"Pizza,Caesar Salad",2020-04-19,20:38:03,completed,12.32
1045,2794,1,Philadelphia maki,2021-06-17,12:46:15,completed,7.54
1046,214,18,Risotto with seafood,2021-04-25,17:14:23,completed,7.17
1047,1115,13,Souvlaki,2023-02-17,18:46:00,completed,5.34
1048,527,15,"Fettuccine Alfredo,Califlower penne,Bruschette with Tomato,Ebiten maki",2020-10-24,11:34:14,completed,23.31
1049,1310,25,"Caesar Salad,Fettuccine Alfredo,Salmon nigiri",2022-11-04,08:52:51,completed,20.98
1050,2189,28,"Philadelphia maki,Fettuccine Alfredo,Caprese Salad,Cheeseburger",2024-01-13,07:39:55,completed,31.49
1051,2027,4,"Meatballs with sauce,Chilli con carne",2025-05-17,19:45:53,completed,14.11
1052,1972,29,"Meatballs with sauce,Salmon nigiri,Scotch eggs",2022-07-11,08:31:16,pending,19.61
1053,2071,8,Caprese Salad,2024-10-11,20:57:29,completed,8.99
1054,2273,3,"Tuna sashimi,Risotto with seafood",2020-07-01,10:42:30,completed,12.18
1055,1995,19,French fries with sausages,2022-05-20,21:04:57,completed,5.77
1056,2734,29,"Califlower penne,Meatballs with sauce,Scotch eggs",2020-11-29,13:53:44,completed,19.42
1057,1197,18,Pappardelle alla Bolognese,2020-03-18,10:33:31,completed,6.61
1058,2350,27,Pappardelle alla Bolognese,2022-06-03,14:03:46,completed,4.43
1059,320,25,Scotch eggs,2023-12-15,19:24:25,completed,6.73
1060,2835,14,"Mushroom Risotto,Chicken Fajitas",2024-04-02,14:13:49,completed,13.53
1061,1268,10,"Pasta Carbonara,Linguine with clams",2023-01-18,15:16:20,completed,12.62
1062,2107,29,Risotto with seafood,2020-08-16,08:31:59,pending,8.77
1063,2444,29,"Chicken Fajitas,Bruschette with Tomato,Mushroom Risotto",2020-07-20,17:02:56,completed,17.71
1064,871,19,Meatballs with sauce,2023-01-10,22:51:34,completed,7.86
1065,2059,7,Chilli con carne,2022-06-11,20:15:26,pending,4.2
1066,1358,8,"Tuna sashimi,Fish and chips,Katsu Curry,Barbecue Ribs,Tuna sashimi",2024-03-10,19:53:33,completed,27.62
1067,1729,9,French fries with sausages,2022-11-03,15:49:43,completed,4.89
1068,2398,17,Souvlaki,2024-05-29,20:43:01,pending,6.55
1069,2196,12,"Ricotta stuffed Ravioli,Pizza",2023-08-22,09:24:27,completed,11.21
1070,1195,8,Caprese Salad,2021-06-02,17:44:12,completed,5.88
1071,1191,23,Ebiten maki,2022-01-12,10:24:52,completed,5.62
1072,308,3,Chicken milanese,2020-02-09,09:30:33,cancelled,5.74
1073,1434,19,Risotto with seafood,2024-07-23,07:50:11,cancelled,5.05
1074,278,25,Chilli con carne,2023-08-19,14:50:19,pending,8.38
1075,252,9,"Fish and chips,Chilli con carne,Pasta and Beans,Caesar Salad,Mushroom Risotto",2025-08-28,11:38:23,completed,34.7
1076,1087,27,Pork sausage roll,2020-02-12,21:59:42,completed,8.7
1077,2891,2,Pasta Carbonara,2023-08-30,17:21:54,completed,7.52
1078,2099,3,Barbecue Ribs,2021-10-27,17:56:05,completed,7.37
1079,2165,21,"Pappardelle alla Bolognese,Salmon nigiri",2020-05-09,17:56:17,completed,14.32
1080,2720,21,"Chicken milanese,Pappardelle alla Bolognese",2022-02-07,14:46:40,completed,13.86
1081,2010,19,"Risotto with seafood,Ricotta stuffed Ravioli,Pasta Carbonara,Ricotta stuffed Ravioli,Pasta and Beans",2020-10-16,20:46:42,completed,32.43
1082,1077,5,"Teriyaki Chicken donburi,Vegetable Soup",2022-05-09,07:13:38,cancelled,14.91
1083,1050,3,"Risotto with seafood,Fish and chips",2022-01-15,17:41:06,completed,12.86
1084,186,21,Risotto with seafood,2020-06-17,10:15:50,completed,5.79
1085,2008,10,"Pasta Carbonara,Pasta and Beans,Caprese Salad,Tuna sashimi,Linguine with clams",2022-01-11,11:13:36,completed,34.5
1086,2812,30,"Fettuccine Alfredo,Pasta with Tomato and Basil",2022-08-11,21:51:13,completed,11.14
1087,244,14,Teriyaki Chicken donburi,2022-04-16,17:15:58,completed,8.05
1088,1911,28,"Katsu Curry,Fettuccine Alfredo",2024-02-05,13:16:49,completed,13.3
1089,2944,9,"Risotto with seafood,Ricotta stuffed Ravioli",2024-08-31,18:54:17,pending,13.39
1090,281,26,"Cheeseburger,French fries with sausages,Scotch eggs,Ebiten maki",2022-03-29,12:09:16,completed,33.17
1091,281,3,"Caprese Salad,Chicken wings,Chicken milanese,Tiramisù,Chilli con carne",2023-09-24,09:46:34,completed,35.25
1092,2044,13,Pork belly buns,2020-10-14,16:29:46,completed,4.25
1093,2451,29,"Ebiten maki,Caesar Salad,Pizza",2024-08-11,08:52:36,completed,20.47
1094,1307,21,Caesar Salad,2021-06-01,15:35:15,completed,8.81
1095,644,10,Risotto with seafood,2022-07-21,07:27:38,completed,5.55
1096,871,27,Meatballs with sauce,2025-08-20,08:04:20,cancelled,6.6
1097,149,8,"Linguine with clams,Linguine with clams,Tuna sashimi",2021-05-28,13:54:54,cancelled,16.66
1098,1873,8,"Pasta Carbonara,Chilli con carne",2023-04-21,11:14:02,completed,12.29
1099,398,24,Souvlaki,2024-11-11,19:15:13,completed,4.68
1100,1363,5,Bruschette with Tomato,2023-06-11,15:04:29,completed,4.06
1101,549,5,"Pasta Carbonara,Linguine with clams",2023-06-16,12:11:00,completed,14.01
1102,1296,8,"Tiramisù,Meatballs with sauce,Mushroom Risotto",2020-11-19,09:59:24,completed,19.54
1103,1688,2,"Chilli con carne,Pork sausage roll,Califlower penne,Souvlaki",2024-01-05,17:33:15,completed,22.89
1104,1822,21,Mushroom Risotto,2021-12-23,20:08:20,completed,8.31
1105,2664,21,Fettuccine Alfredo,2022-09-05,20:41:38,completed,4.81
1106,2058,7,Salmon nigiri,2023-08-20,13:51:09,cancelled,4.98
1107,357,25,French fries with sausages,2022-02-15,10:03:42,completed,5.64
1108,713,3,Mushroom Risotto,2022-05-03,13:32:18,completed,8.15
1109,532,1,"Pappardelle alla Bolognese,Salmon nigiri",2023-09-14,11:36:12,completed,14.96
1110,1049,23,"Pizza,Mushroom Risotto,California maki,Tuna sashimi",2023-11-09,20:21:32,completed,31.09
1111,2647,16,Souvlaki,2020-04-28,17:15:14,completed,5.05
1112,776,28,"Pork belly buns,Vegetable Soup,Teriyaki Chicken donburi,Pizza",2020-09-23,13:41:07,cancelled,21.9
1113,2662,18,Linguine with clams,2022-10-21,08:31:11,pending,6.16
1114,426,14,Vegetable Soup,2021-12-07,21:06:05,completed,8.26
1115,153,12,"Fish and chips,Pasta and Beans,Fettuccine Alfredo",2020-10-01,21:01:05,completed,21.0
1116,2656,10,Meatballs with sauce,2021-10-11,10:17:20,completed,6.83
1117,1907,4,Tiramisù,2020-09-26,10:46:39,completed,7.06
1118,903,6,"Chicken Fajitas,Katsu Curry,California maki,Pasta with Tomato and Basil",2023-11-16,18:06:14,completed,27.8
1119,1271,29,"Philadelphia maki,Linguine with clams,Scotch eggs,Cheeseburger",2020-09-29,07:48:38,completed,24.94
1120,2062,19,Ricotta stuffed Ravioli,2022-06-13,18:10:06,completed,7.86
1121,929,14,"Ricotta stuffed Ravioli,Risotto with seafood",2023-04-27,21:09:41,pending,13.23
1122,1787,30,Ricotta stuffed Ravioli,2025-07-22,22:00:02,completed,5.62
1123,1127,6,"Pork sausage roll,Risotto with seafood,Philadelphia maki,Bruschette with Tomato",2021-03-14,22:00:55,completed,23.92
1124,2827,5,"Pasta Carbonara,Pasta with Tomato and Basil,French fries with sausages",2025-05-29,13:46:17,pending,21.57
1125,2627,15,Salmon nigiri,2020-07-25,17:52:31,completed,4.62
1126,388,26,Tiramisù,2022-12-03,13:11:55,completed,6.93
1127,1427,18,"Fettuccine Alfredo,Ebiten maki",2023-01-27,09:45:58,completed,10.76
1128,31,6,Pappardelle alla Bolognese,2024-04-29,06:02:56,completed,7.74
1129,1979,30,"Fish and chips,Caesar Salad,Vegetable Soup,Tiramisù",2024-05-17,22:03:14,completed,26.74
1130,372,5,"Barbecue Ribs,Tiramisù,Bruschette with Tomato,Barbecue Ribs",2024-04-29,11:19:30,pending,26.34
1131,907,27,Pasta Carbonara,2024-04-29,07:59:05,completed,4.14
1132,219,12,Cheeseburger,2022-10-11,15:22:50,pending,6.87
1133,2037,21,"Vegetable Soup,Pappardelle alla Bolognese",2024-01-15,09:33:40,completed,13.65
1134,1622,11,"Caprese Salad,Fish and chips",2024-02-13,22:48:45,completed,10.78
1135,2863,2,Pork sausage roll,2020-04-24,18:29:27,pending,5.9
1136,2180,25,"Philadelphia maki,Ebiten maki",2024-01-24,08:48:07,completed,12.34
1137,2909,18,"Caprese Salad,Pork sausage roll,Scotch eggs",2022-03-07,17:21:19,completed,18.55
1138,2506,8,Chicken milanese,2021-03-27,07:37:20,completed,7.48
1139,34,13,"Caesar Salad,Chilli con carne,Scotch eggs",2021-01-25,17:42:53,completed,15.39
1140,826,21,Teriyaki Chicken donburi,2023-08-06,19:39:05,completed,8.47
1141,1991,18,"Mushroom Risotto,Souvlaki,Souvlaki",2022-08-25,13:02:53,completed,18.58
1142,1243,29,Caprese Salad,2022-10-07,21:30:43,completed,8.88
1143,2250,21,Barbecue Ribs,2021-08-18,21:27:34,completed,7.39
1144,1155,25,Caesar Salad,2023-10-22,15:29:49,completed,6.28
1145,1762,9,Linguine with clams,2024-11-10,18:54:11,pending,5.65
1146,2238,15,Ebiten maki,2020-12-03,08:44:14,completed,7.28
1147,1353,28,Tuna sashimi,2021-04-09,16:02:23,completed,5.13
1148,1730,16,Katsu Curry,2024-01-17,11:17:38,pending,7.19
1149,2894,7,"Chicken wings,Linguine with clams,Ricotta stuffed Ravioli",2024-05-03,17:18:24,completed,17.03
1150,1439,26,Bruschette with Tomato,2023-01-13,07:14:44,completed,5.08
1151,2123,26,Caprese Salad,2022-11-25,21:09:23,completed,7.18
1152,2325,21,"Chilli con carne,Ricotta stuffed Ravioli,Mushroom Risotto,Ebiten maki",2024-08-16,08:19:04,completed,26.36
1153,2284,14,"Ricotta stuffed Ravioli,Philadelphia maki,Fish and chips",2022-07-18,20:02:32,completed,18.93
1154,70,6,Pork belly buns,2025-09-27,21:12:27,completed,5.04
1155,882,5,"Teriyaki Chicken donburi,California maki",2022-10-04,18:04:14,completed,13.76
1156,648,15,Pasta and Beans,2020-09-04,07:22:11,pending,6.58
1157,1027,1,"French fries with sausages,Fish and chips",2024-08-23,17:22:51,pending,13.85
1158,1489,23,Bruschette with Tomato,2024-12-05,16:11:02,completed,8.93
1159,1671,2,Philadelphia maki,2023-12-21,08:58:23,completed,8.07
1160,2538,29,Chicken Fajitas,2024-12-23,06:28:58,completed,7.77
1161,775,23,Linguine with clams,2024-07-24,22:49:30,completed,5.67
1162,2696,20,"California maki,Caprese Salad",2024-01-31,19:21:10,pending,14.51
1163,2227,10,"Cheeseburger,Vegetable Soup,California maki,Teriyaki Chicken donburi,Chicken wings",2021-02-20,13:32:27,completed,34.8
1164,1834,17,"Pasta and Beans,California maki,Salmon nigiri,Pappardelle alla Bolognese",2020-01-13,15:32:32,pending,25.24
1165,592,23,Lasagne,2021-09-08,07:06:00,completed,5.14
1166,2889,13,"Pizza,Fish and chips,Caesar Salad",2020-01-27,11:10:52,completed,19.18
1167,373,13,"Chicken Fajitas,Chicken milanese,Souvlaki,Tiramisù",2021-12-24,10:25:38,pending,26.88
1168,184,24,"Chicken Fajitas,Meatballs with sauce,French fries with sausages",2023-08-22,20:50:00,completed,19.06
1169,225,2,"Ricotta stuffed Ravioli,Linguine with clams,Pappardelle alla Bolognese,Ebiten maki",2024-11-07,16:29:53,completed,26.38
1170,36,16,"Pasta Carbonara,Teriyaki Chicken donburi",2021-01-22,13:51:46,completed,15.92
1171,1,18,"Mushroom Risotto,Cheeseburger,Cheeseburger",2025-08-11,16:46:28,completed,20.52
1172,1304,8,Pasta and Beans,2021-05-13,16:47:22,completed,4.13
1173,2817,30,"Chicken milanese,Risotto with seafood,Vegetable Soup",2024-06-20,14:52:58,completed,17.23
1174,94,21,Lasagne,2021-05-24,13:37:24,completed,7.3
1175,2565,8,"Pasta and Beans,Pork belly buns,Pappardelle alla Bolognese",2020-02-03,16:18:32,completed,16.27
1176,270,7,"Ricotta stuffed Ravioli,California maki,Mushroom Risotto,Meatballs with sauce,Fish and chips",2024-02-15,12:28:51,completed,35.51
1177,1217,30,Mushroom Risotto,2020-04-16,08:17:52,completed,8.21
1178,1593,3,"Chilli con carne,Chilli con carne,Pasta with Tomato and Basil",2024-12-30,13:51:20,completed,23.89
1179,709,30,Chicken wings,2020-07-31,11:44:48,cancelled,8.05
1180,387,25,Souvlaki,2023-08-02,15:36:04,cancelled,6.04
1181,1359,6,"Fish and chips,Pork sausage roll",2024-05-04,12:56:42,cancelled,9.11
1182,299,5,Caesar Salad,2025-05-10,07:05:08,pending,4.1
1183,1126,16,Scotch eggs,2022-03-07,09:07:03,completed,8.99
1184,2448,16,"Lasagne,Salmon nigiri",2023-01-12,22:13:31,completed,13.44
1185,1718,21,"Chicken Fajitas,Linguine with clams,Caesar Salad",2025-05-30,19:28:05,completed,16.64
1186,2310,4,Chicken milanese,2023-07-23,18:12:50,completed,5.22
1187,1904,24,"Chilli con carne,Barbecue Ribs,Fish and chips,Califlower penne",2021-04-24,17:40:41,completed,24.61
1188,396,24,Mushroom Risotto,2023-02-14,16:11:13,completed,4.13
1189,2952,2,"Ebiten maki,Souvlaki",2020-05-18,16:09:50,completed,16.9
1190,2301,20,Ricotta stuffed Ravioli,2024-03-06,06:23:13,completed,5.94
1191,1128,30,"Pork sausage roll,Pasta with Tomato and Basil",2023-03-22,13:39:55,completed,12.42
1192,129,28,"Cheeseburger,Tuna sashimi,Chicken milanese",2022-10-18,15:22:19,completed,18.76
1193,2126,21,"Cheeseburger,Pork belly buns,Califlower penne,Fish and chips",2020-02-27,19:49:57,completed,22.3
1194,2170,7,Caprese Salad,2025-05-01,17:10:27,completed,5.68
1195,2665,20,Chicken milanese,2021-04-12,06:26:25,completed,4.48
1196,2979,24,"Vegetable Soup,Katsu Curry,Risotto with seafood",2020-06-11,10:42:29,pending,20.26
1197,1297,5,Teriyaki Chicken donburi,2025-01-05,12:25:17,completed,7.44
1198,393,23,"Pork sausage roll,Fish and chips,Chilli con carne",2023-10-17,20:31:31,completed,20.33
1199,2701,20,Pasta with Tomato and Basil,2024-12-07,20:37:24,completed,6.56
1200,229,7,Tiramisù,2024-06-23,20:31:46,pending,7.55
1201,1780,27,"Chicken Fajitas,Ebiten maki",2022-02-18,20:10:22,completed,13.66
1202,544,6,Pappardelle alla Bolognese,2024-02-26,13:48:01,completed,7.59
1203,382,21,Bruschette with Tomato,2022-06-16,12:10:17,completed,8.97
1204,506,16,"Fettuccine Alfredo,Pasta with Tomato and Basil,Pizza",2023-10-03,17:54:06,completed,19.18
1205,2669,25,"Lasagne,Lasagne,Linguine with clams",2020-03-31,16:27:02,completed,16.89
1206,965,15,Caesar Salad,2022-11-12,07:10:31,completed,4.07
1207,2278,22,Vegetable Soup,2021-12-26,07:03:39,completed,6.51
1208,35,28,"Pizza,Teriyaki Chicken donburi,Ebiten maki,Salmon nigiri,Chicken milanese",2024-12-09,15:38:14,pending,34.18
1209,1096,9,Bruschette with Tomato,2023-06-05,16:17:20,completed,7.6
1210,2343,5,Salmon nigiri,2022-09-27,19:51:33,completed,6.37
1211,2905,18,Mushroom Risotto,2021-03-09,17:45:55,completed,4.6
1212,2123,14,Pork belly buns,2023-08-19,12:36:19,completed,4.87
1213,2192,18,Califlower penne,2025-07-25,21:26:50,completed,7.11
1214,1740,17,"Chilli con carne,Katsu Curry,Califlower penne",2022-06-21,16:12:01,completed,22.95
1215,1838,5,"Pasta Carbonara,Linguine with clams,Chilli con carne",2023-09-25,10:40:55,pending,15.47
1216,2053,1,"Ricotta stuffed Ravioli,Pork belly buns",2024-09-12,06:11:02,completed,11.86
1217,537,17,Scotch eggs,2022-03-22,22:37:37,completed,5.13
1218,636,3,Scotch eggs,2021-11-11,20:44:19,completed,7.97
1219,1997,9,"Chicken Fajitas,Chicken Fajitas,Chicken wings,Pork belly buns",2021-05-12,10:48:35,pending,27.87
1220,2604,29,Vegetable Soup,2023-08-18,07:59:46,completed,7.19
1221,312,22,Pork belly buns,2025-04-23,06:44:04,completed,8.0
1222,1091,9,Risotto with seafood,2020-09-14,14:56:10,completed,5.31
1223,1914,2,"Pork belly buns,Risotto with seafood,Pork belly buns,Katsu Curry,Pizza",2020-10-31,06:25:44,pending,35.33
1224,1317,3,"California maki,Scotch eggs",2022-12-21,13:24:57,completed,11.58
1225,1730,11,"Katsu Curry,Caesar Salad",2023-02-09,10:41:46,completed,9.67
1226,41,26,"Pasta Carbonara,Pizza",2021-10-24,10:00:45,cancelled,11.95
1227,980,12,Chicken wings,2021-03-30,11:50:48,cancelled,6.76
1228,1393,7,Linguine with clams,2020-06-25,11:09:44,pending,6.52
1229,944,7,"Cheeseburger,Barbecue Ribs",2024-12-28,15:23:12,pending,12.04
1230,198,2,Lasagne,2021-09-13,15:29:37,completed,8.62
1231,241,12,Pizza,2024-05-20,16:30:51,completed,4.97
1232,1972,5,"Risotto with seafood,Chicken wings,Caesar Salad,Pork belly buns",2022-10-07,07:13:08,completed,23.74
1233,1293,22,"Tiramisù,Philadelphia maki,Caprese Salad",2021-12-15,20:54:32,completed,17.15
1234,673,19,Cheeseburger,2022-10-30,18:27:58,completed,8.05
1235,2089,27,Chilli con carne,2023-08-24,07:49:01,cancelled,6.43
1236,1617,20,Cheeseburger,2025-01-01,18:07:30,pending,6.39
1237,2420,5,"Linguine with clams,Caesar Salad",2023-10-14,16:49:38,pending,12.04
1238,2615,24,Fettuccine Alfredo,2024-04-14,18:34:15,completed,4.34
1239,677,17,"Pasta Carbonara,Souvlaki,Risotto with seafood,Mushroom Risotto",2024-05-07,11:57:07,completed,28.23
1240,2844,6,"Souvlaki,Pizza,Chicken Fajitas,Chicken wings,Linguine with clams",2024-08-10,06:25:47,completed,37.78
1241,76,2,Fish and chips,2023-10-07,17:38:12,pending,6.64
1242,970,18,Vegetable Soup,2024-11-20,20:03:44,completed,7.45
1243,2046,15,French fries with sausages,2023-01-17,16:14:03,completed,4.28
1244,1249,25,"Tiramisù,Fettuccine Alfredo,Souvlaki,Lasagne",2022-05-18,20:10:19,completed,23.91
1245,2708,13,Califlower penne,2020-12-08,17:13:18,completed,7.01
1246,131,13,Caesar Salad,2024-05-06,06:04:16,completed,7.75
1247,2286,19,Pork belly buns,2022-01-11,15:56:21,completed,4.0
1248,1832,11,Mushroom Risotto,2024-11-17,16:46:25,completed,5.32
1249,2153,21,Pasta with Tomato and Basil,2020-06-21,13:39:06,completed,4.82
1250,880,24,Pappardelle alla Bolognese,2022-11-15,17:58:12,pending,7.92
1251,1716,14,Salmon nigiri,2024-10-22,12:55:01,completed,6.02
1252,1635,8,Linguine with clams,2024-12-19,22:53:41,cancelled,4.33
1253,2658,4,Chicken Fajitas,2022-04-28,16:22:49,completed,6.23
1254,2912,24,Pizza,2021-01-01,21:04:17,completed,5.27
1255,2229,3,"Salmon nigiri,Tuna sashimi",2024-10-07,10:53:24,completed,15.42
1256,2270,21,"Cheeseburger,Chilli con carne,Lasagne,Barbecue Ribs",2025-04-05,19:24:18,completed,27.63
1257,105,29,Teriyaki Chicken donburi,2022-04-15,21:30:36,completed,6.7
1258,16,16,"Fettuccine Alfredo,Salmon nigiri,Chicken Fajitas",2020-06-16,22:48:32,completed,17.95
1259,2820,6,"Ebiten maki,Philadelphia maki,Fish and chips,Cheeseburger",2024-10-17,10:12:20,completed,25.49
1260,2759,22,"Ricotta stuffed Ravioli,Tuna sashimi,Mushroom Risotto",2024-07-19,19:48:53,completed,14.12
1261,1565,13,Linguine with clams,2022-05-22,19:04:38,completed,7.36
1262,2688,30,"Chicken wings,Pizza",2023-02-22,12:45:02,pending,13.44
1263,2682,14,"Chilli con carne,Cheeseburger",2021-09-25,08:55:40,completed,13.8
1264,166,24,"Pasta Carbonara,Ricotta stuffed Ravioli,Fish and chips",2023-05-16,22:16:02,completed,18.82
1265,1491,14,"Cheeseburger,Barbecue Ribs",2021-05-05,22:17:41,completed,10.84
1266,2212,17,"Teriyaki Chicken donburi,Chicken Fajitas",2023-07-25,19:09:06,completed,11.86
1267,151,25,California maki,2023-01-03,13:22:56,completed,5.57
1268,37,22,Chicken milanese,2022-12-23,08:37:49,cancelled,4.67
1269,2631,12,Chicken wings,2020-11-24,15:32:08,cancelled,5.48
1270,601,20,Pappardelle alla Bolognese,2025-10-02,19:41:56,completed,4.97
1271,872,25,"Tuna sashimi,Barbecue Ribs,Lasagne,Lasagne",2022-12-10,21:13:08,completed,26.29
1272,1094,2,Philadelphia maki,2021-05-17,06:11:09,pending,5.05
1273,2669,20,Lasagne,2024-11-12,15:53:56,completed,5.2
1274,657,13,"Risotto with seafood,Ebiten maki",2025-08-18,18:48:44,pending,14.08
1275,1918,12,"Souvlaki,Ebiten maki",2023-06-01,08:58:45,pending,11.64
1276,1222,16,Salmon nigiri,2020-05-22,18:36:50,completed,4.1
1277,182,21,Ebiten maki,2022-09-19,15:11:09,pending,5.85
1278,848,28,Califlower penne,2021-10-04,17:44:52,pending,7.94
1279,1647,16,"Pasta and Beans,Risotto with seafood",2020-01-24,07:44:07,completed,8.93
1280,2775,29,Pasta Carbonara,2024-04-19,06:55:37,completed,6.21
1281,410,1,"Chicken milanese,California maki,French fries with sausages,Katsu Curry",2021-01-11,16:18:15,completed,30.88
1282,897,30,Fettuccine Alfredo,2020-06-14,11:26:41,pending,7.99
1283,636,5,"Risotto with seafood,Chilli con carne,Linguine with clams",2023-11-18,22:47:01,pending,18.22
1284,2429,28,"Katsu Curry,Scotch eggs",2025-05-07,13:43:38,completed,10.31
1285,747,16,Vegetable Soup,2021-12-20,19:37:59,completed,4.2
1286,2984,3,"Chilli con carne,Bruschette with Tomato",2025-06-07,19:02:53,pending,17.41
1287,1585,19,"Philadelphia maki,French fries with sausages,Cheeseburger",2023-03-09,09:03:34,completed,18.1
1288,19,6,Tuna sashimi,2021-04-25,15:40:44,completed,8.08
1289,572,13,"Barbecue Ribs,Chicken Fajitas,Lasagne,Souvlaki,Caprese Salad",2020-03-10,20:23:43,pending,37.33
1290,127,26,Fettuccine Alfredo,2024-12-30,12:32:26,completed,6.57
1291,1299,14,"Meatballs with sauce,Califlower penne,Caprese Salad",2021-07-23,11:29:54,completed,17.46
1292,2751,2,"Katsu Curry,California maki,Linguine with clams,Mushroom Risotto",2020-04-15,14:52:06,completed,26.48
1293,1369,7,"Barbecue Ribs,Tiramisù",2023-01-10,14:49:22,completed,11.76
1294,1214,2,"Salmon nigiri,Philadelphia maki",2020-09-03,22:54:25,completed,9.7
1295,1153,16,"Lasagne,Ebiten maki",2020-11-28,11:58:44,completed,11.39
1296,1664,26,Fettuccine Alfredo,2020-05-03,19:57:43,completed,8.37
1297,1002,18,Tuna sashimi,2020-05-31,16:32:05,completed,4.81
1298,2110,20,Salmon nigiri,2022-02-25,22:50:06,completed,5.77
1299,2327,4,Pappardelle alla Bolognese,2023-04-27,20:17:03,completed,5.56
1300,2262,4,Pizza,2023-01-03,13:41:57,completed,8.2
1301,241,23,"Pizza,Mushroom Risotto,Tiramisù,Cheeseburger",2020-08-19,20:37:57,completed,24.4
1302,1931,27,"Cheeseburger,Pizza",2025-01-07,06:06:43,completed,11.8
1303,1453,7,Caesar Salad,2023-09-14,19:49:13,completed,7.37
1304,725,21,"Meatballs with sauce,Pork sausage roll",2024-07-14,22:49:12,completed,16.02
1305,215,16,"California maki,Caprese Salad",2024-09-03,22:44:35,completed,12.04
1306,20,10,Pappardelle alla Bolognese,2023-04-26,21:21:24,completed,4.67
1307,688,4,Ricotta stuffed Ravioli,2020-12-17,12:31:41,completed,4.2
1308,2255,20,Pappardelle alla Bolognese,2022-03-13,19:34:26,completed,7.21
1309,61,18,Teriyaki Chicken donburi,2023-05-25,07:03:00,completed,5.17
1310,2119,23,Lasagne,2020-01-21,10:25:10,completed,7.7
1311,1291,26,"Pasta and Beans,Pasta and Beans,Souvlaki,Risotto with seafood,Califlower penne",2023-01-19,21:14:14,completed,30.43
1312,580,9,"Philadelphia maki,Pork sausage roll",2025-05-10,10:14:23,completed,12.65
1313,1507,7,"Caprese Salad,Pork sausage roll,Pappardelle alla Bolognese,Tuna sashimi",2022-11-10,18:24:43,completed,22.35
1314,2136,10,French fries with sausages,2024-05-14,07:18:06,completed,7.05
1315,2789,14,"Cheeseburger,Califlower penne,Mushroom Risotto,Chicken wings,Chilli con carne",2025-05-16,17:04:04,completed,30.25
1316,2954,6,"Risotto with seafood,Cheeseburger",2021-10-02,15:04:33,completed,17.02
1317,1346,27,Caesar Salad,2021-10-01,08:26:01,completed,5.32
1318,2441,20,Vegetable Soup,2022-02-08,06:48:38,completed,4.32
1319,1852,23,"Katsu Curry,Chicken Fajitas,Tuna sashimi,Chicken milanese,Salmon nigiri",2023-08-08,16:34:26,completed,34.43
1320,1709,14,Risotto with seafood,2024-07-08,11:41:40,completed,4.81
1321,340,12,Chicken wings,2022-08-25,22:45:41,completed,8.92
1322,2429,30,"Salmon nigiri,Chicken milanese",2025-06-25,06:58:11,completed,13.81
1323,33,14,"Philadelphia maki,Pork belly buns,Tiramisù,Pork sausage roll",2025-05-26,19:37:31,completed,25.59
1324,2765,1,"Katsu Curry,Katsu Curry",2022-11-09,06:29:29,pending,13.48
1325,365,10,Bruschette with Tomato,2025-04-15,11:48:12,completed,5.99
1326,994,21,Cheeseburger,2024-10-14,07:33:50,pending,5.98
1327,948,25,"Vegetable Soup,Fish and chips,Vegetable Soup",2025-02-16,08:58:19,completed,23.1
1328,530,19,Katsu Curry,2022-05-13,22:30:21,pending,4.93
1329,2262,16,"Pork sausage roll,Califlower penne",2020-08-31,21:37:26,completed,10.81
1330,487,19,"Chicken milanese,Pasta and Beans,Chicken wings",2021-08-17,21:45:37,pending,16.34
1331,851,23,"Pasta Carbonara,Teriyaki Chicken donburi,Pasta Carbonara,Souvlaki",2025-01-07,21:32:05,completed,29.3
1332,1535,8,"Mushroom Risotto,Chicken milanese",2021-09-28,06:28:02,completed,11.91
1333,2341,4,Cheeseburger,2025-07-25,20:02:22,completed,4.84
1334,640,26,Caesar Salad,2020-10-18,10:43:22,completed,6.31
1335,2654,27,"Souvlaki,Risotto with seafood,Cheeseburger",2023-07-18,06:05:46,completed,20.92
1336,1437,28,"Mushroom Risotto,Pasta and Beans,Pizza,Teriyaki Chicken donburi",2020-11-12,11:14:20,completed,23.26
1337,1248,10,Chicken Fajitas,2025-09-28,18:47:49,completed,7.04
1338,1347,4,Salmon nigiri,2020-05-01,21:32:54,completed,5.85
1339,881,15,"Pappardelle alla Bolognese,Pasta with Tomato and Basil,Tuna sashimi,Califlower penne",2022-06-27,13:52:04,completed,28.01
1340,23,25,"Ricotta stuffed Ravioli,Pork belly buns,Mushroom Risotto,Souvlaki",2021-04-25,19:54:19,completed,25.53
1341,2285,10,Salmon nigiri,2025-02-19,12:22:31,completed,4.17
1342,2704,23,"Salmon nigiri,Pork sausage roll",2022-08-04,18:07:56,completed,14.99
1343,2580,26,Souvlaki,2025-02-26,20:09:18,completed,6.39
1344,950,13,Scotch eggs,2023-07-12,13:38:48,cancelled,6.72
1345,1053,8,Pasta Carbonara,2022-10-19,15:15:36,completed,8.6
1346,1618,11,"Tuna sashimi,Pizza,Pork belly buns",2022-01-07,20:16:05,completed,25.4
1347,1044,9,Pork belly buns,2020-05-09,18:30:01,completed,5.72
1348,2422,6,"Pork sausage roll,Califlower penne,French fries with sausages,Lasagne,Chicken wings",2024-08-23,12:05:48,completed,34.04
1349,995,2,Teriyaki Chicken donburi,2023-05-23,17:30:03,cancelled,4.72
1350,91,28,California maki,2022-11-11,13:01:28,completed,7.19
1351,368,24,Meatballs with sauce,2020-01-19,07:28:28,completed,8.96
1352,458,14,Pasta with Tomato and Basil,2020-04-16,12:19:26,completed,5.78
1353,2757,9,Chicken Fajitas,2021-01-02,14:13:05,completed,6.28
1354,2015,26,Cheeseburger,2020-12-21,08:43:38,completed,4.1
1355,499,23,"Risotto with seafood,Chicken milanese",2023-05-02,10:56:12,cancelled,12.65
1356,1932,2,Fettuccine Alfredo,2020-03-15,12:25:39,pending,7.22
1357,849,27,"Caprese Salad,Barbecue Ribs,Risotto with seafood,Caprese Salad",2020-10-20,20:21:56,cancelled,23.8
1358,2563,12,Pasta and Beans,2021-10-17,18:04:11,pending,8.53
1359,2122,9,Chicken milanese,2023-05-28,07:04:43,completed,7.07
1360,2012,13,"Scotch eggs,California maki",2022-04-16,16:28:32,completed,10.34
1361,1267,10,Risotto with seafood,2024-06-08,17:57:39,completed,4.51
1362,1276,16,Linguine with clams,2025-02-23,09:54:04,completed,5.58
1363,2044,20,Chicken milanese,2020-02-03,10:21:31,cancelled,6.98
1364,1035,9,"Chicken wings,Pizza,Souvlaki,Linguine with clams,Katsu Curry",2020-07-05,21:30:25,completed,32.41
1365,1093,21,"Pizza,Pasta Carbonara,Califlower penne,Tiramisù",2022-07-09,13:02:30,completed,26.22
1366,912,27,"Califlower penne,Ebiten maki,Fish and chips",2025-01-31,21:30:11,completed,23.64
1367,1333,25,"Pasta and Beans,Cheeseburger",2023-03-04,08:02:45,completed,10.5
1368,1175,29,"Lasagne,Lasagne",2024-07-22,06:06:12,completed,9.79
1369,2255,30,"Risotto with seafood,California maki,Ebiten maki,Vegetable Soup",2022-06-22,19:10:36,completed,23.39
1370,796,5,"Teriyaki Chicken donburi,Pasta and Beans,Fettuccine Alfredo,Fettuccine Alfredo",2020-02-15,06:54:53,completed,26.16
1371,1461,8,Pasta Carbonara,2022-01-05,13:23:41,completed,6.88
1372,1078,4,"Linguine with clams,Chicken wings,Linguine with clams",2021-03-05,08:23:51,completed,21.45
1373,1495,28,Pasta and Beans,2022-06-13,20:03:28,completed,4.1
1374,633,11,"Linguine with clams,Chicken Fajitas,Bruschette with Tomato,Risotto with seafood",2021-09-21,22:45:26,completed,23.01
1375,2299,20,Fettuccine Alfredo,2023-04-30,09:55:04,completed,8.54
1376,709,29,"Fettuccine Alfredo,Pappardelle alla Bolognese",2023-05-06,13:03:23,completed,12.89
1377,715,16,Pasta and Beans,2023-09-10,06:07:32,completed,7.44
1378,1735,9,Bruschette with Tomato,2021-05-22,19:49:31,pending,4.97
1379,949,4,Pasta and Beans,2025-04-07,16:33:57,completed,8.41
1380,2247,29,Pasta Carbonara,2024-08-12,13:22:53,completed,7.57
1381,769,7,"Salmon nigiri,Mushroom Risotto",2021-11-06,13:24:04,completed,16.16
1382,350,7,Lasagne,2023-02-23,09:09:57,completed,8.26
1383,1226,5,Pasta with Tomato and Basil,2022-09-21,07:23:50,completed,4.62
1384,197,17,Pappardelle alla Bolognese,2022-09-26,18:31:46,completed,6.18
1385,1809,19,Chicken Fajitas,2025-03-26,07:50:03,cancelled,4.42
1386,2236,14,"Pizza,Tiramisù",2022-12-24,20:00:40,completed,12.68
1387,539,15,"Philadelphia maki,Linguine with clams",2021-04-29,19:25:39,pending,14.78
1388,255,9,"Chicken Fajitas,Pork belly buns,Scotch eggs",2022-12-13,06:59:49,completed,18.93
1389,2144,9,"Ebiten maki,Pork sausage roll",2023-02-02,07:30:52,completed,14.8
1390,379,20,"California maki,Chicken wings",2021-12-15,19:47:54,cancelled,9.59
1391,954,29,Chicken Fajitas,2023-11-07,10:28:47,completed,4.36
1392,2116,27,"Chilli con carne,Caesar Salad,Mushroom Risotto",2020-03-04,22:47:19,pending,16.7
1393,2772,4,"Caprese Salad,Pasta and Beans,Tiramisù,Meatballs with sauce",2024-04-09,10:12:23,completed,25.01
1394,450,12,"Ebiten maki,Caesar Salad",2020-12-30,14:27:29,completed,13.5
1395,863,23,Califlower penne,2024-03-26,18:31:28,completed,7.43
1396,576,13,"Souvlaki,Scotch eggs",2021-11-11,21:42:49,pending,11.22
1397,1663,19,"Meatballs with sauce,Pork sausage roll",2021-10-13,06:14:03,completed,13.16
1398,2253,11,"Salmon nigiri,Souvlaki,Chicken milanese,Philadelphia maki",2022-12-19,07:31:17,pending,24.66
1399,1925,8,Ebiten maki,2023-04-24,20:31:05,completed,5.09
1400,296,10,Cheeseburger,2024-02-07,15:28:27,completed,7.47
1401,1244,28,French fries with sausages,2020-05-02,16:07:26,completed,6.01
1402,331,10,Pizza,2020-02-15,13:05:41,completed,6.93
1403,259,8,"Cheeseburger,Katsu Curry,Pasta Carbonara,Fettuccine Alfredo",2020-01-17,08:34:04,completed,24.23
1404,1336,13,"Teriyaki Chicken donburi,Vegetable Soup",2025-02-10,20:55:20,pending,12.77
1405,2103,12,"Caprese Salad,Katsu Curry",2024-11-14,10:07:17,completed,10.61
1406,1625,19,"French fries with sausages,Meatballs with sauce",2020-11-13,21:18:03,completed,14.63
1407,2916,22,Pork sausage roll,2025-10-04,07:39:42,completed,4.32
1408,481,9,"Caprese Salad,Fettuccine Alfredo",2021-11-27,19:20:02,completed,13.22
1409,1022,27,"Pappardelle alla Bolognese,Pappardelle alla Bolognese",2022-12-20,10:24:46,pending,15.5
1410,147,9,Pappardelle alla Bolognese,2025-04-25,20:19:59,cancelled,7.96
1411,2649,2,"Meatballs with sauce,Ebiten maki",2023-01-23,09:38:54,completed,12.64
1412,2541,14,"Barbecue Ribs,Souvlaki,Philadelphia maki",2021-10-05,14:54:59,completed,21.52
1413,2573,7,Chilli con carne,2025-10-04,15:24:52,pending,7.05
1414,1935,30,Bruschette with Tomato,2020-02-28,08:10:11,completed,6.66
1415,2334,26,Salmon nigiri,2021-12-07,07:34:51,completed,8.35
1416,891,21,Scotch eggs,2024-07-28,12:52:36,completed,5.69
1417,1373,15,Tuna sashimi,2023-01-18,22:12:53,completed,5.34
1418,2661,15,Chicken wings,2022-08-08,15:56:26,completed,5.87
1419,1594,19,Pasta with Tomato and Basil,2023-11-22,18:46:00,completed,4.35
1420,2797,22,French fries with sausages,2024-07-18,07:28:33,completed,6.18
1421,378,1,Tuna sashimi,2020-12-08,06:10:38,completed,5.89
1422,969,24,"Cheeseburger,Pork belly buns,Caesar Salad",2022-04-12,12:27:46,completed,21.81
1423,921,29,Pork sausage roll,2023-05-19,17:05:31,completed,8.42
1424,2735,29,"Barbecue Ribs,Pork sausage roll,Cheeseburger,Barbecue Ribs",2023-10-12,15:16:25,completed,28.21
1425,956,30,"Tuna sashimi,Pasta Carbonara,Mushroom Risotto",2024-10-04,21:47:56,completed,15.83
1426,2497,7,Pork belly buns,2023-10-08,13:12:36,pending,8.67
1427,1464,9,"Risotto with seafood,Scotch eggs,Chicken milanese,Pork belly buns",2020-03-22,12:17:10,completed,25.78
1428,1465,4,"Ebiten maki,Mushroom Risotto",2025-07-21,13:27:30,pending,12.67
1429,306,27,"Teriyaki Chicken donburi,French fries with sausages,Barbecue Ribs",2025-04-12,19:54:09,completed,20.33
1430,2129,8,"Pork sausage roll,Linguine with clams",2021-10-28,21:22:00,cancelled,11.42
1431,884,5,Philadelphia maki,2024-07-29,09:06:50,completed,7.39
1432,548,20,"Philadelphia maki,Pork belly buns,Chilli con carne",2022-03-31,07:40:35,completed,21.72
1433,149,10,"Teriyaki Chicken donburi,Ricotta stuffed Ravioli",2020-08-20,17:55:02,completed,13.68
1434,1546,4,"Califlower penne,Caesar Salad",2022-01-20,11:28:37,pending,13.61
1435,701,4,Chilli con carne,2022-08-07,07:45:53,completed,5.97
1436,2987,23,"Philadelphia maki,Barbecue Ribs,Barbecue Ribs,Pork belly buns",2021-10-27,21:38:31,completed,28.76
1437,616,13,"Chicken Fajitas,Pizza,Pizza,Cheeseburger",2021-05-19,11:43:15,completed,22.93
1438,7,26,Linguine with clams,2021-10-03,22:56:45,completed,4.09
1439,333,30,"Chilli con carne,Fish and chips,Fettuccine Alfredo",2021-10-31,20:01:08,completed,18.98
1440,81,24,Caprese Salad,2021-10-02,09:09:54,completed,5.08
1441,976,9,"Pork sausage roll,Chicken milanese",2020-10-04,14:23:08,completed,9.94
1442,405,21,Risotto with seafood,2020-12-22,17:10:21,cancelled,5.71
1443,873,1,Chicken milanese,2020-04-30,16:07:02,completed,8.27
1444,484,29,Caprese Salad,2024-08-30,06:18:39,completed,5.66
1445,1836,14,"Pizza,Souvlaki,Chicken milanese,Pork belly buns",2024-08-20,06:13:59,pending,27.92
1446,2456,27,Ricotta stuffed Ravioli,2023-07-19,17:47:34,pending,4.23
1447,263,5,"Califlower penne,Pasta and Beans,Pasta with Tomato and Basil",2025-04-20,14:08:45,completed,19.42
1448,176,29,"Fettuccine Alfredo,Ebiten maki,Fish and chips",2021-11-08,22:48:44,cancelled,17.54
1449,1626,28,Katsu Curry,2023-08-28,22:07:21,completed,7.76
1450,2051,22,"Pizza,Chilli con carne",2021-12-07,10:02:13,completed,14.64
1451,2420,19,Ricotta stuffed Ravioli,2022-10-24,19:17:30,completed,4.45
1452,2595,9,Teriyaki Chicken donburi,2021-10-23,16:24:58,completed,5.83
1453,1834,13,Linguine with clams,2022-01-18,09:49:51,completed,4.14
1454,2100,3,"Philadelphia maki,Chicken milanese",2022-10-07,18:30:54,completed,12.86
1455,1866,2,"Mushroom Risotto,Caprese Salad",2024-10-22,21:07:41,cancelled,11.53
1456,2770,17,"Chicken milanese,Chicken Fajitas,Chicken wings,French fries with sausages",2022-05-24,16:26:35,cancelled,21.68
1457,1316,27,"Fish and chips,Vegetable Soup,Pizza",2023-03-22,10:23:43,completed,16.68
1458,1915,17,"Linguine with clams,Ricotta stuffed Ravioli",2021-10-22,15:04:21,completed,10.52
1459,1261,5,Cheeseburger,2022-12-27,12:37:26,completed,7.53
1460,1271,16,"Pasta with Tomato and Basil,Chicken milanese,Bruschette with Tomato,Tuna sashimi",2024-07-20,09:15:35,completed,28.18
1461,309,9,"Pasta and Beans,Ebiten maki",2020-08-08,13:15:01,completed,13.67
1462,2477,2,"Teriyaki Chicken donburi,Philadelphia maki",2022-02-12,22:22:46,pending,10.02
1463,2938,14,"Pizza,Lasagne,Chicken Fajitas,Pork belly buns",2021-09-29,18:12:49,completed,22.99
1464,15,11,"Salmon nigiri,Linguine with clams",2023-02-25,08:45:57,completed,10.97
1465,2782,1,Fish and chips,2025-01-10,16:31:52,completed,5.06
1466,575,30,Meatballs with sauce,2020-01-03,07:28:24,completed,6.75
1467,2312,9,French fries with sausages,2023-09-14,10:18:20,completed,5.39
1468,302,8,Lasagne,2020-04-29,08:06:59,completed,7.13
1469,609,17,Salmon nigiri,2021-06-14,21:37:24,completed,5.45
1470,981,2,Lasagne,2021-09-09,07:25:35,completed,7.55
1471,1634,21,Califlower penne,2023-12-27,17:46:19,completed,5.44
1472,1716,27,"Caprese Salad,Chilli con carne",2020-05-06,14:03:29,completed,10.34
1473,1772,5,Philadelphia maki,2024-08-30,15:28:04,pending,5.54
1474,2516,21,"Bruschette with Tomato,Souvlaki,Caesar Salad",2023-12-26,18:05:58,completed,17.9
1475,1177,21,Salmon nigiri,2022-09-22,16:09:37,completed,8.59
1476,140,5,Chicken wings,2023-08-26,09:20:55,completed,4.16
1477,581,30,Philadelphia maki,2022-10-24,17:14:35,completed,4.09
1478,1793,2,Caprese Salad,2024-09-06,08:39:45,cancelled,8.67
1479,1839,25,Lasagne,2021-03-14,08:51:47,completed,4.09
1480,848,30,"Fettuccine Alfredo,Linguine with clams",2020-11-04,08:30:06,completed,11.26
1481,2189,9,Caprese Salad,2025-09-23,20:48:08,completed,6.05
1482,524,3,Mushroom Risotto,2024-07-02,22:50:43,completed,4.14
1483,1517,8,"Bruschette with Tomato,Chicken Fajitas",2021-10-12,17:54:43,pending,12.99
1484,219,1,"Philadelphia maki,Bruschette with Tomato",2022-03-23,07:38:50,completed,11.18
1485,578,10,Barbecue Ribs,2022-10-01,11:28:16,pending,4.17
1486,2484,15,Tiramisù,2023-03-22,10:09:30,completed,4.8
1487,2705,30,Salmon nigiri,2022-11-27,13:32:16,completed,4.38
1488,1178,15,"Mushroom Risotto,Caprese Salad",2023-05-03,21:12:43,completed,14.98
1489,2015,12,Pasta and Beans,2021-03-02,09:35:32,completed,6.8
1490,2125,4,Caprese Salad,2024-03-31,12:44:37,completed,6.01
1491,616,21,Linguine with clams,2023-02-24,09:08:55,completed,5.66
1492,2847,9,French fries with sausages,2022-03-06,06:43:09,completed,4.13
1493,1508,14,Caprese Salad,2024-03-20,16:53:36,completed,4.95
1494,635,10,"Barbecue Ribs,Scotch eggs,Salmon nigiri,Caesar Salad,Ebiten maki",2024-08-08,13:04:08,completed,33.26
1495,1498,23,"Risotto with seafood,Tuna sashimi",2022-11-24,14:31:59,completed,14.41
1496,91,8,"Teriyaki Chicken donburi,Caprese Salad,Salmon nigiri,Scotch eggs",2020-03-27,14:14:37,completed,29.59
1497,2610,14,"Pasta with Tomato and Basil,Chicken wings,Fish and chips,Chicken Fajitas",2021-04-09,19:14:50,cancelled,20.45
1498,535,20,"Chicken Fajitas,Pizza",2024-06-29,15:23:48,completed,12.7
1499,173,26,"Teriyaki Chicken donburi,Ebiten maki,French fries with sausages,Fish and chips,Caprese Salad",2020-06-02,08:51:31,completed,35.41
1500,1524,6,"Fish and chips,Katsu Curry",2021-03-07,22:36:13,pending,12.81
1501,66,5,"Cheeseburger,Fish and chips,Bruschette with Tomato",2023-06-20,08:57:04,pending,21.0
1502,1038,4,Caesar Salad,2023-02-11,15:35:01,pending,6.14
1503,2665,23,Souvlaki,2021-03-19,14:52:03,completed,7.85
1504,2117,14,"Caprese Salad,Barbecue Ribs,Pasta with Tomato and Basil,Tuna sashimi",2022-11-22,22:55:12,completed,23.35
1505,1573,3,Cheeseburger,2021-01-04,10:37:12,completed,7.35
1506,1433,7,"Linguine with clams,Scotch eggs,Chilli con carne",2021-01-15,12:36:54,completed,21.35
1507,2880,21,Ebiten maki,2023-08-18,08:11:38,pending,6.39
1508,1585,11,"Linguine with clams,Chilli con carne,Caesar Salad,Tuna sashimi,Caesar Salad",2020-11-29,07:04:57,completed,28.01
1509,2310,26,"Pasta Carbonara,Barbecue Ribs,Pizza,Pappardelle alla Bolognese",2021-10-06,15:15:24,completed,23.03
1510,2419,23,"Chicken wings,Salmon nigiri",2021-04-26,08:10:04,completed,13.09
1511,2313,8,Ebiten maki,2022-11-22,18:31:45,cancelled,4.19
1512,2695,29,"Pork belly buns,Pappardelle alla Bolognese,Pizza",2022-08-24,09:04:15,pending,17.92
1513,2833,28,"Fettuccine Alfredo,California maki",2025-01-19,14:19:14,completed,9.66
1514,131,6,Chicken milanese,2021-07-30,19:01:08,completed,5.41
1515,1942,7,"Fish and chips,Fish and chips,Souvlaki,Caesar Salad",2020-01-23,14:50:03,completed,26.65
1516,993,6,"Katsu Curry,Souvlaki,Bruschette with Tomato",2023-03-18,20:22:38,pending,19.71
1517,1797,20,Caesar Salad,2024-11-11,13:45:45,completed,5.83
1518,546,18,"Tiramisù,Caprese Salad,Vegetable Soup,Scotch eggs",2021-03-17,16:14:08,completed,22.82
1519,2401,14,Pappardelle alla Bolognese,2025-03-13,13:51:21,completed,6.1
1520,916,6,"Pork belly buns,Barbecue Ribs,Ricotta stuffed Ravioli,Caesar Salad",2021-06-08,16:44:02,pending,26.67
1521,398,6,Tiramisù,2025-10-05,19:11:57,completed,7.17
1522,1950,14,"Caprese Salad,Chicken Fajitas,Teriyaki Chicken donburi,Fettuccine Alfredo",2023-01-15,08:27:53,completed,30.41
1523,2395,24,"Barbecue Ribs,Chicken wings",2025-08-18,06:39:56,completed,10.76
1524,1330,14,"Ricotta stuffed Ravioli,Caesar Salad,Ebiten maki",2020-06-28,15:04:35,completed,23.17
1525,817,6,"Meatballs with sauce,Salmon nigiri,Tuna sashimi",2020-01-04,18:02:10,completed,19.43
1526,1397,15,"Pappardelle alla Bolognese,Ebiten maki,Linguine with clams",2024-03-08,20:15:47,completed,21.09
1527,1663,21,Ricotta stuffed Ravioli,2021-12-24,11:05:39,completed,5.68
1528,1535,12,"Pasta with Tomato and Basil,Chicken milanese,Lasagne",2021-01-22,16:53:29,completed,19.44
1529,2455,23,Pasta Carbonara,2025-07-24,07:08:47,completed,4.5
1530,2355,20,"Pasta Carbonara,French fries with sausages,Pasta and Beans,Bruschette with Tomato",2025-02-03,07:55:46,pending,26.33
1531,2108,25,"Caprese Salad,Pasta with Tomato and Basil",2022-01-22,15:56:17,completed,12.62
1532,503,18,"California maki,Vegetable Soup,Cheeseburger,Chicken milanese",2020-05-17,21:37:27,completed,23.96
1533,2357,7,"Barbecue Ribs,Pappardelle alla Bolognese,Fettuccine Alfredo",2021-08-27,06:28:05,completed,21.58
1534,2244,29,"Souvlaki,Pasta Carbonara,Philadelphia maki",2022-03-06,13:21:18,pending,19.6
1535,2234,19,"Tiramisù,Ricotta stuffed Ravioli",2022-10-22,15:45:06,completed,11.37
1536,1943,18,"Chilli con carne,Califlower penne,Ricotta stuffed Ravioli",2022-09-03,21:08:51,pending,22.43
1537,1184,19,"Pasta with Tomato and Basil,Scotch eggs",2023-03-22,09:08:50,completed,13.91
1538,1425,10,"Linguine with clams,Caprese Salad",2022-05-19,07:34:44,completed,17.39
1539,146,27,French fries with sausages,2023-05-19,22:24:05,completed,4.86
1540,317,14,Chicken Fajitas,2021-08-17,12:28:54,completed,6.64
1541,1881,5,Tuna sashimi,2024-04-11,12:50:57,pending,6.39
1542,2924,4,Pizza,2025-05-10,08:21:50,completed,8.66
1543,1454,9,"Barbecue Ribs,Ebiten maki,Katsu Curry",2023-10-31,22:00:33,completed,21.15
1544,284,15,Califlower penne,2021-10-25,10:52:33,pending,6.92
1545,722,7,Caesar Salad,2021-06-24,10:11:25,completed,5.74
1546,2008,15,Linguine with clams,2022-08-15,13:54:14,completed,6.26
1547,2565,11,Fettuccine Alfredo,2020-04-18,06:05:25,cancelled,7.9
1548,876,12,"Ebiten maki,Pasta Carbonara,Califlower penne,Teriyaki Chicken donburi,Tuna sashimi",2025-08-17,14:50:22,completed,35.09
1549,91,26,"Pork sausage roll,Scotch eggs",2021-05-21,16:23:04,completed,12.31
1550,2289,14,Scotch eggs,2023-05-27,14:00:37,completed,5.97
1551,1056,12,Ebiten maki,2025-08-25,16:11:40,completed,5.38
1552,1536,2,Pork sausage roll,2024-01-22,06:45:17,completed,5.34
1553,1540,8,Chilli con carne,2022-06-04,13:36:23,completed,7.98
1554,956,6,"Mushroom Risotto,Chicken milanese,Scotch eggs",2023-01-30,14:26:08,completed,21.71
1555,1066,18,"Pizza,Fish and chips,Cheeseburger",2022-01-05,08:01:07,completed,16.77
1556,141,24,Chilli con carne,2020-03-04,13:54:16,completed,4.88
1557,873,22,"Cheeseburger,Caesar Salad",2020-09-26,09:55:32,completed,13.56
1558,2929,2,Pizza,2020-06-02,20:01:08,completed,4.66
1559,280,18,"Salmon nigiri,Mushroom Risotto",2020-10-24,20:40:45,completed,15.91
1560,2011,24,Linguine with clams,2022-11-10,18:18:57,completed,4.57
1561,2404,19,Teriyaki Chicken donburi,2020-04-27,11:06:24,completed,6.77
1562,1362,21,Chicken wings,2021-04-20,08:31:30,completed,6.05
1563,2680,22,Mushroom Risotto,2025-09-25,07:03:52,completed,8.74
1564,332,12,"Caprese Salad,Bruschette with Tomato,California maki,Scotch eggs",2022-10-17,08:31:52,completed,31.51
1565,545,28,Barbecue Ribs,2024-08-04,22:09:04,cancelled,7.74
1566,695,17,Caprese Salad,2020-06-08,08:29:28,completed,4.58
1567,2903,3,Pizza,2022-12-12,18:35:23,pending,7.0
1568,2278,4,Philadelphia maki,2021-03-29,09:02:12,cancelled,8.01
1569,2002,3,Pork belly buns,2024-03-10,08:43:24,completed,8.74
1570,790,22,"Lasagne,Ebiten maki",2021-09-04,06:16:19,pending,12.76
1571,2092,21,"Souvlaki,Mushroom Risotto,Katsu Curry",2024-11-09,10:24:37,pending,13.87
1572,2385,27,"Vegetable Soup,Fettuccine Alfredo,Scotch eggs,Pizza,Chicken Fajitas",2021-03-05,18:59:16,completed,34.27
1573,2919,5,"Mushroom Risotto,Teriyaki Chicken donburi",2020-12-16,20:37:25,completed,14.24
1574,2327,27,Bruschette with Tomato,2021-11-19,16:27:18,completed,5.38
1575,2527,19,Chilli con carne,2023-01-08,13:40:13,completed,5.29
1576,1850,8,Risotto with seafood,2023-04-24,16:19:50,pending,4.25
1577,1934,22,"Pork sausage roll,Chicken milanese,Chicken wings",2023-09-06,13:32:50,completed,21.78
1578,1271,21,"Pork belly buns,Meatballs with sauce",2024-12-08,22:15:12,completed,12.73
1579,2620,25,"Teriyaki Chicken donburi,Ebiten maki,Linguine with clams,Chilli con carne",2022-07-31,06:17:45,completed,21.53
1580,384,28,Salmon nigiri,2022-04-01,15:18:34,completed,4.51
1581,527,5,"Cheeseburger,Chicken wings",2023-12-08,10:48:46,completed,13.19
1582,573,18,Philadelphia maki,2025-06-23,13:08:40,completed,8.96
1583,321,10,"Barbecue Ribs,Chicken milanese",2024-07-15,13:38:25,completed,10.41
1584,2532,22,"Pizza,Philadelphia maki,Cheeseburger",2021-08-10,18:17:58,completed,21.35
1585,1714,20,Scotch eggs,2022-04-07,06:02:01,completed,5.57
1586,2729,3,Barbecue Ribs,2023-07-01,16:17:49,completed,4.23
1587,2523,15,Linguine with clams,2022-12-20,07:56:40,completed,4.75
1588,258,6,Caprese Salad,2022-05-24,18:58:09,completed,6.59
1589,2419,22,"Mushroom Risotto,Califlower penne,Tuna sashimi,Chicken Fajitas,Pasta Carbonara",2025-06-06,16:56:04,completed,26.8
1590,1594,12,Souvlaki,2020-12-01,12:13:01,completed,8.36
1591,452,27,"Chicken milanese,Bruschette with Tomato,Fettuccine Alfredo,Bruschette with Tomato",2021-10-26,16:34:02,completed,27.36
1592,2926,12,"Chicken Fajitas,Fish and chips",2023-01-28,18:35:41,completed,15.85
1593,2424,25,"Caprese Salad,Tiramisù",2021-01-28,11:31:08,completed,16.42
1594,1689,30,Pork sausage roll,2025-07-22,07:47:26,completed,8.48
1595,2131,21,"Pork sausage roll,Chilli con carne",2024-05-07,14:51:31,completed,14.54
1596,2536,26,Cheeseburger,2024-06-13,12:16:25,pending,6.66
1597,2183,4,"Pasta Carbonara,Ebiten maki",2020-05-23,22:51:19,pending,15.5
1598,1598,5,Cheeseburger,2021-04-01,18:25:03,completed,4.33
1599,1797,30,Barbecue Ribs,2023-01-06,09:48:42,completed,5.77
1600,554,13,"Caesar Salad,Caprese Salad,Fish and chips,Risotto with seafood",2024-11-03,19:33:39,completed,28.59
1601,698,12,"Chicken wings,Tuna sashimi,Chicken wings,Pork belly buns,Philadelphia maki",2020-10-25,17:13:10,completed,29.48
1602,613,25,Fettuccine Alfredo,2021-02-22,07:05:01,completed,6.03
1603,746,24,Souvlaki,2023-05-25,20:35:18,pending,8.41
1604,1922,23,"Califlower penne,Barbecue Ribs,Pork belly buns,Tiramisù",2022-05-10,16:13:14,completed,25.79
1605,688,8,"Mushroom Risotto,Risotto with seafood,Ricotta stuffed Ravioli",2020-02-14,19:03:05,completed,14.91
1606,3,12,"Ebiten maki,Pork belly buns,Tiramisù",2022-12-30,16:10:42,completed,18.73
1607,1312,29,Tuna sashimi,2025-05-28,21:25:19,completed,4.06
1608,1716,23,Chicken milanese,2021-11-24,14:12:33,completed,5.94
1609,506,18,"Bruschette with Tomato,Pork sausage roll,Pork belly buns,Chicken Fajitas",2020-06-17,21:04:28,pending,28.8
1610,2195,18,French fries with sausages,2025-08-22,09:30:31,completed,4.24
1611,350,2,Cheeseburger,2023-01-31,16:23:03,completed,8.93
1612,573,19,"Barbecue Ribs,Califlower penne,Tiramisù",2023-06-21,13:47:15,completed,20.34
1613,1778,1,"Fettuccine Alfredo,California maki",2024-01-06,17:04:41,completed,13.41
1614,1849,18,"Barbecue Ribs,Tiramisù,Tiramisù",2020-09-07,21:52:12,completed,22.21
1615,2619,11,Pasta with Tomato and Basil,2022-07-24,22:35:05,completed,4.6
1616,833,3,Vegetable Soup,2023-05-22,09:36:57,completed,8.37
1617,712,20,Chicken wings,2023-07-21,12:13:17,completed,4.81
1618,2931,23,Caesar Salad,2022-05-03,08:35:58,completed,5.28
1619,678,17,"Scotch eggs,Pork sausage roll,Katsu Curry",2021-06-20,14:02:01,completed,14.81
1620,1861,15,"Caprese Salad,Linguine with clams",2021-11-20,16:12:57,completed,13.81
1621,190,29,"Chicken wings,Pasta Carbonara,Vegetable Soup",2024-09-04,22:31:10,completed,16.66
1622,1363,23,Chicken milanese,2021-05-17,12:44:01,completed,4.08
1623,1563,6,"Souvlaki,Pappardelle alla Bolognese,Caesar Salad",2020-08-07,07:44:54,completed,16.46
1624,897,27,Pasta and Beans,2020-01-11,22:42:49,completed,6.68
1625,1022,16,Mushroom Risotto,2023-09-21,21:13:40,pending,7.43
1626,2523,29,"California maki,Vegetable Soup",2025-05-13,13:00:25,completed,15.75
1627,614,26,"Pappardelle alla Bolognese,Chicken Fajitas",2022-01-06,14:12:56,completed,13.2
1628,734,9,"Chicken Fajitas,Scotch eggs,Tuna sashimi,Pork sausage roll",2022-09-07,21:32:43,completed,21.5
1629,1500,16,Vegetable Soup,2021-12-19,10:04:41,completed,5.74
1630,763,28,"Barbecue Ribs,Philadelphia maki,Califlower penne,Risotto with seafood,Cheeseburger",2024-11-16,17:12:55,cancelled,35.5
1631,2021,2,French fries with sausages,2021-08-31,17:26:35,completed,5.2
1632,898,10,Philadelphia maki,2024-07-16,14:26:46,completed,4.58
1633,2494,6,Caesar Salad,2020-09-24,08:41:45,completed,6.81
1634,1308,20,Ricotta stuffed Ravioli,2022-08-03,08:33:27,completed,4.71
1635,1899,17,Souvlaki,2022-04-13,14:26:47,cancelled,6.04
1636,1466,11,Ebiten maki,2025-07-04,17:24:08,completed,5.46
1637,2519,20,"Philadelphia maki,Ricotta stuffed Ravioli",2022-02-12,13:09:29,completed,14.59
1638,451,16,Ebiten maki,2021-11-02,14:00:08,cancelled,7.39
1639,399,4,Cheeseburger,2024-04-05,09:44:26,completed,6.26
1640,130,9,Pasta and Beans,2023-12-15,17:41:02,pending,8.68
1641,1211,20,"Barbecue Ribs,Fettuccine Alfredo",2025-09-15,13:35:16,completed,14.05
1642,2058,5,Teriyaki Chicken donburi,2025-01-17,14:40:29,completed,6.67
1643,1608,9,Pork belly buns,2024-04-15,14:05:37,completed,5.31
1644,2039,25,"Pappardelle alla Bolognese,Ebiten maki,Fish and chips",2023-06-20,21:43:27,completed,21.01
1645,1037,3,Ebiten maki,2021-09-05,17:32:02,completed,5.25
1646,1982,20,"Risotto with seafood,Bruschette with Tomato",2021-06-04,15:59:47,completed,10.95
1647,1699,5,Pork belly buns,2023-12-17,08:12:20,completed,4.52
1648,1551,23,"Barbecue Ribs,Teriyaki Chicken donburi",2020-11-29,06:35:58,completed,9.54
1649,118,11,"Califlower penne,Cheeseburger,Salmon nigiri",2020-02-12,14:35:01,completed,18.23
1650,2595,30,"Chicken wings,Caesar Salad",2021-07-14,15:21:38,completed,15.61
1651,2625,8,Philadelphia maki,2023-07-29,20:31:16,completed,6.44
1652,307,16,Pork belly buns,2023-01-10,07:32:14,completed,4.79
1653,2657,1,Mushroom Risotto,2025-06-20,11:49:08,completed,4.42
1654,827,25,"French fries with sausages,Pizza,Pork sausage roll,Pizza,Lasagne",2023-11-28,09:08:28,completed,32.97
1655,1654,30,"Philadelphia maki,California maki,Fettuccine Alfredo,Califlower penne,Souvlaki",2024-07-30,11:26:07,completed,32.03
1656,1179,23,"Mushroom Risotto,Pork sausage roll",2020-08-04,10:26:24,completed,10.74
1657,1538,30,Cheeseburger,2023-05-17,22:43:38,completed,7.99
1658,745,1,Vegetable Soup,2021-07-26,10:27:12,completed,5.7
1659,2892,29,"Philadelphia maki,Pappardelle alla Bolognese",2020-02-22,19:43:58,completed,11.95
1660,2454,6,Vegetable Soup,2025-03-10,14:55:12,cancelled,5.86
1661,2935,18,Meatballs with sauce,2022-05-31,09:42:33,completed,5.46
1662,1934,10,"Pappardelle alla Bolognese,Tiramisù,French fries with sausages,Fish and chips",2023-05-18,20:31:01,completed,29.53
1663,2520,7,Pappardelle alla Bolognese,2020-01-22,07:13:17,completed,4.79
1664,2522,4,"Bruschette with Tomato,Risotto with seafood,Chicken Fajitas,Tiramisù",2021-12-30,13:45:27,completed,24.55
1665,312,3,"Fettuccine Alfredo,Philadelphia maki,Teriyaki Chicken donburi",2023-12-07,18:05:22,completed,17.7
1666,617,1,"Salmon nigiri,Chicken wings",2024-09-06,21:20:38,pending,10.62
1667,625,10,Lasagne,2020-08-18,11:07:40,completed,4.21
1668,953,16,Philadelphia maki,2023-03-23,10:59:41,cancelled,8.85
1669,2579,17,Vegetable Soup,2024-06-13,21:44:44,cancelled,8.75
1670,529,29,"Fettuccine Alfredo,Pork sausage roll",2022-12-03,11:29:20,completed,12.99
1671,749,18,"Fettuccine Alfredo,Meatballs with sauce,Califlower penne,Fettuccine Alfredo",2021-06-15,08:20:47,completed,25.39
1672,1271,26,"Pasta with Tomato and Basil,Chicken milanese",2021-08-13,11:56:06,completed,13.72
1673,1805,17,Souvlaki,2025-04-21,12:33:21,pending,7.02
1674,282,27,"Caesar Salad,Pork sausage roll,Katsu Curry,Souvlaki",2023-10-03,15:57:39,completed,23.01
1675,440,23,Chicken milanese,2024-10-23,13:00:20,completed,5.94
1676,418,16,Pork sausage roll,2024-04-05,19:29:40,completed,7.45
1677,2855,2,"Pizza,Chilli con carne,Pasta with Tomato and Basil",2021-01-19,20:31:00,completed,25.38
1678,2004,25,Ricotta stuffed Ravioli,2022-02-24,18:48:09,completed,6.83
1679,2914,24,"Ricotta stuffed Ravioli,Ebiten maki",2020-05-04,18:39:21,completed,10.95
1680,2999,28,Chicken Fajitas,2024-07-20,11:09:05,completed,6.2
1681,2256,7,Tuna sashimi,2021-02-22,12:57:11,completed,6.16
1682,2083,6,Chicken wings,2022-10-25,10:57:48,completed,5.82
1683,2976,19,"Fish and chips,Califlower penne,Katsu Curry",2025-04-05,07:25:16,completed,17.61
1684,821,14,Chicken wings,2020-05-21,13:12:19,completed,6.3
1685,296,8,Risotto with seafood,2025-03-13,08:19:23,completed,5.21
1686,2312,21,Linguine with clams,2021-06-30,08:38:47,completed,4.52
1687,2379,5,Barbecue Ribs,2024-08-17,20:02:19,completed,7.45
1688,2819,15,"Pasta and Beans,French fries with sausages",2024-09-14,11:39:44,completed,12.9
1689,2200,23,French fries with sausages,2020-01-31,22:49:58,completed,7.95
1690,2263,15,Chilli con carne,2021-05-20,09:51:42,completed,5.07
1691,2612,14,"French fries with sausages,Fettuccine Alfredo,Linguine with clams,Teriyaki Chicken donburi",2021-12-30,10:59:24,completed,24.27
1692,2596,3,"Scotch eggs,Califlower penne,Cheeseburger,Lasagne",2021-07-04,13:49:52,completed,22.06
1693,1940,22,"Pasta and Beans,Vegetable Soup",2025-07-05,22:28:09,pending,14.17
1694,634,18,Caesar Salad,2021-10-30,22:18:26,completed,5.3
1695,1689,18,"Risotto with seafood,Scotch eggs,Tiramisù",2023-04-08,11:49:23,completed,21.62
1696,242,23,Barbecue Ribs,2022-11-11,11:01:40,completed,8.36
1697,1005,27,"Chicken wings,French fries with sausages,Pasta Carbonara",2020-09-17,12:37:08,completed,17.88
1698,2318,29,Cheeseburger,2023-05-02,09:57:29,completed,7.51
1699,2842,7,Pasta and Beans,2024-07-17,06:26:27,completed,8.24
1700,62,25,Lasagne,2021-07-17,07:29:48,completed,8.45
1701,2483,24,"Souvlaki,Meatballs with sauce",2024-12-21,14:08:08,completed,16.4
1702,2582,8,"Philadelphia maki,Califlower penne",2020-08-13,21:05:31,completed,13.22
1703,1003,26,Mushroom Risotto,2025-08-25,22:57:00,completed,8.6
1704,1867,30,"Pizza,Philadelphia maki,Pork sausage roll,Scotch eggs",2022-08-28,10:18:07,pending,23.95
1705,1010,17,"Lasagne,California maki",2020-07-21,08:56:03,pending,15.36
1706,2007,8,Ebiten maki,2021-08-24,19:38:37,completed,8.0
1707,1425,7,"Chicken Fajitas,Barbecue Ribs",2022-11-25,20:20:16,pending,12.92
1708,2120,17,Teriyaki Chicken donburi,2023-12-21,07:42:02,completed,7.54
1709,390,19,"French fries with sausages,Barbecue Ribs,Pasta Carbonara",2022-05-01,20:59:02,completed,22.06
1710,2081,26,Pasta Carbonara,2023-02-07,07:22:56,completed,6.73
1711,2608,16,Salmon nigiri,2024-05-24,09:31:14,completed,7.89
1712,2149,18,"Ricotta stuffed Ravioli,Vegetable Soup,Bruschette with Tomato",2022-04-19,13:37:26,completed,25.55
1713,2958,19,"Caesar Salad,Chicken Fajitas,Meatballs with sauce,Chicken milanese",2024-04-11,16:10:25,completed,23.73
1714,2061,28,"Chicken Fajitas,Pizza",2021-05-11,08:08:09,pending,12.13
1715,2639,14,Chicken wings,2021-11-11,14:02:39,completed,7.82
1716,1314,25,"Meatballs with sauce,Katsu Curry",2021-08-14,09:45:42,completed,12.94
1717,1878,28,Katsu Curry,2020-09-20,16:28:36,completed,7.53
1718,1397,27,"Philadelphia maki,Pizza,Fettuccine Alfredo,Risotto with seafood",2020-04-30,06:10:46,completed,25.84
1719,93,25,Barbecue Ribs,2024-02-26,11:40:15,completed,5.37
1720,2392,20,"Tuna sashimi,Meatballs with sauce,French fries with sausages",2024-08-20,18:24:06,completed,19.86
1721,53,11,Tuna sashimi,2021-11-04,07:53:52,completed,8.21
1722,1947,2,"Linguine with clams,Pizza",2023-05-30,11:15:10,completed,10.05
1723,1711,13,Pasta and Beans,2025-04-04,22:52:21,completed,5.34
1724,1260,8,Vegetable Soup,2022-06-10,08:56:57,completed,5.48
1725,41,16,"Katsu Curry,Caprese Salad,Lasagne",2022-01-18,09:21:16,completed,19.54
1726,448,21,Fettuccine Alfredo,2020-08-12,14:44:07,completed,6.66
1727,914,30,Tiramisù,2020-05-29,13:10:07,completed,6.2
1728,802,21,"Ebiten maki,Ricotta stuffed Ravioli,Pizza,Risotto with seafood",2024-09-23,08:19:15,completed,28.41
1729,2675,20,"Vegetable Soup,Pork belly buns",2022-01-07,09:23:00,pending,12.53
1730,1177,29,Pasta and Beans,2022-01-28,13:49:33,completed,8.35
1731,2440,30,Meatballs with sauce,2025-09-14,22:11:53,pending,7.83
1732,880,1,Souvlaki,2025-02-03,16:34:29,completed,8.39
1733,2654,30,Pizza,2025-02-28,18:38:23,pending,4.39
1734,1339,24,"Risotto with seafood,Linguine with clams",2021-01-28,18:21:49,completed,10.76
1735,234,12,"Mushroom Risotto,Ricotta stuffed Ravioli",2020-04-29,20:46:47,completed,9.54
1736,1259,15,Pasta with Tomato and Basil,2020-06-24,07:16:33,completed,7.49
1737,1570,27,"Chicken Fajitas,Souvlaki,Souvlaki",2022-06-02,19:49:00,completed,19.87
1738,1236,17,"Pork sausage roll,Pork belly buns",2021-04-22,13:22:53,completed,12.04
1739,1185,25,Cheeseburger,2020-12-15,06:28:42,completed,6.66
1740,2747,13,"Pork sausage roll,Risotto with seafood,Pasta and Beans,Barbecue Ribs,Barbecue Ribs",2020-08-08,13:47:30,pending,31.12
1741,1322,23,Scotch eggs,2021-12-24,11:38:49,completed,5.53
1742,2411,12,Meatballs with sauce,2025-08-07,18:38:58,completed,8.82
1743,2322,17,"Caprese Salad,California maki,Philadelphia maki,Tiramisù",2025-03-14,07:56:45,completed,24.12
1744,2510,5,"Bruschette with Tomato,Philadelphia maki,Vegetable Soup,Teriyaki Chicken donburi,Pasta with Tomato and Basil",2024-11-19,10:21:26,pending,31.5
1745,1982,11,"Risotto with seafood,Fish and chips,Fettuccine Alfredo",2022-12-31,15:22:53,completed,19.36
1746,1469,2,"Salmon nigiri,Pork sausage roll,Meatballs with sauce,Vegetable Soup",2024-06-28,10:08:31,completed,24.7
1747,45,13,"Ebiten maki,Fettuccine Alfredo,Vegetable Soup",2020-10-15,14:22:48,completed,21.49
1748,1572,24,"Mushroom Risotto,Risotto with seafood",2025-03-09,14:35:10,completed,12.8
1749,2489,30,"Caprese Salad,California maki,Philadelphia maki",2020-03-24,14:53:35,pending,20.21
1750,1247,4,"Pork sausage roll,Philadelphia maki,Tuna sashimi,Philadelphia maki",2022-10-13,09:22:03,completed,26.82
1751,833,6,"Tuna sashimi,Barbecue Ribs,Pasta with Tomato and Basil",2020-04-17,22:39:43,completed,18.01
1752,1700,7,"Pizza,Pasta and Beans,Pork belly buns,Pasta and Beans",2024-11-09,17:14:02,pending,25.02
1753,1388,6,"Tuna sashimi,Califlower penne",2022-02-09,16:20:23,completed,16.88
1754,734,27,Mushroom Risotto,2020-05-07,07:19:32,completed,8.68
1755,2638,19,"Pasta and Beans,Fettuccine Alfredo,California maki,Pork sausage roll",2020-08-17,21:32:39,cancelled,25.49
1756,1467,24,"Fettuccine Alfredo,Mushroom Risotto",2024-05-27,14:08:11,pending,11.56
1757,2047,25,"Mushroom Risotto,Barbecue Ribs,Linguine with clams,Pasta Carbonara,Caprese Salad",2025-10-02,16:11:30,completed,32.48
1758,1482,29,Lasagne,2025-08-21,20:18:18,completed,6.68
1759,2817,6,"Salmon nigiri,Linguine with clams",2021-05-23,11:13:43,completed,14.04
1760,2039,21,Pasta with Tomato and Basil,2022-05-16,19:16:42,completed,7.0
1761,257,24,Meatballs with sauce,2022-06-23,08:00:21,completed,5.49
1762,1953,29,Califlower penne,2023-03-28,07:01:34,completed,4.34
1763,1826,14,"Lasagne,Caprese Salad",2023-08-11,06:05:54,pending,11.1
1764,389,23,Meatballs with sauce,2024-08-10,22:42:14,completed,5.74
1765,2523,23,"Teriyaki Chicken donburi,Meatballs with sauce,Meatballs with sauce",2024-12-30,09:49:27,completed,15.9
1766,153,16,"Chicken milanese,Tiramisù",2022-12-12,09:35:11,completed,14.54
1767,1611,16,"Barbecue Ribs,Salmon nigiri,Pappardelle alla Bolognese",2020-09-20,08:05:31,completed,17.29
1768,2202,4,Linguine with clams,2022-09-25,17:44:28,completed,6.49
1769,1191,21,"Fish and chips,Ricotta stuffed Ravioli",2025-01-12,20:35:30,completed,12.43
1770,1836,23,Scotch eggs,2023-03-09,12:39:26,completed,6.17
1771,2634,12,California maki,2024-10-09,13:19:25,completed,6.38
1772,511,1,California maki,2020-02-04,17:43:20,completed,6.4
1773,1389,19,"Fish and chips,Souvlaki,Salmon nigiri,Cheeseburger,Bruschette with Tomato",2022-12-12,17:53:20,completed,33.62
1774,1568,11,Pork sausage roll,2022-07-16,21:55:59,pending,8.15
1775,763,21,California maki,2024-05-24,22:13:43,completed,7.14
1776,1674,8,"Pasta Carbonara,Cheeseburger",2020-06-15,18:08:21,completed,10.95
1777,1760,3,Bruschette with Tomato,2023-05-02,09:02:30,completed,7.34
1778,1019,4,"Pork sausage roll,Tuna sashimi",2021-05-05,08:45:41,completed,15.49
1779,1204,4,Cheeseburger,2022-07-23,21:20:25,completed,4.24
1780,1424,6,Meatballs with sauce,2020-05-29,16:35:44,completed,7.12
1781,2845,29,"Tiramisù,Vegetable Soup",2022-04-27,12:52:08,completed,12.05
1782,269,15,"Barbecue Ribs,Pasta Carbonara",2022-05-22,12:30:35,completed,10.13
1783,1716,16,Ebiten maki,2020-04-23,12:18:21,pending,7.36
1784,2238,14,Risotto with seafood,2024-04-01,08:25:55,completed,5.58
1785,176,27,"Tiramisù,Chilli con carne,Califlower penne",2022-10-01,14:28:55,completed,21.61
1786,1486,25,Caprese Salad,2022-08-08,21:42:56,completed,7.01
1787,2830,12,Barbecue Ribs,2025-04-04,20:56:26,completed,6.58
1788,289,18,Pork belly buns,2020-06-13,15:38:32,pending,7.4
1789,710,8,"Fish and chips,Bruschette with Tomato,Salmon nigiri",2024-11-30,10:15:37,completed,18.54
1790,1099,24,"Chilli con carne,Caesar Salad,Pork belly buns,Ricotta stuffed Ravioli",2021-07-11,17:19:47,pending,30.41
1791,129,18,"Lasagne,Califlower penne,Pasta Carbonara",2022-08-30,20:47:39,completed,22.83
1792,2607,19,Cheeseburger,2022-05-20,20:20:18,completed,4.03
1793,1726,25,"Risotto with seafood,Chicken Fajitas",2021-01-19,18:39:58,pending,15.51
1794,166,7,"Philadelphia maki,Ricotta stuffed Ravioli,Pasta Carbonara,Bruschette with Tomato,Pork sausage roll",2024-01-13,06:01:12,completed,31.6
1795,2453,15,Linguine with clams,2020-06-14,08:12:10,pending,8.0
1796,192,2,"Chicken Fajitas,French fries with sausages,Caesar Salad",2023-07-13,11:09:39,completed,16.79
1797,463,12,"Pappardelle alla Bolognese,Ricotta stuffed Ravioli,Chilli con carne",2021-01-28,18:15:32,completed,18.89
1798,2148,13,"Risotto with seafood,Chicken milanese",2025-06-10,21:55:13,completed,14.32
1799,2990,19,Pasta and Beans,2023-11-07,09:49:58,completed,5.9
1800,2059,3,"Souvlaki,Katsu Curry,Chicken milanese,Pasta with Tomato and Basil",2022-03-31,20:41:52,completed,29.57
1801,1469,18,"Chicken milanese,Mushroom Risotto",2022-09-21,08:54:18,completed,10.66
1802,359,18,"Caesar Salad,Fettuccine Alfredo",2020-07-24,09:10:13,completed,11.37
1803,2662,28,"Chicken wings,California maki",2021-05-29,14:36:12,completed,12.39
1804,2932,23,Chicken milanese,2021-09-06,07:38:35,completed,5.64
1805,468,4,"Caprese Salad,Risotto with seafood,Fish and chips",2023-06-15,11:20:07,completed,18.44
1806,2114,12,Chicken wings,2020-10-01,09:31:22,completed,5.99
1807,1949,8,"Lasagne,Caesar Salad,Fettuccine Alfredo,California maki",2022-05-03,13:11:27,completed,24.92
1808,2555,29,Tiramisù,2025-04-27,14:04:02,completed,7.76
1809,2494,30,"Fish and chips,Philadelphia maki",2023-12-30,07:29:28,completed,13.0
1810,2575,6,Chicken milanese,2025-04-24,07:15:54,completed,5.91
1811,238,3,"Califlower penne,Pizza",2024-09-06,15:55:15,completed,12.4
1812,1416,21,Caesar Salad,2024-01-31,21:25:13,completed,5.57
1813,2399,30,Fettuccine Alfredo,2022-08-23,21:00:16,pending,6.4
1814,83,20,"Linguine with clams,Chilli con carne",2023-10-31,20:57:40,completed,13.93
1815,467,19,Cheeseburger,2025-05-11,19:39:57,completed,5.48
1816,2690,8,"Fish and chips,Ebiten maki",2023-12-30,15:50:31,completed,10.49
1817,2401,6,Teriyaki Chicken donburi,2022-09-18,10:55:37,completed,7.3
1818,2010,24,Bruschette with Tomato,2023-05-10,18:07:57,completed,8.98
1819,1655,24,Teriyaki Chicken donburi,2022-06-14,19:22:06,completed,7.43
1820,2020,21,Ricotta stuffed Ravioli,2025-01-17,12:04:52,completed,6.83
1821,1103,16,"Caesar Salad,Pork sausage roll",2023-03-17,07:08:01,completed,11.88
1822,87,14,"Salmon nigiri,Linguine with clams,Pasta Carbonara,Chicken milanese,Mushroom Risotto",2025-01-28,21:27:53,completed,36.42
1823,880,30,"Linguine with clams,Bruschette with Tomato,Barbecue Ribs,Bruschette with Tomato",2024-11-05,06:11:39,completed,28.11
1824,198,6,Tuna sashimi,2023-05-13,06:19:39,completed,7.11
1825,812,12,California maki,2022-08-30,17:16:17,completed,5.1
1826,1034,30,"Cheeseburger,Bruschette with Tomato",2025-08-11,15:28:46,cancelled,10.65
1827,1322,12,Pizza,2024-10-17,17:14:37,completed,7.65
1828,2420,3,"Fettuccine Alfredo,Teriyaki Chicken donburi",2022-01-24,11:13:17,completed,15.74
1829,1704,20,"Barbecue Ribs,Bruschette with Tomato",2021-10-05,10:58:05,pending,12.33
1830,2222,7,Teriyaki Chicken donburi,2021-05-30,19:42:24,completed,5.89
1831,2811,15,"Salmon nigiri,Pasta Carbonara",2021-04-30,10:57:29,pending,14.96
1832,2702,6,"Fish and chips,Pasta Carbonara,Philadelphia maki",2024-03-23,06:28:03,pending,17.23
1833,2443,3,Pappardelle alla Bolognese,2020-05-02,08:59:07,pending,8.11
1834,2006,7,"Bruschette with Tomato,Ricotta stuffed Ravioli",2022-03-29,17:48:38,completed,11.77
1835,2856,5,Califlower penne,2024-06-18,14:03:08,completed,7.89
1836,1049,22,Caesar Salad,2024-01-29,11:07:48,completed,6.09
1837,717,4,Souvlaki,2020-01-03,21:30:28,completed,8.05
1838,1617,4,Bruschette with Tomato,2022-04-14,20:17:44,completed,4.95
1839,2818,21,"Pizza,Tiramisù,Califlower penne",2024-03-22,19:15:56,completed,21.54
1840,2601,23,Risotto with seafood,2022-12-06,16:12:00,completed,4.9
1841,1229,7,Ebiten maki,2023-10-03,14:10:09,completed,4.22
1842,2036,21,Lasagne,2024-11-16,10:49:49,completed,8.04
1843,188,23,Caprese Salad,2023-08-13,12:00:05,cancelled,8.2
1844,310,6,"Katsu Curry,Chicken Fajitas,Philadelphia maki",2024-05-06,17:47:04,completed,22.5
1845,1520,18,"Mushroom Risotto,Califlower penne,Pasta with Tomato and Basil",2023-11-23,18:04:54,cancelled,21.08
1846,891,22,Scotch eggs,2020-11-08,20:47:23,completed,5.3
1847,93,21,Caprese Salad,2022-07-03,10:08:07,completed,7.44
1848,346,6,"Chicken Fajitas,Chicken wings",2024-10-26,17:24:46,cancelled,13.53
1849,951,20,Mushroom Risotto,2021-09-05,22:30:45,completed,8.26
1850,1650,1,Souvlaki,2020-02-22,14:30:06,pending,5.85
1851,1120,7,Pork belly buns,2020-03-30,21:08:13,completed,6.43
1852,2068,13,"California maki,Chicken milanese,Linguine with clams",2025-03-16,16:48:02,completed,18.41
1853,2421,21,"Chicken milanese,Cheeseburger",2021-04-06,13:41:07,completed,14.25
1854,1705,30,Ricotta stuffed Ravioli,2025-05-23,20:26:36,completed,6.9
1855,913,7,"Tuna sashimi,Fish and chips,Fettuccine Alfredo,Meatballs with sauce",2022-01-17,20:35:01,completed,25.21
1856,440,22,"Pasta Carbonara,Tuna sashimi,Linguine with clams,Pasta Carbonara",2022-03-26,06:07:51,completed,22.72
1857,1469,11,California maki,2024-10-08,19:39:45,completed,6.63
1858,2153,28,French fries with sausages,2023-04-22,15:45:48,completed,4.01
1859,2540,10,"Mushroom Risotto,Pork sausage roll",2023-03-27,21:17:35,pending,9.43
1860,2058,23,"Chicken wings,Meatballs with sauce",2020-02-01,19:49:28,pending,15.06
1861,2383,3,California maki,2022-05-04,17:56:06,completed,5.94
1862,352,20,Barbecue Ribs,2020-01-26,06:32:39,cancelled,8.97
1863,2191,2,Califlower penne,2023-06-12,19:51:06,completed,5.48
1864,2960,29,Chicken wings,2021-07-25,08:01:43,completed,7.96
1865,2776,23,French fries with sausages,2020-07-23,13:21:55,completed,6.35
1866,1938,24,Caprese Salad,2021-01-30,08:31:40,completed,6.76
1867,2718,17,Katsu Curry,2020-07-12,11:33:13,completed,7.06
1868,2195,8,"Barbecue Ribs,Tuna sashimi,Ricotta stuffed Ravioli",2024-07-29,20:49:50,completed,17.6
1869,2401,28,Ebiten maki,2025-07-31,08:49:06,completed,8.27
1870,21,13,Vegetable Soup,2025-02-22,20:31:39,completed,8.05
1871,590,6,Ebiten maki,2020-07-04,20:57:11,completed,4.66
1872,234,16,Meatballs with sauce,2025-09-23,22:57:14,completed,4.38
1873,2804,23,"Chicken milanese,Califlower penne",2024-06-12,15:21:53,completed,13.06
1874,2221,24,Pizza,2020-11-13,08:00:27,completed,6.59
1875,2147,30,Pasta and Beans,2022-05-06,06:26:42,completed,8.04
1876,2127,23,"Ricotta stuffed Ravioli,Ricotta stuffed Ravioli",2022-06-05,20:00:05,completed,12.88
1877,2414,4,"Philadelphia maki,Teriyaki Chicken donburi,Fish and chips,Philadelphia maki",2023-02-01,17:47:20,completed,27.41
1878,1431,18,"Pasta and Beans,California maki,Pappardelle alla Bolognese",2020-10-12,15:53:10,completed,25.78
1879,957,18,Souvlaki,2021-11-23,18:24:24,pending,6.5
1880,334,11,"Salmon nigiri,Teriyaki Chicken donburi,Pork sausage roll",2020-07-16,18:11:14,pending,21.71
1881,1835,1,Pasta with Tomato and Basil,2021-11-02,16:58:48,completed,5.3
1882,1047,30,"Philadelphia maki,Souvlaki",2020-05-29,10:50:52,completed,12.52
1883,928,24,"Vegetable Soup,Pappardelle alla Bolognese,Souvlaki",2021-12-16,13:06:04,completed,16.08
1884,2119,21,Meatballs with sauce,2024-03-13,06:55:37,pending,5.86
1885,219,12,Ricotta stuffed Ravioli,2025-07-26,12:25:53,completed,4.91
1886,732,30,"Scotch eggs,Chilli con carne",2024-12-06,13:31:15,completed,12.68
1887,557,2,Risotto with seafood,2024-08-26,08:16:34,pending,8.68
1888,1182,7,Caesar Salad,2020-05-13,13:12:36,completed,7.78
1889,1945,21,California maki,2023-04-11,11:01:14,completed,8.34
1890,1303,3,Chicken Fajitas,2022-07-23,19:14:48,completed,4.5
1891,1793,24,"Mushroom Risotto,Chilli con carne",2025-02-22,14:01:44,completed,13.66
1892,43,20,"Fish and chips,Chicken milanese",2024-08-18,14:26:59,completed,11.1
1893,147,29,"Pasta with Tomato and Basil,Linguine with clams",2022-08-29,19:09:34,completed,13.96
1894,305,25,"Fettuccine Alfredo,Lasagne",2022-09-30,19:07:10,completed,11.41
1895,1245,6,"Bruschette with Tomato,Ebiten maki,Califlower penne",2025-01-07,17:29:44,pending,17.81
1896,181,18,Chicken Fajitas,2020-05-27,11:18:49,cancelled,6.66
1897,2481,16,French fries with sausages,2020-08-27,11:25:15,pending,4.33
1898,2685,27,Philadelphia maki,2022-08-20,07:30:39,completed,5.3
1899,2878,25,"Pappardelle alla Bolognese,Pizza",2020-03-17,07:45:48,completed,11.04
1900,2771,26,"Pork sausage roll,Pasta with Tomato and Basil,Pasta and Beans",2021-11-28,17:38:45,completed,21.75
1901,1,10,"Califlower penne,Caesar Salad",2022-07-22,15:58:57,cancelled,10.69
1902,1138,15,Teriyaki Chicken donburi,2022-10-20,09:28:19,completed,8.18
1903,1200,8,"Chicken Fajitas,French fries with sausages,California maki",2020-09-02,17:34:23,completed,18.64
1904,914,30,"Pasta with Tomato and Basil,Mushroom Risotto",2022-06-14,12:29:43,completed,12.12
1905,534,2,California maki,2021-07-30,19:35:30,completed,6.59
1906,2879,3,"Ricotta stuffed Ravioli,Cheeseburger",2020-02-29,20:01:53,completed,17.1
1907,2386,23,Cheeseburger,2021-02-13,06:52:19,cancelled,4.87
1908,698,19,"Fish and chips,Fettuccine Alfredo,French fries with sausages",2024-01-14,16:18:25,pending,20.16
1909,2475,30,Pork sausage roll,2022-04-14,12:57:24,completed,8.43
1910,991,3,"Lasagne,Caesar Salad,Souvlaki",2023-10-26,18:40:17,completed,23.1
1911,2515,14,Caprese Salad,2021-09-07,14:13:39,completed,8.75
1912,171,3,Pappardelle alla Bolognese,2025-04-29,15:22:49,completed,8.78
1913,1315,15,"Pork sausage roll,Philadelphia maki",2025-10-03,17:26:53,completed,11.21
1914,2155,11,"Barbecue Ribs,Pasta with Tomato and Basil",2024-11-02,12:29:46,completed,13.44
1915,885,9,"Chicken milanese,Linguine with clams,Mushroom Risotto",2023-11-06,19:14:04,pending,23.93
1916,1679,6,"Souvlaki,Vegetable Soup,Pappardelle alla Bolognese,Souvlaki",2022-07-10,10:04:48,completed,26.09
1917,2033,4,Risotto with seafood,2022-04-13,10:20:35,completed,8.17
1918,1479,18,"Caprese Salad,Caprese Salad",2024-07-05,06:38:07,completed,10.97
1919,1764,12,Ebiten maki,2021-11-13,14:18:43,completed,5.48
1920,1084,16,"Ebiten maki,Ebiten maki,Pizza",2024-01-19,16:19:57,completed,20.43
1921,1057,17,Caesar Salad,2023-01-31,21:30:40,completed,4.09
1922,1435,22,"Ebiten maki,Katsu Curry,Ebiten maki",2025-01-13,20:59:24,completed,22.77
1923,651,22,"Souvlaki,Teriyaki Chicken donburi",2023-11-10,13:25:56,completed,14.55
1924,2730,3,"Pappardelle alla Bolognese,Pizza,Bruschette with Tomato,Caesar Salad,Lasagne",2022-10-10,08:38:58,completed,29.79
1925,110,29,"Pork sausage roll,Cheeseburger",2023-10-16,14:46:02,cancelled,11.23
1926,2848,10,Philadelphia maki,2021-08-20,16:41:54,completed,4.43
1927,660,29,Ebiten maki,2022-08-04,07:35:42,pending,7.04
1928,1052,23,Tiramisù,2020-12-15,15:07:45,completed,4.99
1929,1180,20,"Califlower penne,Risotto with seafood,Barbecue Ribs,Pasta with Tomato and Basil,Katsu Curry",2023-03-30,06:42:21,completed,30.01
1930,2585,15,"Lasagne,Chicken milanese",2022-05-03,08:36:58,completed,10.35
1931,1697,21,Vegetable Soup,2020-07-16,10:26:20,completed,4.44
1932,2463,27,"Pork belly buns,Katsu Curry,Lasagne,Chicken milanese,Ricotta stuffed Ravioli",2021-11-16,10:45:14,completed,27.63
1933,1254,4,"Pork belly buns,Pizza,Chilli con carne",2020-07-21,09:52:45,pending,17.33
1934,1573,24,"Ebiten maki,Mushroom Risotto,Bruschette with Tomato,Salmon nigiri",2025-09-19,13:35:56,completed,28.05
1935,2205,26,Pasta Carbonara,2021-01-19,07:17:59,completed,7.06
1936,1304,12,"Pizza,Bruschette with Tomato,Chilli con carne,Mushroom Risotto",2021-08-30,09:02:31,completed,26.56
1937,1914,30,"Chicken Fajitas,Souvlaki,Tiramisù",2024-01-29,11:25:36,completed,17.7
1938,925,19,Teriyaki Chicken donburi,2020-10-10,14:27:51,completed,4.99
1939,1867,25,"California maki,California maki,Ricotta stuffed Ravioli,Califlower penne,Bruschette with Tomato",2020-06-20,18:01:56,pending,33.79
1940,2484,2,"California maki,Pizza",2024-09-19,07:28:19,cancelled,10.26
1941,2540,25,"Ebiten maki,Souvlaki,Teriyaki Chicken donburi,Vegetable Soup,Chicken Fajitas",2024-05-31,19:38:39,completed,34.14
1942,2046,18,"Bruschette with Tomato,Barbecue Ribs,Pasta Carbonara,Cheeseburger",2020-02-14,06:06:13,completed,27.42
1943,2460,9,Pasta with Tomato and Basil,2022-01-19,13:32:51,completed,7.51
1944,1671,16,Tiramisù,2023-07-01,07:28:13,completed,5.27
1945,2284,17,"Pizza,Ebiten maki,Katsu Curry,Fettuccine Alfredo",2024-06-01,13:56:37,completed,25.0
1946,1558,6,Ebiten maki,2024-07-01,14:45:42,pending,6.21
1947,355,3,Meatballs with sauce,2022-02-10,17:35:13,completed,7.34
1948,2290,23,"Pasta Carbonara,Chicken milanese,Pasta with Tomato and Basil,Bruschette with Tomato",2022-12-07,12:49:00,cancelled,34.72
1949,1016,8,Teriyaki Chicken donburi,2023-08-13,18:14:51,completed,7.18
1950,2353,18,"Chicken milanese,Pizza,Lasagne",2022-06-03,12:43:19,completed,18.71
1951,2154,18,"Ebiten maki,Chicken Fajitas,Chilli con carne,Pizza",2023-06-10,13:02:27,pending,25.51
1952,2598,14,Vegetable Soup,2023-06-29,08:58:39,cancelled,4.78
1953,2565,30,"Lasagne,Souvlaki,Chilli con carne,Bruschette with Tomato",2024-02-06,20:11:14,completed,24.48
1954,762,22,Barbecue Ribs,2020-03-26,16:52:23,completed,4.06
1955,800,21,"Vegetable Soup,Ebiten maki,Califlower penne,Lasagne",2023-10-10,08:49:44,completed,29.49
1956,487,9,"Ricotta stuffed Ravioli,Pasta and Beans",2024-06-12,20:40:04,completed,12.2
1957,1720,25,"Chicken wings,Pasta Carbonara,Pasta and Beans,Chilli con carne",2025-04-17,19:01:40,completed,24.23
1958,2802,3,"Katsu Curry,Tiramisù",2021-05-14,17:16:19,completed,14.14
1959,197,25,Ebiten maki,2025-09-07,20:31:49,pending,6.4
1960,231,8,Linguine with clams,2023-08-19,07:35:15,completed,6.16
1961,2363,29,Pork sausage roll,2020-08-29,06:11:01,pending,5.68
1962,2556,24,"Salmon nigiri,Ebiten maki,Fettuccine Alfredo",2020-01-06,06:53:56,completed,23.98
1963,2741,13,"Chicken milanese,French fries with sausages,Chicken wings,Pasta Carbonara,Pasta and Beans",2022-03-26,09:42:41,completed,34.93
1964,772,4,"Souvlaki,Cheeseburger",2022-11-04,20:13:58,completed,16.86
1965,2441,27,"Pappardelle alla Bolognese,Cheeseburger",2023-12-01,19:46:01,completed,14.89
1966,815,29,Philadelphia maki,2023-08-02,11:00:50,completed,8.84
1967,149,14,Pappardelle alla Bolognese,2022-08-14,06:57:35,completed,4.82
1968,2290,30,Pasta with Tomato and Basil,2025-06-06,06:09:18,completed,6.84
1969,1580,1,Pappardelle alla Bolognese,2024-03-06,22:10:31,completed,6.23
1970,974,1,"Philadelphia maki,Mushroom Risotto",2025-06-08,12:26:06,completed,14.5
1971,2007,7,Meatballs with sauce,2024-06-20,09:35:39,completed,4.99
1972,1497,1,"Risotto with seafood,Scotch eggs",2022-02-28,06:07:29,completed,11.14
1973,1654,27,"Souvlaki,Chicken milanese,Tuna sashimi,Pasta with Tomato and Basil,Meatballs with sauce",2023-02-07,06:37:42,completed,38.78
1974,316,2,Barbecue Ribs,2024-02-25,07:32:44,completed,7.17
1975,1595,25,"Pasta Carbonara,French fries with sausages,Scotch eggs,Tiramisù,Bruschette with Tomato",2022-11-14,18:23:22,completed,28.04
1976,685,19,Chicken Fajitas,2020-03-19,06:13:16,completed,7.7
1977,741,12,"Bruschette with Tomato,Caprese Salad",2020-12-24,09:23:36,completed,11.15
1978,2909,4,"Barbecue Ribs,Pizza,Califlower penne,Pappardelle alla Bolognese,Lasagne",2021-01-21,11:53:19,completed,30.13
1979,250,24,Fish and chips,2024-05-29,19:13:49,completed,4.65
1980,1728,28,"Chilli con carne,Barbecue Ribs",2022-10-31,11:56:52,completed,13.8
1981,2202,5,Ebiten maki,2024-11-13,06:00:38,completed,6.48
1982,2051,22,Pizza,2021-11-13,11:20:22,completed,8.66
1983,2879,18,"Chicken wings,Salmon nigiri",2021-04-27,21:42:41,pending,11.27
1984,2424,19,Mushroom Risotto,2022-06-21,19:43:59,pending,8.35
1985,2069,19,"Tuna sashimi,Fettuccine Alfredo,Ricotta stuffed Ravioli,Pork belly buns",2022-10-19,16:38:26,cancelled,28.44
1986,2692,17,Meatballs with sauce,2025-01-05,13:11:31,completed,5.5
1987,1805,21,Chicken wings,2024-05-13,06:17:32,completed,8.17
1988,2606,30,Pasta Carbonara,2023-10-07,18:49:15,pending,7.2
1989,1800,5,Chicken Fajitas,2021-11-05,16:07:22,pending,6.26
1990,866,19,Chicken milanese,2020-02-19,11:11:03,cancelled,5.8
1991,976,26,"Barbecue Ribs,Pasta and Beans,Barbecue Ribs,Salmon nigiri",2022-03-26,21:55:43,pending,26.71
1992,2408,19,Tuna sashimi,2023-05-26,15:44:12,pending,5.67
1993,1685,29,Chilli con carne,2024-04-08,06:05:12,completed,6.54
1994,2942,19,"Pasta and Beans,Pork sausage roll",2020-07-27,17:35:39,completed,10.91
1995,533,2,Philadelphia maki,2021-08-29,18:08:43,pending,7.81
1996,2259,7,Barbecue Ribs,2021-01-01,17:06:41,completed,7.66
1997,2520,27,Risotto with seafood,2022-09-09,09:21:30,cancelled,7.35
1998,2098,2,Katsu Curry,2020-12-31,09:30:39,completed,7.46
1999,821,2,Pasta and Beans,2022-02-23,19:36:56,completed,6.73
2000,2587,29,California maki,2023-06-24,12:00:50,completed,4.47
2001,478,19,"Califlower penne,Chilli con carne,Ricotta stuffed Ravioli,Caprese Salad,Lasagne",2025-05-28,09:10:39,completed,32.16
2002,1912,28,French fries with sausages,2020-04-13,14:15:54,completed,6.93
2003,498,3,Ricotta stuffed Ravioli,2023-06-13,07:18:38,completed,5.26
2004,796,25,Caprese Salad,2023-02-26,11:39:55,completed,4.8
2005,2171,25,Ebiten maki,2022-04-29,12:24:18,completed,4.88
2006,1771,24,"Pasta Carbonara,Souvlaki,Tiramisù,Risotto with seafood,Fish and chips",2021-02-08,07:28:26,pending,35.54
2007,2370,5,"Katsu Curry,Caprese Salad,Pork belly buns",2021-08-19,14:04:27,completed,20.2
2008,277,6,"Chilli con carne,Souvlaki,Bruschette with Tomato",2025-06-29,06:39:26,completed,17.96
2009,487,22,"Linguine with clams,Bruschette with Tomato,Pasta and Beans,Bruschette with Tomato",2020-11-22,17:19:00,pending,26.76
2010,2477,10,"Scotch eggs,Philadelphia maki",2020-07-03,19:29:09,completed,15.47
2011,2532,19,Pizza,2024-10-10,14:20:09,completed,8.35
2012,887,18,Tiramisù,2023-10-04,22:58:50,cancelled,5.75
2013,211,28,"Chicken milanese,Tiramisù,Pasta Carbonara,Chicken milanese",2020-08-02,20:40:52,completed,28.53
2014,2805,26,Pappardelle alla Bolognese,2021-05-14,21:11:19,pending,7.75
2015,2136,7,"Fettuccine Alfredo,Pizza",2020-01-18,21:36:32,completed,13.26
2016,2999,17,Califlower penne,2025-06-05,13:23:49,pending,6.78
2017,2235,23,"Souvlaki,Ebiten maki",2021-03-17,07:10:03,completed,14.65
2018,1521,22,"Pasta and Beans,Ebiten maki,Meatballs with sauce",2022-04-12,08:03:35,completed,19.92
2019,2565,2,"Pasta Carbonara,Cheeseburger,Ebiten maki",2022-05-06,17:28:41,completed,16.71
2020,1248,7,"Fish and chips,Bruschette with Tomato,French fries with sausages",2020-08-28,13:51:53,completed,18.3
2021,578,17,"Chicken wings,Barbecue Ribs",2023-02-07,17:39:32,cancelled,11.6
2022,452,6,"Fettuccine Alfredo,Caesar Salad,Tuna sashimi,California maki",2025-03-03,15:11:21,completed,24.5
2023,1294,1,Ebiten maki,2024-01-11,12:04:17,completed,8.46
2024,1666,19,Fettuccine Alfredo,2023-06-04,14:24:03,completed,4.53
2025,2513,11,"Teriyaki Chicken donburi,Chicken Fajitas",2023-06-10,14:54:43,completed,15.53
2026,2531,22,Mushroom Risotto,2024-08-17,19:52:09,completed,5.61
2027,628,30,"Chilli con carne,Bruschette with Tomato,Risotto with seafood",2024-02-13,06:58:38,completed,25.13
2028,1459,28,Chilli con carne,2022-12-13,14:33:48,completed,8.41
2029,2163,19,"Katsu Curry,Pappardelle alla Bolognese",2022-09-28,09:54:56,completed,17.42
2030,807,8,Souvlaki,2023-12-20,07:53:52,completed,4.18
2031,2690,30,"Tiramisù,Pasta with Tomato and Basil",2022-06-08,11:09:07,pending,12.33
2032,2918,16,"Philadelphia maki,Chicken milanese",2024-01-23,13:50:56,completed,16.38
2033,908,15,Tiramisù,2020-02-13,20:52:12,cancelled,6.89
2034,2876,19,"Tuna sashimi,Ebiten maki,Chilli con carne,Califlower penne",2024-09-15,06:25:46,completed,26.44
2035,2647,26,Chicken wings,2025-06-08,18:12:25,completed,8.75
2036,1306,27,Teriyaki Chicken donburi,2024-11-09,12:06:44,completed,4.95
2037,172,12,"Pork sausage roll,Califlower penne",2023-08-06,11:52:44,completed,13.03
2038,987,3,Pasta and Beans,2025-02-08,11:28:15,pending,6.58
2039,2231,7,"Mushroom Risotto,Pasta Carbonara,Fettuccine Alfredo",2020-01-09,20:19:29,completed,16.13
2040,2955,5,"Pasta Carbonara,Vegetable Soup",2020-04-08,21:07:19,completed,14.07
2041,1685,23,French fries with sausages,2021-04-08,18:39:30,pending,5.94
2042,2239,2,Barbecue Ribs,2022-07-02,20:13:28,completed,6.95
2043,384,27,Chicken milanese,2024-01-27,09:18:15,completed,7.14
2044,2811,22,Pizza,2022-11-04,08:32:00,completed,8.24
2045,789,8,"Caesar Salad,Ricotta stuffed Ravioli",2020-12-09,21:57:51,completed,12.88
2046,544,11,"Fettuccine Alfredo,Linguine with clams,Pizza,Chicken wings",2023-04-06,07:09:36,completed,22.1
2047,470,14,Scotch eggs,2020-12-02,06:24:09,completed,5.05
2048,1916,15,"Bruschette with Tomato,Ricotta stuffed Ravioli,Fettuccine Alfredo",2021-07-24,22:13:06,completed,17.07
2049,1661,18,Chicken milanese,2022-04-12,17:25:24,pending,5.78
2050,534,26,Ebiten maki,2025-04-10,20:17:51,completed,6.48
2051,1436,26,"Pasta and Beans,French fries with sausages",2024-07-15,06:33:16,cancelled,11.62
2052,843,1,Souvlaki,2022-07-30,18:01:28,completed,6.98
2053,2546,6,Chicken milanese,2021-09-18,11:15:19,pending,8.5
2054,2861,2,Cheeseburger,2021-11-06,18:52:44,completed,8.28
2055,516,30,"Caesar Salad,California maki",2023-12-13,14:21:30,completed,13.23
2056,384,23,"Pork sausage roll,Fettuccine Alfredo,Cheeseburger,Barbecue Ribs",2025-06-15,13:18:32,completed,28.82
2057,2233,4,"Pappardelle alla Bolognese,Pizza,Salmon nigiri,Lasagne,Pizza",2025-01-27,08:44:15,completed,29.96
2058,48,20,"Philadelphia maki,Vegetable Soup,California maki,Pork belly buns",2024-01-10,09:34:30,completed,29.04
2059,2348,29,"Caprese Salad,Caesar Salad",2020-07-04,14:52:32,completed,11.57
2060,174,24,"Ricotta stuffed Ravioli,Linguine with clams,Bruschette with Tomato",2024-09-16,18:56:36,completed,16.93
2061,2765,26,"Califlower penne,Meatballs with sauce,Pasta Carbonara,Teriyaki Chicken donburi",2020-06-06,06:44:48,completed,25.82
2062,1787,11,Ebiten maki,2021-06-10,17:36:15,completed,4.32
2063,1877,16,"Caesar Salad,Cheeseburger",2024-08-20,20:54:05,completed,9.72
2064,2903,14,"Pasta with Tomato and Basil,Chicken Fajitas",2023-09-11,16:52:43,completed,10.17
2065,872,11,Ricotta stuffed Ravioli,2022-03-15,16:43:50,completed,6.73
2066,2573,29,"Pappardelle alla Bolognese,Chicken milanese,Pizza,Pasta and Beans",2024-11-25,12:20:35,pending,29.61
2067,2990,6,"Caprese Salad,Pizza,Pasta and Beans",2023-12-13,15:46:01,completed,16.99
2068,1402,1,Salmon nigiri,2020-03-13,20:19:31,pending,4.74
2069,1915,5,"Scotch eggs,Souvlaki",2020-01-30,06:34:18,completed,12.86
2070,528,20,Chicken Fajitas,2021-03-16,06:35:55,completed,5.67
2071,1587,6,"Califlower penne,Barbecue Ribs,Caprese Salad",2022-10-29,15:12:48,cancelled,19.72
2072,1076,19,"Mushroom Risotto,Salmon nigiri,Katsu Curry",2020-04-16,18:39:44,completed,20.19
2073,2430,12,"Chilli con carne,Pappardelle alla Bolognese",2021-12-24,19:44:23,completed,14.3
2074,389,4,"Chicken milanese,Chicken milanese",2023-07-12,06:39:36,completed,12.83
2075,237,14,Tuna sashimi,2024-03-04,20:05:11,completed,8.97
2076,1286,10,Pork belly buns,2024-09-11,18:47:20,completed,6.84
2077,506,11,"Pasta Carbonara,Risotto with seafood,Chilli con carne",2025-06-06,09:17:05,completed,15.0
2078,1815,3,Ebiten maki,2025-08-30,16:59:49,completed,6.76
2079,2003,11,"Barbecue Ribs,Ebiten maki,Cheeseburger",2021-02-25,07:21:44,completed,20.01
2080,525,18,Fish and chips,2023-12-16,08:57:27,completed,8.02
2081,14,5,"Pork sausage roll,Ebiten maki,Pasta Carbonara,Ricotta stuffed Ravioli",2023-11-21,08:43:28,completed,27.93
2082,1510,30,Teriyaki Chicken donburi,2024-10-06,20:04:17,completed,7.94
2083,2227,12,Barbecue Ribs,2025-08-22,20:33:42,completed,8.05
2084,2636,26,"French fries with sausages,Chicken Fajitas",2020-06-12,19:58:45,completed,15.8
2085,1391,27,"Tuna sashimi,Katsu Curry,Bruschette with Tomato",2020-05-28,11:16:54,completed,18.45
2086,927,7,Pasta with Tomato and Basil,2023-05-04,18:09:28,completed,8.77
2087,632,30,"Chilli con carne,Barbecue Ribs,Souvlaki,Lasagne",2020-07-23,16:26:59,pending,24.84
2088,1166,30,Fish and chips,2023-12-29,22:57:12,completed,8.63
2089,2784,4,"Mushroom Risotto,Chicken milanese,Caesar Salad,California maki",2022-05-28,07:11:05,completed,20.15
2090,2740,4,Meatballs with sauce,2022-04-17,20:39:26,completed,7.35
2091,793,30,"Pork sausage roll,Caesar Salad,Pork sausage roll,Ricotta stuffed Ravioli,Pizza",2024-01-29,20:52:20,completed,37.24
2092,2246,22,"Katsu Curry,Caesar Salad,Fettuccine Alfredo,Ebiten maki,Tuna sashimi",2021-11-24,06:22:56,completed,34.98
2093,1285,29,"Tiramisù,Lasagne",2025-07-16,18:45:05,completed,13.54
2094,2948,5,Barbecue Ribs,2025-03-26,07:27:34,completed,6.14
2095,2812,8,"Souvlaki,Pizza",2023-12-27,07:37:32,completed,12.33
2096,1004,15,"Barbecue Ribs,Pork belly buns",2024-12-01,06:59:27,completed,13.86
2097,1624,30,Risotto with seafood,2023-02-10,16:28:31,completed,6.01
2098,825,25,Califlower penne,2021-06-23,12:26:23,completed,5.77
2099,1090,7,"Chicken Fajitas,Salmon nigiri,Fettuccine Alfredo",2020-01-21,10:44:01,completed,20.84
2100,2757,23,Chicken milanese,2020-04-05,21:06:35,completed,4.11
2101,2961,21,Vegetable Soup,2024-06-09,19:15:25,completed,8.7
2102,2309,14,Pork sausage roll,2025-05-28,17:33:33,completed,6.42
2103,1827,26,"Linguine with clams,Caesar Salad,Pappardelle alla Bolognese",2024-07-20,08:52:38,completed,23.75
2104,1987,23,"Caesar Salad,Scotch eggs",2023-06-09,07:25:49,cancelled,15.48
2105,994,21,"Pasta and Beans,Caesar Salad,Pasta with Tomato and Basil,Fish and chips",2023-07-29,12:32:34,completed,28.09
2106,2653,11,"Pasta with Tomato and Basil,Katsu Curry,Pasta with Tomato and Basil",2022-09-27,08:43:57,completed,21.11
2107,2092,5,Fish and chips,2021-06-04,16:18:59,completed,6.48
2108,1305,5,"Fish and chips,Pork sausage roll,Fish and chips",2025-08-27,18:43:20,completed,23.73
2109,2276,21,"Salmon nigiri,Barbecue Ribs",2025-01-09,09:18:03,completed,14.76
2110,104,11,Linguine with clams,2025-03-16,18:26:40,pending,4.23
2111,1882,21,"Tuna sashimi,Caprese Salad,Risotto with seafood,Mushroom Risotto,Chicken wings",2025-03-06,16:23:46,completed,28.98
2112,2106,14,Katsu Curry,2023-07-29,11:38:21,completed,6.15
2113,2396,26,"Pork sausage roll,Pizza",2022-07-05,22:34:03,completed,12.59
2114,2180,4,Cheeseburger,2023-08-25,14:44:42,completed,5.11
2115,356,16,Caesar Salad,2020-08-27,07:16:52,completed,8.59
2116,2063,18,"Tuna sashimi,Cheeseburger,Mushroom Risotto",2022-12-26,06:35:26,completed,14.68
2117,2593,23,Teriyaki Chicken donburi,2024-11-11,16:36:34,completed,4.64
2118,1776,15,Salmon nigiri,2020-08-28,14:08:42,completed,5.0
2119,314,21,"Vegetable Soup,California maki",2021-10-31,22:35:07,pending,16.22
2120,694,14,"Pappardelle alla Bolognese,Califlower penne,Pork belly buns",2022-07-16,20:51:07,completed,21.48
2121,2922,21,"Risotto with seafood,Chicken wings",2023-02-20,17:39:28,completed,15.56
2122,2740,11,Philadelphia maki,2023-11-06,12:14:14,completed,6.56
2123,265,6,Chicken milanese,2022-03-28,21:52:10,completed,8.41
2124,7,9,"Caprese Salad,Vegetable Soup,Caprese Salad,Philadelphia maki,Pizza",2024-06-21,19:35:02,pending,28.7
2125,616,14,Pappardelle alla Bolognese,2022-05-11,20:35:00,completed,7.54
2126,836,15,Teriyaki Chicken donburi,2020-12-01,09:18:02,cancelled,6.57
2127,166,28,"Tiramisù,Cheeseburger",2021-03-16,10:09:12,pending,13.47
2128,1780,13,Fish and chips,2023-02-20,08:34:34,completed,4.03
2129,2446,22,Pizza,2022-03-04,10:43:19,pending,7.27
2130,520,2,Ricotta stuffed Ravioli,2023-01-07,14:17:38,pending,6.47
2131,2682,7,"Pork sausage roll,Pasta with Tomato and Basil,Pasta with Tomato and Basil",2025-05-26,14:36:31,completed,20.69
2132,882,22,Chicken milanese,2025-06-17,12:09:25,completed,6.87
2133,855,2,Pasta with Tomato and Basil,2021-10-19,19:48:40,completed,7.31
2134,2762,25,Fettuccine Alfredo,2023-03-03,08:37:52,completed,6.28
2135,1746,28,Tiramisù,2024-11-13,20:19:30,completed,7.99
2136,1082,17,Lasagne,2025-08-11,17:07:02,completed,8.53
2137,304,27,Caprese Salad,2023-03-12,07:12:42,completed,8.57
2138,1728,4,Chicken Fajitas,2024-04-03,06:52:32,completed,5.13
2139,1159,1,Chicken wings,2023-03-31,22:45:47,completed,6.23
2140,1291,22,"Lasagne,Cheeseburger",2023-09-26,22:15:19,completed,12.41
2141,1741,30,"Pizza,Tuna sashimi,Mushroom Risotto",2020-04-21,07:13:19,completed,16.3
2142,1753,25,"Caesar Salad,Califlower penne,Chilli con carne",2023-09-05,11:55:29,pending,20.51
2143,1872,29,"Katsu Curry,Lasagne",2024-01-18,19:09:56,completed,15.54
2144,2949,9,"Philadelphia maki,Califlower penne",2020-07-12,10:38:40,cancelled,11.6
2145,2270,9,"Caesar Salad,Tiramisù,Caprese Salad",2024-12-23,12:49:12,completed,22.83
2146,210,11,"Tiramisù,Ricotta stuffed Ravioli,Salmon nigiri",2020-01-10,19:31:44,completed,16.63
2147,1496,20,Teriyaki Chicken donburi,2021-10-06,09:53:05,pending,5.13
2148,2436,22,Salmon nigiri,2020-12-24,06:30:19,completed,6.26
2149,1160,4,"Lasagne,Risotto with seafood,Tiramisù",2024-06-30,09:06:13,completed,18.75
2150,875,19,Linguine with clams,2022-01-10,22:44:37,completed,5.41
2151,97,10,Pork sausage roll,2024-08-16,17:52:05,completed,8.03
2152,1953,10,Bruschette with Tomato,2021-08-04,08:53:51,completed,5.43
2153,1652,3,"Salmon nigiri,Scotch eggs,Pasta and Beans,Pappardelle alla Bolognese",2020-02-22,17:22:45,completed,27.69
2154,429,6,"Califlower penne,Cheeseburger,Chicken wings",2023-12-24,22:28:05,completed,16.84
2155,1957,27,Scotch eggs,2024-11-16,22:58:18,cancelled,5.86
2156,313,1,"Pasta and Beans,Fish and chips",2022-05-08,06:25:18,completed,12.11
2157,471,3,Meatballs with sauce,2024-05-17,17:53:16,completed,7.16
2158,1459,6,Pizza,2022-11-02,06:41:59,completed,6.51
2159,1107,8,Ebiten maki,2023-11-15,06:13:51,completed,4.6
2160,2128,17,"Chicken wings,Chicken milanese",2023-05-31,18:55:41,pending,9.85
2161,1920,8,Ricotta stuffed Ravioli,2023-01-04,19:59:41,completed,8.56
2162,1257,22,Katsu Curry,2020-04-18,15:12:39,completed,5.68
2163,1948,25,Pasta Carbonara,2022-10-22,07:13:05,pending,4.82
2164,42,1,"Bruschette with Tomato,Pasta with Tomato and Basil,Linguine with clams",2023-04-08,14:21:59,completed,17.24
2165,2416,16,"Pork belly buns,Risotto with seafood,Ricotta stuffed Ravioli",2025-07-03,12:53:42,completed,21.29
2166,2368,23,"Linguine with clams,Ebiten maki,Tiramisù,Caesar Salad",2023-01-05,14:11:43,completed,31.89
2167,1300,24,"Chicken wings,Philadelphia maki,Fettuccine Alfredo,Caprese Salad,Teriyaki Chicken donburi",2024-06-28,19:05:33,completed,32.3
2168,512,25,Fettuccine Alfredo,2023-02-02,14:53:21,completed,8.34
2169,944,19,"Fettuccine Alfredo,Lasagne,Pasta Carbonara",2021-01-18,06:38:15,completed,17.61
2170,1024,22,"Califlower penne,Meatballs with sauce,Caesar Salad",2023-02-13,11:35:12,completed,16.57
2171,1785,1,Chilli con carne,2022-04-15,17:35:04,completed,5.55
2172,1966,10,Risotto with seafood,2022-02-11,20:26:46,completed,8.82
2173,1376,30,California maki,2020-05-31,10:07:43,pending,4.15
2174,2187,23,"Teriyaki Chicken donburi,Pork sausage roll,Lasagne,Pasta Carbonara",2020-12-11,16:35:32,completed,24.43
2175,550,21,Tuna sashimi,2023-09-06,10:33:43,cancelled,8.01
2176,2351,30,Vegetable Soup,2023-04-09,06:41:29,completed,5.03
2177,2199,24,Risotto with seafood,2024-12-28,16:20:16,pending,7.33
2178,889,19,Chicken milanese,2022-08-17,17:03:14,cancelled,5.0
2179,633,21,"Chilli con carne,Pork belly buns,Risotto with seafood",2022-12-15,21:57:44,pending,22.58
2180,1680,28,"Chicken Fajitas,Philadelphia maki,Fish and chips",2021-12-12,13:01:58,completed,22.61
2181,498,4,"Salmon nigiri,Caprese Salad,French fries with sausages",2020-01-03,06:57:28,completed,16.69
2182,500,21,"Linguine with clams,California maki,Pasta with Tomato and Basil",2024-12-26,16:45:19,completed,20.67
2183,1659,12,Tuna sashimi,2023-05-05,12:22:15,completed,6.36
2184,2339,3,Fettuccine Alfredo,2024-05-20,14:53:04,completed,5.18
2185,395,27,Souvlaki,2021-09-28,15:04:02,completed,6.71
2186,321,30,Teriyaki Chicken donburi,2023-08-18,18:19:22,completed,4.27
2187,1194,10,"Meatballs with sauce,Chicken wings",2025-06-20,19:55:14,completed,16.42
2188,692,16,Risotto with seafood,2024-05-25,19:24:48,completed,5.67
2189,2314,15,Fettuccine Alfredo,2020-11-24,21:52:26,completed,4.92
2190,1369,18,"Philadelphia maki,Barbecue Ribs",2022-03-17,07:29:37,completed,14.52
2191,2811,16,"Pork sausage roll,Souvlaki,Teriyaki Chicken donburi,Philadelphia maki,Pork belly buns",2024-01-13,09:48:14,completed,39.64
2192,1538,13,"Katsu Curry,Caprese Salad",2024-10-05,13:57:02,completed,11.06
2193,395,24,Lasagne,2020-11-30,08:58:19,completed,4.09
2194,2151,23,"Pasta with Tomato and Basil,California maki,Meatballs with sauce",2024-01-19,08:04:25,pending,20.29
2195,942,16,Risotto with seafood,2020-02-16,19:53:28,completed,6.34
2196,1748,27,"Pasta with Tomato and Basil,Meatballs with sauce,Lasagne,Chicken wings,Scotch eggs",2022-09-07,13:24:57,pending,34.07
2197,1931,22,"Bruschette with Tomato,Meatballs with sauce,Pasta and Beans",2021-04-15,08:38:32,completed,18.59
2198,1344,25,"Barbecue Ribs,Cheeseburger,Mushroom Risotto,Chilli con carne,California maki",2023-01-04,17:00:28,completed,32.61
2199,2120,5,"Salmon nigiri,Ricotta stuffed Ravioli,Vegetable Soup,Fish and chips",2023-03-06,13:18:16,completed,28.96
2200,2655,6,Teriyaki Chicken donburi,2023-11-07,13:45:10,completed,6.6
2201,1249,14,"Linguine with clams,Philadelphia maki,Tiramisù,Philadelphia maki,Califlower penne",2024-11-28,20:32:34,completed,35.66
2202,1358,18,Salmon nigiri,2022-07-13,06:38:54,completed,4.62
2203,2231,14,Pizza,2020-03-11,07:08:41,completed,7.94
2204,72,20,"Ebiten maki,Caesar Salad,Pasta and Beans",2023-07-25,17:46:52,completed,18.3
2205,523,17,Pasta and Beans,2024-08-24,15:08:56,completed,7.07
2206,1350,24,"Pasta with Tomato and Basil,Pork sausage roll,Philadelphia maki",2023-12-12,20:16:47,completed,21.75
2207,2658,27,Caprese Salad,2020-09-17,11:51:51,completed,7.36
2208,2998,15,"Chicken milanese,Lasagne",2023-01-26,18:53:34,completed,12.44
2209,2445,25,Bruschette with Tomato,2025-05-30,20:37:57,completed,5.46
2210,1837,24,Califlower penne,2023-04-15,15:17:16,completed,7.85
2211,2346,9,"Pasta Carbonara,Mushroom Risotto",2023-09-13,11:40:08,completed,16.96
2212,2584,8,"Caesar Salad,Pork belly buns,Linguine with clams,Meatballs with sauce",2025-04-06,13:54:36,completed,27.47
2213,1854,8,Caprese Salad,2024-08-23,17:45:22,completed,6.31
2214,1911,3,French fries with sausages,2021-08-04,11:10:45,completed,4.24
2215,609,1,Chicken wings,2023-08-30,17:08:10,completed,5.71
2216,664,24,"Chicken wings,Souvlaki,Pork sausage roll,Meatballs with sauce",2022-01-30,15:49:07,completed,22.24
2217,17,28,"Vegetable Soup,Pasta and Beans,Chilli con carne",2024-06-26,09:58:35,completed,19.16
2218,2453,7,Salmon nigiri,2023-06-13,12:17:42,completed,8.48
2219,2257,21,Pork sausage roll,2023-06-21,18:12:22,completed,8.36
2220,2185,30,"Fettuccine Alfredo,Lasagne",2025-09-13,18:44:43,cancelled,13.42
2221,1507,30,"Tiramisù,Risotto with seafood",2022-10-23,14:17:09,pending,10.09
2222,774,8,Chicken wings,2021-11-05,17:19:37,pending,6.68
2223,1021,19,Cheeseburger,2020-06-26,15:43:05,completed,7.61
2224,1838,23,Pork belly buns,2021-01-09,14:50:34,completed,7.82
2225,2358,26,Pork sausage roll,2024-04-17,13:32:56,completed,8.02
2226,677,22,"Chicken Fajitas,Califlower penne,Bruschette with Tomato",2025-08-30,21:33:51,completed,19.75
2227,1978,17,"Caprese Salad,Pasta with Tomato and Basil",2024-09-04,21:43:30,completed,15.56
2228,2579,4,Katsu Curry,2020-12-22,12:41:51,completed,4.92
2229,2232,14,"Pasta with Tomato and Basil,Pork belly buns",2024-08-17,20:55:35,completed,9.87
2230,2318,1,California maki,2023-04-18,11:28:44,completed,8.64
2231,1595,18,Chilli con carne,2023-08-04,10:03:50,completed,8.08
2232,363,24,"Philadelphia maki,Tiramisù,Tiramisù,Chilli con carne",2024-04-16,14:54:40,completed,28.78
2233,1232,16,"Chilli con carne,Mushroom Risotto",2021-10-21,12:46:27,completed,14.7
2234,1696,28,Califlower penne,2024-02-04,16:39:55,completed,8.94
2235,2563,14,Caesar Salad,2021-11-15,22:42:06,completed,6.6
2236,2974,30,Fettuccine Alfredo,2024-11-06,12:55:29,completed,7.02
2237,2345,26,Tuna sashimi,2022-12-14,07:33:00,completed,6.99
2238,44,22,"Pasta and Beans,Pork sausage roll",2023-05-08,20:29:44,completed,11.64
2239,2539,15,"Linguine with clams,Chicken wings,Pasta Carbonara,Vegetable Soup",2021-07-01,17:33:28,completed,31.27
2240,677,10,Pizza,2022-03-05,10:52:48,completed,5.22
2241,998,1,"Lasagne,Pasta with Tomato and Basil,Chicken milanese",2023-05-16,08:34:40,completed,16.55
2242,216,22,"Ebiten maki,Pork sausage roll,Califlower penne,Linguine with clams",2022-07-07,14:45:51,pending,29.37
2243,1042,12,"Lasagne,Pappardelle alla Bolognese",2024-06-08,15:30:21,completed,11.77
2244,1779,7,"Tiramisù,Pizza",2025-06-25,08:40:12,pending,13.97
2245,2977,26,Pork sausage roll,2025-03-08,13:35:03,pending,5.5
2246,485,11,"Linguine with clams,Pizza,Vegetable Soup",2020-12-31,18:40:21,completed,14.54
2247,181,30,"Ebiten maki,Pasta and Beans,Ebiten maki",2024-11-25,10:49:02,pending,20.01
2248,583,27,Lasagne,2022-10-19,17:29:58,pending,4.67
2249,2347,4,Souvlaki,2021-10-02,16:07:34,completed,6.5
2250,213,11,"Chicken wings,Risotto with seafood",2023-07-25,14:13:48,completed,14.82
2251,1028,24,Pasta with Tomato and Basil,2023-06-13,11:09:38,completed,4.56
2252,2947,18,"Katsu Curry,Barbecue Ribs,Chicken Fajitas",2024-05-14,22:36:27,cancelled,16.8
2253,1146,14,"Chicken milanese,Chicken Fajitas,Lasagne,Fish and chips",2024-03-09,11:57:13,completed,26.26
2254,2439,19,Katsu Curry,2021-12-21,13:54:06,completed,5.33
2255,2151,10,"Chilli con carne,Califlower penne,Scotch eggs",2025-03-30,15:41:26,completed,22.84
2256,2008,18,Califlower penne,2023-06-18,10:24:01,completed,7.95
2257,2402,30,Vegetable Soup,2025-02-20,16:16:48,completed,7.5
2258,2497,5,Caesar Salad,2020-06-14,20:43:05,completed,6.93
2259,1875,20,"Barbecue Ribs,Cheeseburger,Chicken Fajitas,Katsu Curry",2023-03-04,10:37:34,completed,24.81
2260,1428,10,Philadelphia maki,2021-01-19,10:23:19,completed,6.25
2261,2083,8,"Pasta and Beans,Tiramisù,Ebiten maki,Ebiten maki",2023-05-02,13:38:03,completed,25.86
2262,151,19,"Pork sausage roll,Cheeseburger,Barbecue Ribs",2024-11-25,12:44:54,completed,20.23
2263,175,10,"Cheeseburger,Pasta with Tomato and Basil",2020-05-14,06:15:49,completed,13.03
2264,2931,2,French fries with sausages,2020-08-13,19:45:52,completed,5.18
2265,1833,9,"Scotch eggs,Bruschette with Tomato,Chicken wings,Teriyaki Chicken donburi",2020-04-17,11:58:35,completed,28.94
2266,1557,11,Tiramisù,2020-06-08,11:56:12,pending,7.36
2267,1638,12,Barbecue Ribs,2020-05-07,10:53:18,completed,5.63
2268,519,28,"Linguine with clams,Chicken Fajitas,Pasta with Tomato and Basil",2025-08-08,09:32:28,completed,17.86
2269,382,5,"Chilli con carne,Ricotta stuffed Ravioli,Pappardelle alla Bolognese",2021-08-19,19:55:56,completed,17.6
2270,1282,29,"Pasta with Tomato and Basil,Califlower penne,Pizza,Ebiten maki",2022-06-16,17:17:53,completed,29.41
2271,784,13,"Teriyaki Chicken donburi,Fish and chips",2025-07-22,13:00:25,completed,9.95
2272,2456,4,Chicken milanese,2021-09-29,18:17:18,pending,6.5
2273,1612,11,Chilli con carne,2021-03-30,22:23:52,completed,8.15
2274,504,3,Tuna sashimi,2020-12-09,09:11:53,completed,7.3
2275,1109,10,"Risotto with seafood,Tiramisù",2020-01-18,15:30:38,completed,15.46
2276,163,12,Barbecue Ribs,2025-06-12,07:30:56,completed,7.86
2277,690,17,Caesar Salad,2025-07-26,15:01:36,completed,4.73
2278,1482,8,"Mushroom Risotto,Chicken wings,Barbecue Ribs",2023-09-25,22:27:02,completed,20.83
2279,515,3,"Pizza,Lasagne,Pasta Carbonara",2025-01-16,12:44:56,completed,19.1
2280,2388,16,Tiramisù,2022-06-28,08:21:33,completed,4.49
2281,1206,23,Lasagne,2025-04-07,13:45:03,pending,8.84
2282,244,12,Souvlaki,2023-08-11,19:31:39,completed,8.85
2283,2189,7,"Linguine with clams,Pork sausage roll,Califlower penne",2024-12-18,12:32:01,pending,19.7
2284,592,25,Cheeseburger,2023-10-09,06:35:25,completed,7.68
2285,1865,19,"Pasta and Beans,Souvlaki",2024-07-06,14:12:20,completed,13.79
2286,1282,28,"Tiramisù,Cheeseburger",2022-12-21,22:14:06,completed,12.21
2287,2386,17,Chicken milanese,2023-01-15,18:28:39,completed,7.0
2288,615,4,Risotto with seafood,2020-02-15,18:19:21,completed,5.31
2289,486,10,"Chicken milanese,Tiramisù,Ricotta stuffed Ravioli",2025-07-13,11:57:00,completed,17.73
2290,2837,17,"Philadelphia maki,French fries with sausages,Chicken milanese",2024-02-02,15:35:29,completed,18.57
2291,188,15,Pappardelle alla Bolognese,2022-08-03,09:26:48,completed,8.73
2292,2729,14,"Barbecue Ribs,Salmon nigiri,Scotch eggs,Barbecue Ribs",2020-06-26,16:48:30,completed,30.27
2293,2629,27,Risotto with seafood,2023-01-08,17:59:24,pending,6.53
2294,2427,18,Katsu Curry,2024-05-12,21:28:19,completed,6.17
2295,491,3,"Scotch eggs,Meatballs with sauce,Pizza,Fettuccine Alfredo",2020-05-14,19:22:45,completed,28.35
2296,766,10,"Fish and chips,Ebiten maki",2021-10-14,11:21:37,completed,14.86
2297,689,19,"French fries with sausages,Pasta and Beans",2024-05-08,07:59:02,cancelled,14.88
2298,1346,21,"Pasta Carbonara,Salmon nigiri",2023-10-28,13:33:50,completed,15.04
2299,388,16,Pasta and Beans,2025-01-13,14:51:10,completed,7.07
2300,2315,2,"Chicken milanese,Cheeseburger,Chicken wings,Barbecue Ribs",2022-07-03,17:09:10,completed,26.83
2301,14,12,"French fries with sausages,Fish and chips,Lasagne,Barbecue Ribs",2025-04-13,21:50:31,cancelled,22.19
2302,2137,10,"Fish and chips,Fettuccine Alfredo,Risotto with seafood",2020-07-23,21:47:48,pending,18.59
2303,65,13,"Cheeseburger,Chilli con carne",2022-11-25,06:52:16,completed,14.49
2304,1187,17,"Ebiten maki,Chicken milanese",2023-05-03,17:11:22,completed,16.11
2305,2693,27,Chicken Fajitas,2020-12-18,12:23:14,completed,7.21
2306,277,22,Pizza,2025-01-29,19:33:30,completed,8.15
2307,2645,19,"Chicken milanese,Ebiten maki",2020-05-09,16:33:35,completed,12.36
2308,2237,7,"Cheeseburger,Scotch eggs",2023-02-07,09:00:56,completed,13.94
2309,2811,8,Pork belly buns,2022-08-14,09:41:03,completed,8.15
2310,902,7,"Pork belly buns,Califlower penne,Tiramisù",2021-10-15,12:14:47,completed,15.97
2311,12,24,"Chicken milanese,Vegetable Soup,Pasta Carbonara,Pork sausage roll,Chicken milanese",2025-10-02,09:17:40,completed,34.9
2312,1125,30,Salmon nigiri,2022-08-06,08:28:02,completed,5.37
2313,1746,27,"Ebiten maki,Chilli con carne",2022-02-23,14:59:19,completed,9.16
2314,2883,22,Teriyaki Chicken donburi,2021-10-22,14:44:08,pending,4.43
2315,1945,30,Pork belly buns,2022-01-10,21:29:33,completed,6.34
2316,2824,9,"Pappardelle alla Bolognese,Pappardelle alla Bolognese,Lasagne",2023-08-30,07:45:12,completed,20.84
2317,1176,12,"Lasagne,Ricotta stuffed Ravioli,Tiramisù",2020-04-27,06:01:20,completed,20.39
2318,992,13,Pasta and Beans,2024-06-16,07:03:28,completed,6.15
2319,2117,5,Tiramisù,2022-02-06,08:02:41,completed,6.24
2320,103,13,"Philadelphia maki,Risotto with seafood,Fish and chips",2022-08-20,11:40:38,completed,16.4
2321,567,19,Fettuccine Alfredo,2022-05-11,09:12:14,completed,7.03
2322,1231,27,"Linguine with clams,Tiramisù,Pasta and Beans,Philadelphia maki,Chicken Fajitas",2023-03-11,15:40:21,completed,26.26
2323,2185,10,"Pork sausage roll,Pasta Carbonara,French fries with sausages",2024-01-20,07:22:41,completed,17.54
2324,2098,28,"Scotch eggs,Pork sausage roll",2022-09-20,06:19:53,cancelled,10.8
2325,928,27,Pasta Carbonara,2022-06-29,08:47:24,completed,4.47
2326,793,22,Pork sausage roll,2024-12-05,17:04:51,completed,6.55
2327,395,7,Chicken wings,2023-07-15,20:33:33,pending,5.22
2328,1413,26,"Caesar Salad,Pappardelle alla Bolognese",2020-02-04,06:44:05,completed,14.81
2329,763,3,Salmon nigiri,2022-02-17,14:20:47,completed,7.36
2330,1705,20,"Pasta with Tomato and Basil,California maki",2021-08-06,16:23:30,pending,13.15
2331,1365,23,Teriyaki Chicken donburi,2024-05-09,20:00:28,completed,7.55
2332,2576,15,Caprese Salad,2022-01-19,21:44:52,completed,8.64
2333,696,22,"Souvlaki,Pasta and Beans,Pappardelle alla Bolognese",2024-01-19,14:19:20,completed,16.44
2334,75,18,"Chicken Fajitas,Linguine with clams",2022-11-03,14:42:37,completed,9.18
2335,928,23,Chicken Fajitas,2020-12-09,14:13:51,completed,6.55
2336,2569,10,"Fish and chips,California maki,Tuna sashimi,Pork sausage roll",2022-10-03,09:49:39,completed,19.08
2337,1600,3,"Pappardelle alla Bolognese,Tiramisù,Caprese Salad,Chicken milanese",2024-04-01,18:55:00,completed,19.36
2338,831,13,Teriyaki Chicken donburi,2024-07-02,15:51:43,completed,6.75
2339,265,14,Lasagne,2021-08-16,17:44:23,cancelled,5.67
2340,97,1,Vegetable Soup,2025-02-12,21:15:36,completed,5.57
2341,2642,8,Meatballs with sauce,2020-07-09,11:26:36,completed,8.83
2342,1287,3,Mushroom Risotto,2021-06-22,15:44:19,cancelled,4.24
2343,1960,11,"Pork sausage roll,Chicken milanese,Califlower penne",2020-02-13,15:16:07,completed,17.7
2344,1140,28,"Tuna sashimi,Barbecue Ribs,Pork belly buns,Tuna sashimi",2021-03-26,16:06:24,completed,22.94
2345,258,13,Bruschette with Tomato,2020-05-11,08:05:44,completed,8.53
2346,2744,15,Chicken milanese,2021-09-01,09:22:49,cancelled,8.52
2347,1729,15,"Risotto with seafood,Vegetable Soup,Mushroom Risotto,Chicken Fajitas",2021-12-20,07:57:29,completed,26.34
2348,1284,22,"Chicken Fajitas,Bruschette with Tomato,Pork sausage roll",2020-08-09,09:53:16,completed,16.75
2349,1745,4,Scotch eggs,2022-04-13,08:17:15,completed,5.11
2350,2793,22,Scotch eggs,2024-08-14,20:56:14,completed,5.57
2351,1946,6,"Tiramisù,Caesar Salad,Pork belly buns",2024-05-17,19:46:07,completed,19.83
2352,2363,23,Pasta Carbonara,2020-06-05,22:56:19,cancelled,7.39
2353,2174,12,"Fish and chips,California maki,Califlower penne,Pork belly buns,Pasta with Tomato and Basil",2023-05-09,17:24:25,completed,28.68
2354,1835,26,"Ebiten maki,Vegetable Soup",2025-05-13,12:32:03,completed,9.85
2355,926,19,"Cheeseburger,Califlower penne,Ebiten maki",2023-07-14,11:50:34,completed,20.83
2356,931,18,Ebiten maki,2022-08-01,14:53:01,completed,8.15
2357,1103,8,"Pasta with Tomato and Basil,Tiramisù",2022-04-10,06:40:09,completed,12.6
2358,1913,14,"Pasta Carbonara,Cheeseburger,Fish and chips",2023-05-26,15:40:21,completed,22.3
2359,545,18,Scotch eggs,2023-11-10,13:25:57,completed,8.96
2360,1672,16,Vegetable Soup,2024-07-13,14:40:33,completed,8.33
2361,720,28,French fries with sausages,2025-10-02,19:53:05,completed,6.13
2362,979,30,"Salmon nigiri,Tuna sashimi",2023-06-01,16:25:37,completed,16.58
2363,1344,3,"Caprese Salad,Tiramisù",2023-05-10,18:05:01,pending,16.55
2364,1196,2,"Pasta Carbonara,Tiramisù",2021-06-27,12:07:33,completed,11.81
2365,2385,16,Mushroom Risotto,2020-12-12,12:49:10,completed,4.76
2366,2939,15,Philadelphia maki,2024-07-23,06:07:42,completed,4.7
2367,1045,9,Barbecue Ribs,2021-04-17,09:21:16,completed,8.6
2368,335,4,"French fries with sausages,Teriyaki Chicken donburi,Pizza,Pasta with Tomato and Basil,Ebiten maki",2023-12-09,13:51:50,completed,32.39
2369,605,21,"Pappardelle alla Bolognese,Ricotta stuffed Ravioli,Pasta Carbonara",2021-02-02,10:47:31,cancelled,15.84
2370,1202,28,"Chicken wings,Pasta Carbonara,Bruschette with Tomato",2023-09-28,22:01:58,completed,22.67
2371,1385,12,Pasta with Tomato and Basil,2022-04-17,06:48:55,completed,5.7
2372,1400,13,"Ricotta stuffed Ravioli,Caprese Salad",2024-12-01,12:09:13,completed,13.25
2373,110,29,"Souvlaki,Pork belly buns",2023-08-04,16:50:38,completed,13.36
2374,1812,22,"Pork belly buns,Mushroom Risotto,Pappardelle alla Bolognese",2020-12-06,13:06:58,completed,16.27
2375,962,28,Cheeseburger,2024-07-05,09:45:08,completed,7.24
2376,1664,5,Philadelphia maki,2020-05-21,22:35:43,completed,8.76
2377,1826,2,Linguine with clams,2022-09-30,16:09:57,pending,7.19
2378,1962,5,"Pasta with Tomato and Basil,Chicken milanese,Philadelphia maki,Pork belly buns,French fries with sausages",2021-07-03,13:40:32,completed,32.91
2379,2928,18,"Pasta with Tomato and Basil,Salmon nigiri,Chicken wings",2021-06-11,12:00:06,completed,16.85
2380,498,16,Teriyaki Chicken donburi,2025-08-27,15:54:57,completed,8.72
2381,2888,30,Ebiten maki,2022-07-04,08:54:17,cancelled,5.55
2382,908,4,"Lasagne,California maki,Ebiten maki,California maki",2023-06-02,22:32:55,completed,28.3
2383,40,26,Caprese Salad,2024-01-04,14:07:52,completed,5.74
2384,2106,10,Tuna sashimi,2023-04-21,08:18:29,completed,5.33
2385,129,1,Souvlaki,2020-09-14,18:03:34,completed,7.11
2386,1107,16,"Tuna sashimi,Fish and chips",2024-07-04,12:36:55,completed,12.15
2387,471,30,"Pasta and Beans,Pasta Carbonara,Risotto with seafood",2022-04-08,19:51:07,completed,14.89
2388,991,30,Linguine with clams,2023-10-19,07:01:47,pending,7.05
2389,1669,16,Pasta Carbonara,2021-03-16,09:55:38,pending,8.15
2390,677,21,Scotch eggs,2021-04-07,16:01:13,completed,7.42
2391,517,14,"Lasagne,Ricotta stuffed Ravioli,Risotto with seafood",2022-02-09,19:50:37,completed,22.76
2392,1682,12,Pork belly buns,2024-10-31,21:13:41,cancelled,5.43
2393,414,26,Caesar Salad,2023-01-13,06:50:22,completed,5.02
2394,2094,5,"Mushroom Risotto,Fettuccine Alfredo,Pasta and Beans,Pork sausage roll",2020-02-20,07:55:00,completed,28.57
2395,172,11,"Tiramisù,Cheeseburger,Pappardelle alla Bolognese",2025-09-23,11:01:56,completed,18.51
2396,1782,30,"Lasagne,Chicken milanese,French fries with sausages,Pasta with Tomato and Basil",2022-06-22,16:09:37,completed,28.84
2397,2221,18,"Barbecue Ribs,Risotto with seafood,California maki,Katsu Curry,Mushroom Risotto",2021-06-15,12:44:20,completed,37.68
2398,660,23,"Caprese Salad,Lasagne,Fettuccine Alfredo",2023-06-08,21:10:45,completed,16.06
2399,1626,25,Souvlaki,2022-09-18,18:43:56,completed,5.85
2400,2120,22,"Risotto with seafood,Chicken wings",2021-11-23,21:54:27,pending,15.28
2401,2488,9,Pork belly buns,2020-07-30,20:55:46,cancelled,5.01
2402,100,26,Pork sausage roll,2024-07-03,21:54:35,completed,8.29
2403,2292,12,Barbecue Ribs,2023-06-22,16:19:00,completed,4.32
2404,1963,29,Pasta and Beans,2024-06-27,08:21:32,completed,4.97
2405,1958,24,Pasta and Beans,2025-05-11,08:35:11,completed,6.65
2406,294,9,"Souvlaki,Pasta with Tomato and Basil,Pork sausage roll,Barbecue Ribs",2021-06-18,20:51:13,completed,28.6
2407,175,21,Meatballs with sauce,2023-02-22,10:12:36,completed,7.87
2408,2186,13,Tiramisù,2023-11-11,09:35:02,completed,8.48
2409,2450,12,"Califlower penne,Vegetable Soup,Caprese Salad",2025-01-28,10:15:12,completed,17.55
2410,658,5,Barbecue Ribs,2022-07-06,06:29:35,completed,4.69
2411,1562,9,Tuna sashimi,2022-08-08,21:44:10,completed,4.93
2412,2228,5,"Scotch eggs,Pasta Carbonara",2020-08-22,21:26:43,completed,10.27
2413,90,26,"Pizza,Souvlaki",2023-01-07,14:23:39,completed,13.24
2414,2844,28,French fries with sausages,2022-08-29,09:01:06,completed,8.31
2415,691,28,Linguine with clams,2023-06-30,13:38:34,completed,8.33
2416,1093,30,"California maki,Cheeseburger",2025-07-30,07:42:36,completed,8.79
2417,2170,25,Fish and chips,2021-04-08,14:12:34,completed,7.0
2418,1885,23,French fries with sausages,2024-01-22,18:38:20,completed,7.49
2419,1085,11,Pizza,2021-07-21,22:39:51,completed,7.71
2420,1410,3,Katsu Curry,2022-08-15,18:00:39,pending,7.5
2421,812,3,Teriyaki Chicken donburi,2025-02-07,22:19:44,completed,7.36
2422,1849,15,"Pork sausage roll,Salmon nigiri,Katsu Curry",2025-09-30,19:19:29,completed,19.54
2423,1583,16,"Mushroom Risotto,Fish and chips,Pasta and Beans",2024-03-28,09:49:16,completed,16.85
2424,542,5,"Ricotta stuffed Ravioli,Pork belly buns",2025-02-04,19:48:26,completed,11.28
2425,100,18,"Caprese Salad,Fettuccine Alfredo",2025-08-01,22:41:43,completed,13.95
2426,382,9,"Pappardelle alla Bolognese,Mushroom Risotto,Mushroom Risotto",2024-08-04,20:11:30,completed,17.64
2427,469,12,"Vegetable Soup,Caesar Salad",2020-10-08,15:56:55,completed,12.37
2428,1268,25,Tuna sashimi,2023-05-09,14:59:41,completed,6.13
2429,2523,13,"Souvlaki,Risotto with seafood",2021-06-08,17:02:58,completed,10.04
2430,2208,1,"Fettuccine Alfredo,Ricotta stuffed Ravioli,Tuna sashimi",2020-10-22,19:47:11,completed,18.94
2431,856,1,Pork belly buns,2021-12-14,12:59:46,completed,7.43
2432,722,14,Vegetable Soup,2024-07-16,14:16:07,completed,5.22
2433,380,18,Bruschette with Tomato,2021-04-06,09:34:01,completed,7.69
2434,948,6,Chicken milanese,2025-08-04,14:37:55,completed,4.6
2435,1657,26,Cheeseburger,2025-07-04,19:53:11,completed,4.33
2436,2530,21,"Pappardelle alla Bolognese,Pasta and Beans",2022-05-20,06:10:13,completed,12.34
2437,21,17,"Pasta and Beans,Chilli con carne",2023-06-24,16:06:53,completed,10.98
2438,1157,1,Souvlaki,2023-07-01,17:15:33,completed,6.15
2439,1055,8,"Tiramisù,Pork sausage roll,Bruschette with Tomato,Scotch eggs,Chicken Fajitas",2022-01-29,21:54:17,completed,31.83
2440,2069,17,"Tiramisù,Philadelphia maki,Ebiten maki",2022-01-07,14:01:57,completed,17.59
2441,2918,25,Fettuccine Alfredo,2025-03-10,20:59:21,completed,5.96
2442,962,2,"Souvlaki,Vegetable Soup,Califlower penne,Linguine with clams",2024-12-12,13:45:38,completed,24.86
2443,2269,12,"Lasagne,Katsu Curry",2023-12-25,15:23:58,completed,15.47
2444,119,24,"French fries with sausages,Salmon nigiri",2022-11-13,17:44:24,completed,14.89
2445,213,7,Bruschette with Tomato,2021-05-30,22:46:24,cancelled,4.64
2446,602,13,Souvlaki,2022-09-23,06:23:20,completed,6.42
2447,2234,2,"Pasta Carbonara,Pappardelle alla Bolognese,Pasta with Tomato and Basil",2022-03-19,08:35:12,completed,23.23
2448,1719,30,"Fettuccine Alfredo,Ricotta stuffed Ravioli",2023-03-22,22:18:51,completed,14.32
2449,355,20,California maki,2023-07-17,12:07:45,completed,4.33
2450,2209,29,"California maki,Lasagne",2024-05-15,09:08:01,pending,14.66
2451,2900,9,"Califlower penne,California maki,Risotto with seafood",2024-10-17,19:10:00,pending,19.98
2452,411,4,"Chicken Fajitas,Salmon nigiri,Meatballs with sauce",2021-01-09,19:32:58,completed,16.56
2453,2464,18,Tuna sashimi,2020-03-27,15:07:57,completed,4.6
2454,1621,28,"Chicken milanese,Souvlaki,Vegetable Soup",2022-06-17,16:49:23,completed,19.35
2455,2180,7,Lasagne,2020-12-29,10:46:10,completed,4.8
2456,1470,2,Lasagne,2023-12-02,11:46:26,completed,5.46
2457,2869,26,"Katsu Curry,Fish and chips,Tuna sashimi,Philadelphia maki,Pork belly buns",2023-03-23,09:23:21,cancelled,26.82
2458,2156,27,Pasta Carbonara,2021-05-27,06:50:19,completed,6.57
2459,2817,6,"California maki,Souvlaki",2021-12-05,09:38:45,completed,13.23
2460,2758,23,"Ebiten maki,Pasta with Tomato and Basil,Chicken wings",2024-02-26,11:07:20,completed,17.41
2461,533,8,Chilli con carne,2020-03-31,13:13:43,completed,5.72
2462,375,25,"Katsu Curry,Mushroom Risotto",2021-10-18,15:34:56,completed,12.58
2463,2593,30,Salmon nigiri,2023-09-11,10:16:29,completed,5.99
2464,2786,24,Meatballs with sauce,2024-05-01,22:42:58,completed,6.05
2465,1086,9,"Philadelphia maki,Philadelphia maki",2020-07-24,14:43:17,completed,17.17
2466,1715,3,Katsu Curry,2020-09-28,22:31:38,completed,6.95
2467,447,15,Chilli con carne,2023-11-01,12:13:08,completed,4.45
2468,1221,11,Barbecue Ribs,2021-09-07,12:11:24,completed,4.85
2469,585,4,"Tiramisù,Chicken Fajitas",2022-07-16,07:06:46,completed,12.61
2470,84,23,"Lasagne,Lasagne,Ricotta stuffed Ravioli",2020-04-17,20:38:11,completed,16.17
2471,2598,23,"Califlower penne,Fish and chips,Katsu Curry",2023-12-26,21:59:23,completed,18.5
2472,57,4,"Tuna sashimi,Fettuccine Alfredo,Philadelphia maki,Scotch eggs",2020-04-02,08:16:01,completed,29.56
2473,800,7,"Pasta with Tomato and Basil,Chicken Fajitas,Souvlaki,Ricotta stuffed Ravioli",2024-10-15,19:32:40,pending,27.83
2474,2977,25,"Chicken wings,Pasta and Beans,Chicken Fajitas,Mushroom Risotto",2023-01-14,13:09:43,completed,26.13
2475,1434,9,"Philadelphia maki,Linguine with clams",2022-02-17,10:00:01,completed,13.73
2476,2802,28,"Cheeseburger,Risotto with seafood,Meatballs with sauce,Ricotta stuffed Ravioli",2024-04-05,20:42:40,completed,24.87
2477,1526,26,Chicken Fajitas,2024-12-15,10:21:31,pending,5.23
2478,1599,21,Caesar Salad,2022-05-03,12:17:42,completed,8.2
2479,1112,21,"Pork belly buns,Chilli con carne",2024-04-12,14:30:38,completed,13.63
2480,1209,9,"Pappardelle alla Bolognese,Philadelphia maki,Pizza,Philadelphia maki",2022-07-11,06:32:19,completed,19.16
2481,2899,26,"Bruschette with Tomato,Vegetable Soup,Pizza",2020-04-29,14:24:17,completed,22.92
2482,2504,3,Tuna sashimi,2022-05-31,16:36:43,pending,8.58
2483,1100,12,Salmon nigiri,2022-11-07,06:23:09,pending,6.47
2484,2103,19,Scotch eggs,2023-07-27,13:23:34,completed,4.16
2485,2398,19,Katsu Curry,2021-09-04,18:10:26,completed,7.12
2486,607,19,"Chicken wings,Mushroom Risotto",2025-03-20,07:18:50,completed,13.4
2487,2592,27,"Fish and chips,Tuna sashimi,Pasta with Tomato and Basil",2022-08-09,12:22:19,completed,25.86
2488,530,11,Risotto with seafood,2021-05-12,11:45:37,completed,5.85
2489,1254,30,French fries with sausages,2024-08-09,17:02:56,completed,8.06
2490,1688,30,"Caesar Salad,Fettuccine Alfredo",2023-03-14,10:27:32,completed,14.17
2491,1056,14,"Ebiten maki,Meatballs with sauce,Vegetable Soup,California maki",2024-01-16,10:00:45,pending,28.71
2492,1390,8,"California maki,Scotch eggs,Califlower penne",2024-11-06,22:16:17,completed,19.59
2493,1656,29,Pizza,2022-02-20,21:43:16,completed,7.72
2494,2818,30,Scotch eggs,2022-11-02,13:50:25,completed,5.35
2495,1714,7,Souvlaki,2020-10-15,20:31:28,pending,5.84
2496,2932,20,Pappardelle alla Bolognese,2025-02-27,14:39:00,completed,7.37
2497,2002,24,Salmon nigiri,2023-04-13,15:41:32,completed,7.7
2498,1037,5,Teriyaki Chicken donburi,2023-03-23,20:57:12,completed,7.33
2499,2838,22,Pappardelle alla Bolognese,2020-10-17,21:25:26,pending,5.33
2500,400,13,"Souvlaki,Mushroom Risotto,Chicken Fajitas",2024-05-10,07:02:04,completed,16.15
2501,898,26,"Bruschette with Tomato,Caprese Salad",2025-10-02,19:08:17,completed,12.29
2502,1919,17,Vegetable Soup,2021-07-28,14:07:57,completed,8.06
2503,1644,14,Caprese Salad,2021-09-18,15:19:12,completed,6.38
2504,136,2,Tuna sashimi,2023-12-18,13:30:35,pending,4.77
2505,2133,8,"Chicken Fajitas,Pasta and Beans,Katsu Curry",2020-06-17,11:40:23,completed,20.68
2506,891,5,"Califlower penne,Tuna sashimi,California maki",2022-06-06,11:41:48,completed,23.1
2507,2752,18,"Katsu Curry,Ricotta stuffed Ravioli,Bruschette with Tomato",2024-08-20,10:45:09,pending,18.5
2508,37,6,Pork sausage roll,2025-03-15,18:01:55,completed,5.85
2509,2924,3,Pasta and Beans,2021-08-14,18:36:28,pending,7.91
2510,4,12,"Chicken Fajitas,Pasta Carbonara,Teriyaki Chicken donburi",2021-11-18,11:56:00,completed,16.45
2511,1678,1,"Pappardelle alla Bolognese,California maki,Pizza",2021-02-06,22:44:26,completed,20.38
2512,677,21,"Fettuccine Alfredo,Tuna sashimi,Mushroom Risotto",2023-04-05,06:57:48,completed,17.84
2513,2610,29,Fettuccine Alfredo,2020-09-01,10:34:16,completed,4.31
2514,2823,28,Souvlaki,2021-05-15,10:45:37,completed,5.42
2515,1099,27,"Teriyaki Chicken donburi,Caprese Salad,Caprese Salad,Souvlaki",2021-06-30,12:22:38,completed,23.12
2516,2483,17,"Salmon nigiri,Ebiten maki,Chicken milanese",2021-08-19,11:28:12,pending,21.31
2517,473,7,"Pappardelle alla Bolognese,Cheeseburger",2024-06-18,21:05:24,completed,12.97
2518,838,16,Risotto with seafood,2024-03-17,17:03:45,completed,6.51
2519,1501,4,Pasta and Beans,2020-06-21,16:23:09,completed,5.45
2520,2525,27,"Teriyaki Chicken donburi,Mushroom Risotto",2021-06-11,07:08:56,pending,14.41
2521,2910,6,Teriyaki Chicken donburi,2023-12-27,06:41:41,completed,8.96
2522,1178,4,Tuna sashimi,2025-07-28,19:11:58,completed,4.25
2523,75,18,Pasta Carbonara,2024-11-09,18:49:20,pending,8.57
2524,115,7,Ebiten maki,2025-04-23,16:48:22,pending,5.4
2525,448,9,"Caesar Salad,Philadelphia maki,Bruschette with Tomato,Scotch eggs",2022-12-22,06:54:22,completed,26.5
2526,1160,23,"Barbecue Ribs,Chicken wings,Pasta Carbonara,Chicken milanese",2024-12-02,06:54:41,completed,27.7
2527,2691,24,"Tiramisù,Ricotta stuffed Ravioli",2022-01-17,17:02:14,pending,9.25
2528,620,11,Bruschette with Tomato,2025-02-17,06:56:59,completed,7.66
2529,1462,24,"Pasta Carbonara,Fettuccine Alfredo",2024-01-16,16:51:31,completed,13.38
2530,1743,9,Souvlaki,2021-09-19,07:16:05,pending,7.13
2531,1069,23,Pizza,2020-03-11,15:01:14,completed,4.44
2532,1595,8,"Chicken Fajitas,Fettuccine Alfredo,Cheeseburger",2025-06-01,08:40:01,completed,20.05
2533,2741,11,"Mushroom Risotto,Salmon nigiri",2024-07-22,17:21:44,completed,15.69
2534,2441,2,"Fettuccine Alfredo,Tiramisù",2020-06-07,13:42:14,completed,15.29
2535,1547,3,"Linguine with clams,Tuna sashimi,Meatballs with sauce,Pappardelle alla Bolognese,Pappardelle alla Bolognese",2021-06-07,09:52:54,completed,31.75
2536,347,13,Ricotta stuffed Ravioli,2025-09-16,18:32:16,completed,6.8
2537,967,3,"Linguine with clams,Linguine with clams,Pasta and Beans",2021-05-17,22:03:35,pending,19.04
2538,488,17,Teriyaki Chicken donburi,2023-03-20,06:09:22,completed,4.57
2539,2829,9,Pork belly buns,2021-12-31,20:40:26,cancelled,7.62
2540,690,28,"Linguine with clams,Fish and chips,Risotto with seafood,Caesar Salad",2023-01-23,19:14:36,completed,23.76
2541,889,30,Linguine with clams,2022-10-10,07:13:20,completed,7.09
2542,109,12,"Vegetable Soup,Caprese Salad,Tuna sashimi,Vegetable Soup",2022-07-22,11:06:02,completed,22.32
2543,930,12,Chicken Fajitas,2021-05-29,13:15:29,completed,8.01
2544,572,8,"Chicken milanese,Salmon nigiri,Salmon nigiri,Pizza,Cheeseburger",2024-01-01,20:07:25,pending,33.34
2545,2392,5,Philadelphia maki,2020-09-14,06:01:55,pending,5.45
2546,2234,1,"Barbecue Ribs,Mushroom Risotto",2020-05-13,17:25:03,completed,17.4
2547,778,21,"Pappardelle alla Bolognese,Chicken Fajitas,Pork sausage roll,Tiramisù",2024-11-21,14:29:55,pending,27.33
2548,2040,2,Philadelphia maki,2020-02-01,09:47:55,completed,8.68
2549,582,21,Risotto with seafood,2025-01-10,18:40:58,completed,8.73
2550,2973,28,"Katsu Curry,Chicken wings",2025-03-22,11:21:53,completed,9.76
2551,785,18,Caprese Salad,2024-01-30,16:12:49,pending,4.89
2552,32,5,"Ebiten maki,Pasta and Beans",2024-03-30,21:23:05,completed,9.28
2553,615,26,Pizza,2024-03-12,06:57:29,completed,6.05
2554,112,20,"Scotch eggs,Tuna sashimi,Pork sausage roll,Caesar Salad",2022-03-08,11:44:14,pending,25.27
2555,1802,28,Fettuccine Alfredo,2024-05-30,10:54:58,completed,6.62
2556,1072,3,Salmon nigiri,2020-10-23,09:10:02,completed,7.73
2557,1083,1,"Risotto with seafood,Philadelphia maki",2025-09-22,20:10:21,completed,16.75
2558,2208,3,Chilli con carne,2025-04-20,09:57:00,completed,5.68
2559,2293,17,Califlower penne,2020-03-20,12:46:29,completed,5.93
2560,2723,17,"Philadelphia maki,Pasta and Beans",2023-12-18,22:02:34,completed,12.93
2561,437,29,"Tuna sashimi,Philadelphia maki",2022-10-15,13:17:40,pending,8.4
2562,1646,20,"Chicken milanese,Pasta and Beans,Souvlaki,Barbecue Ribs,Fish and chips",2024-07-05,19:07:53,cancelled,33.2
2563,821,4,Risotto with seafood,2025-06-08,08:04:55,completed,5.57
2564,690,4,"Pork sausage roll,Chicken Fajitas,Chicken Fajitas",2022-06-21,17:51:08,cancelled,16.03
2565,1489,8,Vegetable Soup,2023-03-12,09:22:45,pending,4.78
2566,2129,22,"Pappardelle alla Bolognese,Pork belly buns",2021-07-31,14:58:44,completed,12.85
2567,528,9,Scotch eggs,2020-05-12,15:18:48,completed,8.1
2568,488,28,Pasta Carbonara,2023-05-04,10:30:52,completed,8.49
2569,2991,7,"Chilli con carne,Pasta and Beans",2024-06-27,20:16:27,completed,16.92
2570,2922,29,Salmon nigiri,2023-06-22,18:33:04,completed,6.94
2571,2744,22,Scotch eggs,2024-10-27,21:30:46,completed,5.16
2572,2880,5,California maki,2024-06-22,18:30:12,completed,4.6
2573,2595,5,"Linguine with clams,Pork sausage roll,Pasta Carbonara",2020-02-15,22:52:00,pending,19.21
2574,2001,25,"Katsu Curry,Chicken wings,Pork belly buns,Caesar Salad",2023-04-25,18:47:13,completed,27.64
2575,1810,3,"Teriyaki Chicken donburi,Pork sausage roll,Philadelphia maki",2024-05-05,17:13:49,pending,16.59
2576,887,1,Fish and chips,2021-02-13,21:13:13,completed,8.24
2577,1364,21,"Lasagne,Fish and chips",2021-10-09,12:58:25,completed,14.03
2578,1924,28,Ricotta stuffed Ravioli,2023-07-17,21:30:56,pending,7.51
2579,1191,22,"Pizza,Pappardelle alla Bolognese,Meatballs with sauce,Califlower penne,Chilli con carne",2020-10-13,17:23:39,pending,30.83
2580,2924,2,Pappardelle alla Bolognese,2025-03-19,16:28:48,completed,6.36
2581,342,17,"Pappardelle alla Bolognese,Ricotta stuffed Ravioli",2023-07-17,08:03:48,completed,16.1
2582,2109,24,French fries with sausages,2020-04-13,20:10:27,pending,7.36
2583,1071,5,Katsu Curry,2023-04-02,21:32:59,completed,5.64
2584,441,15,"Pasta and Beans,Fettuccine Alfredo",2021-05-05,16:29:05,pending,12.9
2585,1902,29,Fish and chips,2020-10-26,07:19:40,completed,4.12
2586,1483,18,Pizza,2024-12-16,11:26:04,completed,8.04
2587,2681,14,"Chicken wings,Cheeseburger",2024-01-19,13:09:08,completed,11.7
2588,2867,11,"Chilli con carne,Teriyaki Chicken donburi,French fries with sausages,Vegetable Soup,Salmon nigiri",2021-08-12,11:05:21,pending,36.88
2589,1526,16,Tuna sashimi,2022-07-13,09:39:58,completed,8.84
2590,1440,16,Mushroom Risotto,2025-05-24,12:49:04,completed,7.87
2591,1599,5,"Meatballs with sauce,Vegetable Soup,Tiramisù",2020-01-16,10:57:12,completed,16.46
2592,1166,8,"Pasta with Tomato and Basil,French fries with sausages",2020-11-12,19:37:22,completed,13.05
2593,2093,24,"Meatballs with sauce,Pork belly buns",2023-06-13,14:10:11,completed,13.71
2594,2102,21,"Salmon nigiri,Philadelphia maki,Teriyaki Chicken donburi",2021-02-20,19:47:34,completed,14.23
2595,943,20,Pork belly buns,2020-08-23,12:41:35,completed,5.81
2596,1252,21,"Mushroom Risotto,Tuna sashimi",2020-05-21,21:08:45,completed,13.95
2597,430,2,"Chicken wings,Meatballs with sauce",2023-07-13,15:09:55,completed,13.8
2598,2112,2,"Chicken wings,Vegetable Soup,Califlower penne",2020-06-03,14:59:37,pending,18.79
2599,823,9,Tuna sashimi,2021-10-25,07:47:48,completed,5.44
2600,285,3,"Pizza,Pork sausage roll",2022-02-05,07:13:49,completed,14.06
2601,1122,9,"Pappardelle alla Bolognese,Pappardelle alla Bolognese,Vegetable Soup,Pasta and Beans",2020-04-21,09:10:01,completed,20.8
2602,1071,15,Scotch eggs,2020-04-08,12:38:27,completed,4.33
2603,2009,28,"Ebiten maki,Mushroom Risotto",2025-05-08,12:07:15,completed,15.23
2604,2582,23,"Lasagne,Chicken Fajitas",2024-04-22,10:07:17,completed,14.77
2605,2478,6,Pork sausage roll,2025-06-25,20:48:41,pending,4.68
2606,2030,26,"Linguine with clams,Caprese Salad",2022-04-21,14:34:19,completed,15.63
2607,1640,10,Pork sausage roll,2022-10-16,12:55:01,completed,4.26
2608,1434,27,"California maki,Pasta Carbonara,Linguine with clams,Risotto with seafood",2022-08-10,15:12:41,completed,27.38
2609,1168,27,Bruschette with Tomato,2025-08-05,22:53:20,completed,8.53
2610,1951,11,"Salmon nigiri,Teriyaki Chicken donburi,Ebiten maki",2023-03-03,19:46:40,completed,17.45
2611,935,9,"Ebiten maki,Katsu Curry,Pasta Carbonara",2020-04-18,09:58:53,completed,21.01
2612,1417,10,"Chilli con carne,Salmon nigiri",2021-07-28,14:45:48,completed,14.39
2613,142,1,"Ricotta stuffed Ravioli,Chicken wings,Tiramisù,Fish and chips,Vegetable Soup",2024-03-04,16:43:44,completed,33.64
2614,2392,5,Chicken milanese,2020-01-24,06:00:34,completed,6.3
2615,1564,28,Tiramisù,2021-08-29,17:56:37,completed,4.75
2616,1264,11,Meatballs with sauce,2020-09-02,21:12:11,completed,5.63
2617,2415,4,Linguine with clams,2024-02-19,11:53:02,completed,6.8
2618,2685,4,Chicken milanese,2025-01-15,19:01:13,completed,4.1
2619,1343,26,Ricotta stuffed Ravioli,2023-08-11,20:44:41,completed,8.12
2620,446,27,"Tiramisù,Pasta Carbonara",2021-02-12,08:28:28,completed,13.11
2621,1478,30,"Fettuccine Alfredo,Tuna sashimi",2024-12-29,15:20:58,pending,16.55
2622,2385,11,Pasta Carbonara,2022-11-08,20:44:19,completed,6.74
2623,2811,14,Scotch eggs,2021-09-18,19:33:39,completed,8.53
2624,1935,25,"Fish and chips,Mushroom Risotto",2022-12-25,12:57:38,completed,11.07
2625,477,7,"Fettuccine Alfredo,Pasta with Tomato and Basil,Teriyaki Chicken donburi",2020-06-06,08:36:40,completed,23.46
2626,2219,17,Pasta and Beans,2022-01-16,06:49:24,completed,4.88
2627,1791,24,Bruschette with Tomato,2025-06-29,08:46:57,completed,8.2
2628,2365,22,Tiramisù,2023-07-26,07:26:51,pending,5.84
2629,164,5,"Pasta with Tomato and Basil,Chicken wings,Katsu Curry",2020-03-25,07:45:43,completed,23.39
2630,1154,30,"Teriyaki Chicken donburi,Vegetable Soup,Bruschette with Tomato,Meatballs with sauce",2020-05-26,16:59:17,pending,31.35
2631,2886,20,Salmon nigiri,2021-04-18,10:19:35,completed,6.65
2632,670,19,Teriyaki Chicken donburi,2022-03-30,11:28:03,completed,8.57
2633,1067,11,Ebiten maki,2021-08-20,12:27:00,completed,5.99
2634,1294,14,"Chilli con carne,Pasta with Tomato and Basil",2024-11-20,07:55:59,completed,13.82
2635,437,12,Caprese Salad,2023-03-26,11:19:00,completed,5.22
2636,1023,7,"Pasta Carbonara,Chicken milanese",2020-07-25,16:52:26,completed,13.1
2637,47,17,Souvlaki,2020-02-20,17:02:31,cancelled,7.57
2638,1701,27,Tuna sashimi,2021-11-29,11:12:10,completed,8.12
2639,2501,24,"Chicken Fajitas,Pasta Carbonara,Pork belly buns",2020-10-14,17:15:59,completed,24.46
2640,2082,17,"Lasagne,Chilli con carne,Barbecue Ribs,Bruschette with Tomato",2020-12-15,06:32:42,completed,29.3
2641,703,11,"California maki,Barbecue Ribs,Risotto with seafood",2020-07-23,12:54:13,pending,22.66
2642,2545,2,Chicken wings,2023-11-10,22:43:19,completed,7.79
2643,2541,7,Pasta with Tomato and Basil,2024-01-31,10:58:23,completed,4.15
2644,910,21,Katsu Curry,2023-10-11,13:52:18,completed,7.5
2645,2568,27,Fettuccine Alfredo,2020-09-13,22:01:23,completed,4.68
2646,2868,20,Pizza,2020-05-08,06:27:27,pending,8.14
2647,196,13,"Pasta Carbonara,Ebiten maki",2025-06-16,12:21:09,completed,13.05
2648,836,29,Teriyaki Chicken donburi,2022-03-18,16:06:35,completed,7.07
2649,516,18,Pasta and Beans,2022-10-20,22:27:47,completed,5.83
2650,264,1,Linguine with clams,2020-08-08,10:36:50,pending,7.95
2651,1272,4,Scotch eggs,2020-10-10,20:21:25,completed,6.06
2652,2419,9,Chicken wings,2020-11-07,15:09:31,completed,8.47
2653,295,1,"Caprese Salad,Fettuccine Alfredo",2022-06-29,15:49:38,pending,11.23
2654,2245,1,"Chicken wings,Tuna sashimi",2022-12-21,15:57:33,completed,14.98
2655,859,15,Meatballs with sauce,2020-05-29,21:01:22,completed,7.08
2656,213,9,Salmon nigiri,2021-08-01,22:19:02,completed,8.99
2657,1560,11,Pork belly buns,2024-09-24,18:23:14,pending,7.13
2658,2838,1,Barbecue Ribs,2021-11-07,15:52:26,pending,7.78
2659,278,3,"Teriyaki Chicken donburi,Caesar Salad,California maki,Salmon nigiri,Pizza",2023-08-26,18:12:23,completed,33.28
2660,685,2,"Risotto with seafood,Pork belly buns,Pasta Carbonara,Chicken wings,Katsu Curry",2021-10-18,19:09:44,cancelled,31.03
2661,2100,29,"Pappardelle alla Bolognese,Vegetable Soup",2021-04-09,16:56:04,completed,12.63
2662,1693,29,Pappardelle alla Bolognese,2024-11-06,15:56:24,cancelled,4.72
2663,2424,4,Califlower penne,2022-10-25,18:50:57,completed,4.94
2664,122,16,"Barbecue Ribs,California maki",2024-08-26,13:21:43,pending,15.85
2665,699,17,Barbecue Ribs,2025-07-07,08:08:03,completed,4.57
2666,939,18,"Cheeseburger,Fettuccine Alfredo,Fish and chips",2021-04-24,14:02:58,completed,22.4
2667,1391,12,"Caesar Salad,Caesar Salad,Barbecue Ribs,Barbecue Ribs",2020-08-21,18:11:16,completed,23.67
2668,936,23,"Teriyaki Chicken donburi,Bruschette with Tomato",2022-12-26,06:20:15,completed,15.79
2669,1369,28,Chicken milanese,2024-08-08,17:36:40,completed,8.95
2670,1100,21,Pasta Carbonara,2022-10-30,07:51:26,completed,5.27
2671,1935,29,"Philadelphia maki,Teriyaki Chicken donburi",2020-08-23,16:10:22,completed,14.79
2672,398,18,Katsu Curry,2023-12-20,13:33:22,completed,8.73
2673,1094,14,"California maki,Linguine with clams,Chicken milanese",2022-12-04,06:20:01,completed,15.59
2674,1405,11,French fries with sausages,2024-01-12,06:48:41,completed,8.24
2675,2638,23,"Katsu Curry,Ricotta stuffed Ravioli,French fries with sausages",2022-01-14,09:43:32,completed,17.46
2676,2146,3,"Meatballs with sauce,Fish and chips,Bruschette with Tomato,Bruschette with Tomato",2025-03-01,06:21:40,completed,23.46
2677,2017,26,Chilli con carne,2021-04-15,17:21:38,completed,8.82
2678,2271,29,French fries with sausages,2021-04-03,09:48:19,pending,5.53
2679,550,11,"Chilli con carne,Cheeseburger",2023-04-03,21:20:55,completed,11.68
2680,1955,15,Chilli con carne,2025-02-21,06:24:02,completed,4.98
2681,1978,29,"Chicken wings,Tiramisù,Salmon nigiri,Chicken wings",2023-12-25,21:22:40,completed,21.22
2682,1580,7,"Meatballs with sauce,Chicken milanese",2022-08-07,14:50:43,completed,13.19
2683,2376,3,"Cheeseburger,Barbecue Ribs,Lasagne",2021-03-18,15:23:08,completed,18.6
2684,1721,4,"Caesar Salad,Pasta Carbonara",2022-10-06,16:31:08,completed,12.16
2685,1284,26,"Pasta with Tomato and Basil,Barbecue Ribs",2020-03-28,22:42:09,completed,11.41
2686,833,14,"Lasagne,Pappardelle alla Bolognese,Risotto with seafood,Pappardelle alla Bolognese",2024-06-04,09:49:49,completed,28.83
2687,2972,3,"Chicken Fajitas,Caesar Salad,Pork sausage roll",2024-01-10,16:06:02,completed,21.23
2688,1818,18,French fries with sausages,2025-07-04,11:32:30,completed,4.34
2689,1649,14,French fries with sausages,2021-07-02,08:01:25,completed,5.69
2690,1439,18,"Pasta Carbonara,Pasta with Tomato and Basil,Vegetable Soup,Pork belly buns,Pizza",2020-05-24,18:51:14,completed,34.96
2691,48,14,Katsu Curry,2025-05-29,20:28:30,completed,4.18
2692,2961,3,"Caprese Salad,Souvlaki,Barbecue Ribs,Bruschette with Tomato",2024-04-13,20:09:15,completed,27.21
2693,613,11,Pasta and Beans,2023-03-12,10:49:24,completed,7.38
2694,534,5,"Souvlaki,California maki,Ricotta stuffed Ravioli",2020-03-08,06:11:17,completed,18.39
2695,2296,29,"California maki,Salmon nigiri",2022-03-19,18:03:00,completed,14.3
2696,1277,24,Katsu Curry,2023-06-10,18:13:17,completed,6.07
2697,950,8,Pasta Carbonara,2020-10-01,12:14:18,cancelled,6.93
2698,773,19,"Katsu Curry,Cheeseburger",2025-01-10,09:06:16,completed,15.09
2699,1710,12,"Katsu Curry,Tuna sashimi",2020-05-31,17:13:36,completed,15.16
2700,1103,30,"California maki,Ebiten maki",2022-11-28,06:43:59,completed,14.09
2701,1414,13,Risotto with seafood,2022-05-07,20:40:12,completed,5.51
2702,2315,1,Lasagne,2020-12-31,10:21:23,completed,7.65
2703,1851,27,"Fish and chips,Pappardelle alla Bolognese,Salmon nigiri,Ebiten maki,Chicken Fajitas",2021-02-10,15:34:44,completed,36.29
2704,2749,19,"Pork sausage roll,Teriyaki Chicken donburi,Meatballs with sauce,Pasta and Beans,Pork belly buns",2020-08-28,08:53:26,cancelled,29.31
2705,1364,20,"Caesar Salad,Fettuccine Alfredo,Pork sausage roll",2022-06-06,19:29:20,completed,18.36
2706,1392,26,"Caprese Salad,Salmon nigiri,Pasta with Tomato and Basil",2021-01-31,17:42:06,completed,19.39
2707,2849,15,"Bruschette with Tomato,Meatballs with sauce,Teriyaki Chicken donburi,Linguine with clams",2021-12-27,09:35:45,completed,26.89
2708,1059,5,"Chicken Fajitas,Souvlaki,French fries with sausages,Ebiten maki",2023-06-21,16:45:41,pending,26.79
2709,2098,21,"Chilli con carne,Chicken milanese,Pasta and Beans",2020-11-14,18:06:43,pending,19.22
2710,662,5,"Fish and chips,Lasagne,Pizza,Pasta Carbonara,Chilli con carne",2021-07-15,16:08:38,completed,31.17
2711,2082,29,Pasta Carbonara,2022-05-10,20:21:21,pending,8.73
2712,2181,27,Meatballs with sauce,2025-09-27,22:04:05,completed,4.47
2713,1478,3,"Katsu Curry,Barbecue Ribs,Califlower penne,Bruschette with Tomato",2023-07-31,13:12:10,pending,22.9
2714,726,22,Pizza,2024-01-26,21:53:49,completed,6.62
2715,755,19,Pasta and Beans,2024-10-17,11:41:30,completed,6.91
2716,291,6,Katsu Curry,2024-10-31,06:21:09,completed,7.28
2717,2667,20,"Salmon nigiri,Salmon nigiri",2022-10-01,11:01:45,completed,12.23
2718,1212,4,"Chilli con carne,California maki,Bruschette with Tomato,Pappardelle alla Bolognese",2020-03-05,22:38:45,completed,27.16
2719,2825,4,French fries with sausages,2024-06-11,16:57:35,completed,5.78
2720,1837,11,Scotch eggs,2022-04-02,08:47:22,pending,7.53
2721,1176,15,"Tuna sashimi,Fish and chips,Fish and chips",2025-01-12,20:40:22,completed,19.08
2722,2968,5,Chicken wings,2025-08-05,10:28:51,completed,5.41
2723,2854,4,Scotch eggs,2023-10-18,12:44:33,pending,5.99
2724,1919,23,Pappardelle alla Bolognese,2025-04-24,20:53:37,completed,5.3
2725,949,19,Katsu Curry,2024-10-22,21:33:20,cancelled,7.1
2726,1891,6,"Caprese Salad,Tiramisù",2023-02-08,20:25:37,pending,10.52
2727,2037,29,"Katsu Curry,California maki,Pappardelle alla Bolognese,Katsu Curry",2024-10-03,18:30:48,pending,21.66
2728,2749,16,"Cheeseburger,Salmon nigiri,Chilli con carne,Scotch eggs,Fettuccine Alfredo",2025-07-10,13:05:11,completed,28.89
2729,457,21,Linguine with clams,2022-07-26,17:07:48,pending,7.16
2730,1217,16,Meatballs with sauce,2025-06-10,18:42:17,completed,5.97
2731,2000,13,Chicken wings,2025-05-19,09:21:27,completed,8.06
2732,2634,21,Mushroom Risotto,2023-02-24,13:31:02,completed,4.87
2733,2069,14,Risotto with seafood,2025-09-28,21:54:30,pending,7.07
2734,798,17,"California maki,Pork belly buns",2021-10-08,14:56:12,completed,13.23
2735,1465,2,"Tuna sashimi,French fries with sausages",2021-07-07,11:21:19,completed,15.44
2736,263,28,Linguine with clams,2021-05-15,15:25:58,completed,4.21
2737,1533,10,"Scotch eggs,Caesar Salad",2025-03-09,13:05:42,completed,14.54
2738,66,12,"Caprese Salad,Linguine with clams,Fish and chips",2024-12-10,16:46:27,completed,15.86
2739,849,13,Mushroom Risotto,2025-02-03,15:23:37,completed,7.4
2740,1269,27,Meatballs with sauce,2022-12-14,10:39:56,completed,5.14
2741,1196,29,Fettuccine Alfredo,2025-03-16,19:24:06,pending,7.89
2742,2839,20,Fettuccine Alfredo,2021-08-23,22:45:02,completed,8.47
2743,1704,4,"Philadelphia maki,Ricotta stuffed Ravioli",2024-03-22,22:44:16,completed,16.32
2744,1742,16,Philadelphia maki,2022-02-22,07:42:52,completed,5.97
2745,2496,19,Ebiten maki,2023-12-02,16:40:47,completed,8.91
2746,2309,19,"Caprese Salad,Fish and chips,Risotto with seafood,French fries with sausages",2021-12-15,07:51:45,completed,20.84
2747,441,20,Bruschette with Tomato,2023-12-07,15:29:00,completed,7.38
2748,515,25,Risotto with seafood,2022-12-14,16:59:43,completed,8.48
2749,69,7,"Caesar Salad,Souvlaki,Tiramisù,Caprese Salad,Barbecue Ribs",2024-08-14,16:25:42,completed,28.55
2750,2866,29,Vegetable Soup,2025-01-18,15:33:21,completed,5.96
2751,914,11,Califlower penne,2025-10-01,14:48:02,completed,4.25
2752,1134,16,"California maki,Barbecue Ribs",2025-10-06,07:42:29,completed,10.13
2753,710,3,"Souvlaki,Pork sausage roll",2020-11-15,22:25:52,completed,14.22
2754,1315,26,"Pasta with Tomato and Basil,Salmon nigiri,Tiramisù",2025-02-27,15:26:48,completed,21.23
2755,2576,17,"Pork sausage roll,Caprese Salad",2024-12-30,22:07:54,completed,11.09
2756,841,21,Fish and chips,2023-03-23,09:27:13,completed,5.43
2757,431,11,"Barbecue Ribs,Fettuccine Alfredo,Meatballs with sauce,Linguine with clams",2020-05-17,08:15:31,pending,29.12
2758,1605,6,"French fries with sausages,Caprese Salad",2023-07-11,20:16:17,completed,14.47
2759,480,17,Fish and chips,2022-06-25,21:12:21,completed,8.12
2760,150,20,"Risotto with seafood,Pappardelle alla Bolognese",2022-10-05,12:51:56,completed,16.34
2761,2611,29,"Pork sausage roll,Katsu Curry,Scotch eggs",2024-12-16,12:14:26,completed,20.07
2762,1175,23,"Pizza,Fish and chips",2024-08-18,12:29:55,pending,13.27
2763,2067,6,"Califlower penne,Philadelphia maki,Pizza,Bruschette with Tomato",2025-01-09,10:42:39,completed,31.91
2764,183,11,Souvlaki,2023-10-10,17:16:04,completed,6.86
2765,192,15,Caesar Salad,2021-01-30,11:15:34,pending,8.44
2766,668,20,Fettuccine Alfredo,2021-01-22,10:24:24,pending,7.83
2767,1651,6,Barbecue Ribs,2020-08-22,15:51:41,completed,5.84
2768,1637,6,"Fettuccine Alfredo,Pizza,Lasagne,California maki",2021-01-24,13:55:57,completed,27.45
2769,1801,3,Katsu Curry,2021-08-08,07:41:24,completed,7.25
2770,352,13,Caesar Salad,2020-02-16,11:54:22,completed,6.93
2771,346,4,"Risotto with seafood,Pappardelle alla Bolognese,Philadelphia maki",2024-08-25,17:00:27,cancelled,20.53
2772,496,8,Linguine with clams,2024-07-03,07:09:59,completed,5.27
2773,2451,15,"Ricotta stuffed Ravioli,Risotto with seafood,Caprese Salad",2021-08-22,20:36:48,completed,20.55
2774,2270,10,"Cheeseburger,Ebiten maki",2020-02-08,14:36:28,completed,11.58
2775,250,30,Chilli con carne,2022-06-23,14:39:53,completed,5.5
2776,1801,25,Pasta and Beans,2022-07-08,13:58:22,completed,5.53
2777,835,10,"Katsu Curry,Pappardelle alla Bolognese",2025-06-27,21:40:31,completed,9.76
2778,182,17,"Pappardelle alla Bolognese,Ebiten maki,Chicken wings,Bruschette with Tomato",2024-09-20,09:54:41,completed,30.42
2779,351,20,"Chicken Fajitas,Caprese Salad,Cheeseburger,French fries with sausages",2020-11-27,08:51:12,completed,27.37
2780,2656,13,"Chicken milanese,Pappardelle alla Bolognese",2025-01-10,12:53:06,completed,10.01
2781,588,30,Salmon nigiri,2021-02-20,07:46:04,pending,5.71
2782,1733,1,"Pizza,Pasta with Tomato and Basil,Pork belly buns,Cheeseburger",2023-04-03,11:11:31,completed,24.57
2783,1912,16,"Fettuccine Alfredo,Chicken wings,Linguine with clams",2020-07-18,06:40:05,completed,18.1
2784,1274,18,Fettuccine Alfredo,2022-03-14,06:18:04,completed,5.52
2785,1763,1,Ricotta stuffed Ravioli,2020-05-21,19:03:43,completed,5.74
2786,1432,19,"Pork sausage roll,French fries with sausages",2023-11-07,17:49:31,completed,10.37
2787,1628,7,"Vegetable Soup,Chicken milanese,Tuna sashimi,California maki",2025-07-20,10:54:48,completed,25.19
2788,2704,11,"Scotch eggs,Chicken Fajitas,Pork sausage roll,Tuna sashimi",2022-07-21,14:52:07,completed,21.55
2789,34,27,Pasta Carbonara,2022-02-16,14:40:05,completed,8.4
2790,2971,26,Mushroom Risotto,2022-03-28,07:27:52,completed,8.74
2791,2001,6,"Souvlaki,Barbecue Ribs",2024-06-06,10:22:16,pending,12.5
2792,2175,5,"Fettuccine Alfredo,Souvlaki,Vegetable Soup",2021-04-27,12:41:45,completed,16.84
2793,1745,1,"Barbecue Ribs,Caprese Salad,Fish and chips,Pasta Carbonara,Califlower penne",2024-08-12,20:50:50,pending,34.49
2794,431,18,Pork sausage roll,2022-08-27,11:44:14,cancelled,6.56
2795,151,27,"Chicken Fajitas,Lasagne,French fries with sausages",2024-12-08,07:39:15,pending,17.57
2796,2082,5,Cheeseburger,2021-12-21,22:13:23,completed,8.99
2797,2301,24,Philadelphia maki,2023-08-30,21:56:34,cancelled,5.39
2798,1048,11,"Pasta with Tomato and Basil,Tuna sashimi",2023-11-26,10:01:54,completed,10.36
2799,1817,16,"Ebiten maki,Souvlaki",2021-08-24,12:00:44,completed,11.65
2800,2156,20,"Teriyaki Chicken donburi,Pasta and Beans",2020-05-10,09:00:10,completed,11.59
2801,19,16,Pizza,2020-01-21,08:18:54,completed,5.79
2802,1644,21,"Chicken milanese,Risotto with seafood",2023-07-08,06:53:01,completed,14.47
2803,2856,25,"Pasta with Tomato and Basil,Chilli con carne,Teriyaki Chicken donburi",2020-07-24,07:58:27,pending,15.89
2804,1083,7,Teriyaki Chicken donburi,2022-01-10,22:44:18,completed,6.34
2805,441,12,"Chilli con carne,Chicken wings",2021-01-23,07:50:25,completed,11.95
2806,345,17,Chicken Fajitas,2025-02-12,20:22:36,completed,8.15
2807,93,22,Souvlaki,2020-12-15,09:08:59,completed,6.61
2808,2387,25,"Pizza,Ricotta stuffed Ravioli",2024-10-31,19:44:06,completed,11.03
2809,2718,15,"Chilli con carne,California maki,Bruschette with Tomato,Lasagne",2023-11-05,07:31:14,pending,29.48
2810,222,20,"Pasta and Beans,Pork belly buns,Caprese Salad",2024-02-18,19:05:44,pending,20.7
2811,1087,2,"French fries with sausages,Pappardelle alla Bolognese,Ebiten maki,Pasta Carbonara",2021-01-23,06:00:58,completed,25.6
2812,147,5,"California maki,Ricotta stuffed Ravioli,Risotto with seafood,Caprese Salad,Pizza",2020-06-17,08:49:48,completed,34.46
2813,2264,7,Ricotta stuffed Ravioli,2022-04-13,18:47:43,completed,4.09
2814,1773,20,"Risotto with seafood,Teriyaki Chicken donburi",2022-01-13,14:10:26,completed,14.25
2815,2037,13,"Pappardelle alla Bolognese,Caprese Salad,Caesar Salad,Lasagne",2022-11-25,20:10:34,completed,23.62
2816,2700,24,"Scotch eggs,Risotto with seafood",2024-10-25,12:23:36,completed,13.57
2817,2235,17,Chilli con carne,2021-10-17,18:07:09,completed,6.63
2818,481,20,"California maki,Chicken wings,Risotto with seafood,French fries with sausages",2021-01-31,10:35:47,completed,24.07
2819,1244,13,"Pasta Carbonara,Pizza,Vegetable Soup",2022-09-07,19:16:20,pending,20.1
2820,2189,4,"Vegetable Soup,Salmon nigiri,Pork belly buns",2022-09-07,12:00:35,pending,17.91
2821,1165,11,Pork belly buns,2021-02-12,08:28:46,pending,7.06
2822,2533,13,"Bruschette with Tomato,Risotto with seafood,Risotto with seafood,Tiramisù",2021-04-18,11:27:24,completed,25.75
2823,105,10,"Fish and chips,Linguine with clams",2025-07-10,15:41:38,completed,12.84
2824,1899,18,"Vegetable Soup,Barbecue Ribs,Chilli con carne,Chicken milanese",2022-05-16,22:07:03,completed,28.12
2825,2962,13,"Risotto with seafood,Pizza,Pork belly buns,Pork belly buns",2023-09-13,18:13:12,pending,27.58
2826,2590,13,"Bruschette with Tomato,Scotch eggs,Teriyaki Chicken donburi,Mushroom Risotto",2020-06-22,17:10:00,completed,27.85
2827,331,5,Teriyaki Chicken donburi,2020-08-31,12:41:44,completed,8.42
2828,2096,2,"Pork belly buns,Chilli con carne,Pasta and Beans",2023-06-14,19:07:27,completed,14.18
2829,1052,29,"Califlower penne,Souvlaki,California maki,Chicken wings,Califlower penne",2023-04-02,12:34:07,cancelled,33.56
2830,2951,19,Tuna sashimi,2020-01-11,07:36:53,completed,4.48
2831,2874,15,Fettuccine Alfredo,2023-06-12,22:58:04,completed,5.9
2832,2693,11,"Pork sausage roll,Philadelphia maki,Fish and chips",2023-04-10,12:04:56,completed,20.01
2833,2179,21,"Pork sausage roll,Tuna sashimi,Pork sausage roll,Vegetable Soup,Pork sausage roll",2024-05-30,08:31:21,completed,31.65
2834,818,30,Meatballs with sauce,2023-10-23,10:59:20,cancelled,4.1
2835,1320,3,Philadelphia maki,2025-06-03,15:20:51,cancelled,8.8
2836,684,8,Pork belly buns,2024-04-13,10:23:44,completed,7.03
2837,2940,6,"Ebiten maki,Mushroom Risotto",2023-02-16,08:46:16,completed,10.57
2838,1305,30,Barbecue Ribs,2021-05-10,09:06:24,completed,5.96
2839,436,17,Chicken milanese,2023-05-20,13:37:49,completed,5.69
2840,2871,1,"Chicken Fajitas,Teriyaki Chicken donburi,Chilli con carne",2020-04-19,08:52:18,completed,17.11
2841,2928,2,Souvlaki,2021-12-03,06:10:33,completed,5.07
2842,1983,27,Barbecue Ribs,2020-02-17,14:43:33,completed,6.36
2843,2108,2,Pappardelle alla Bolognese,2022-11-11,20:43:31,pending,6.03
2844,2433,11,Tiramisù,2025-08-04,19:24:38,completed,4.64
2845,1496,26,Cheeseburger,2024-01-01,07:50:47,pending,7.48
2846,2550,21,Philadelphia maki,2021-11-08,12:24:08,completed,7.85
2847,2917,16,"Fish and chips,Chicken Fajitas,Risotto with seafood,Pasta with Tomato and Basil",2021-08-15,11:10:17,completed,22.14
2848,2915,22,"Chicken wings,Caesar Salad,Ricotta stuffed Ravioli,Chicken Fajitas",2023-12-15,14:12:23,completed,26.51
2849,576,11,"Fettuccine Alfredo,French fries with sausages",2024-10-02,07:12:57,pending,9.77
2850,1898,22,Ricotta stuffed Ravioli,2021-07-25,15:55:50,completed,8.51
2851,2310,13,"Katsu Curry,Pasta Carbonara,Linguine with clams,Bruschette with Tomato",2024-10-08,12:56:42,pending,25.5
2852,1298,30,"Bruschette with Tomato,Ricotta stuffed Ravioli,Fettuccine Alfredo,Fish and chips,Souvlaki",2020-01-13,13:59:01,completed,35.5
2853,137,19,Salmon nigiri,2021-08-16,06:13:32,pending,4.05
2854,2673,22,"Risotto with seafood,Califlower penne",2023-10-28,14:31:20,pending,13.84
2855,1882,4,Vegetable Soup,2022-08-26,07:50:38,completed,8.22
2856,2929,18,"Scotch eggs,Katsu Curry",2022-02-03,11:36:48,completed,8.95
2857,1137,2,"Ebiten maki,Vegetable Soup",2021-06-15,21:52:46,completed,16.95
2858,2046,27,Cheeseburger,2024-01-26,11:02:47,cancelled,6.74
2859,2169,8,"Fish and chips,Caprese Salad,Chicken milanese,Pasta Carbonara",2023-01-28,13:30:23,completed,27.0
2860,2238,25,Caesar Salad,2021-09-22,06:18:20,completed,5.24
2861,534,18,"Ebiten maki,Vegetable Soup,Pasta with Tomato and Basil",2021-08-28,18:55:20,completed,17.86
2862,254,22,"Linguine with clams,Linguine with clams",2020-09-24,14:55:40,completed,11.95
2863,2879,1,Philadelphia maki,2025-05-09,19:12:14,completed,6.46
2864,1683,26,Chicken wings,2023-10-12,06:54:05,pending,4.98
2865,692,27,"California maki,Chicken wings,Teriyaki Chicken donburi",2025-03-08,09:36:52,pending,20.41
2866,1498,19,Ricotta stuffed Ravioli,2022-08-18,20:59:09,completed,5.84
2867,2594,16,"Ebiten maki,Bruschette with Tomato,Chicken wings",2023-05-22,19:43:49,completed,20.75
2868,398,20,"Pasta and Beans,Chilli con carne",2023-11-15,22:31:11,completed,14.93
2869,970,14,"Pork belly buns,Ebiten maki",2024-09-28,14:32:57,completed,16.28
2870,2611,28,"Pasta with Tomato and Basil,Salmon nigiri,Bruschette with Tomato,Pasta with Tomato and Basil,Ebiten maki",2023-02-27,08:52:40,completed,31.19
2871,2283,27,"Souvlaki,Caesar Salad",2022-04-05,18:51:44,completed,14.01
2872,2964,7,"Ebiten maki,Risotto with seafood",2022-04-21,16:09:59,completed,14.99
2873,1661,5,Tiramisù,2022-04-22,16:31:23,completed,6.86
2874,384,4,Ebiten maki,2023-05-08,16:56:15,completed,5.91
2875,1357,27,"Caesar Salad,Teriyaki Chicken donburi,Califlower penne",2024-04-14,15:54:24,completed,20.23
2876,1809,16,Fettuccine Alfredo,2021-06-02,11:56:25,completed,4.85
2877,1477,24,"Ricotta stuffed Ravioli,California maki",2023-10-28,16:24:49,completed,12.98
2878,2220,28,Fettuccine Alfredo,2021-05-25,12:31:41,completed,8.6
2879,2580,8,"Salmon nigiri,Tiramisù",2024-04-25,18:30:55,completed,11.32
2880,1337,11,"Scotch eggs,Katsu Curry,Linguine with clams",2024-10-31,20:35:05,pending,22.2
2881,2057,17,"Chicken milanese,Ebiten maki",2025-05-30,11:04:47,cancelled,16.54
2882,157,18,"Philadelphia maki,Fish and chips",2023-03-08,18:23:07,completed,13.47
2883,1098,5,Lasagne,2022-02-24,09:56:57,completed,7.96
2884,1703,25,Risotto with seafood,2023-08-30,13:47:03,cancelled,8.3
2885,2112,3,Scotch eggs,2021-09-06,18:48:50,completed,8.81
2886,815,29,Lasagne,2021-06-16,06:27:48,completed,4.11
2887,2079,7,"Ebiten maki,Philadelphia maki",2020-08-01,08:01:14,completed,9.52
2888,612,2,"Katsu Curry,Barbecue Ribs",2021-12-24,12:52:08,completed,12.24
2889,2588,18,"Tiramisù,Pizza",2023-05-14,12:02:11,completed,13.28
2890,2443,5,"Salmon nigiri,Chilli con carne",2022-10-26,06:26:44,completed,9.08
2891,1472,4,"Califlower penne,California maki",2024-08-02,09:08:36,completed,16.41
2892,2004,3,"Pork belly buns,Pasta with Tomato and Basil,Mushroom Risotto",2021-09-16,11:14:21,completed,22.96
2893,287,22,Fettuccine Alfredo,2021-06-20,13:52:29,completed,7.48
2894,197,27,Chicken milanese,2020-09-18,14:20:40,pending,7.87
2895,602,13,"French fries with sausages,Chicken milanese",2021-06-24,19:31:37,completed,9.64
2896,434,3,Chicken milanese,2025-03-07,11:21:34,completed,5.16
2897,286,3,"Philadelphia maki,Cheeseburger",2022-03-25,12:27:19,pending,10.69
2898,1079,6,"Linguine with clams,Chicken wings",2020-07-31,17:29:28,completed,13.77
2899,2225,14,Tuna sashimi,2020-10-18,10:08:05,completed,4.42
2900,386,4,Tuna sashimi,2023-01-08,07:39:04,completed,7.19
2901,1203,16,"Caprese Salad,Souvlaki,Cheeseburger,Ebiten maki",2024-08-10,21:37:21,cancelled,30.15
2902,1314,28,Mushroom Risotto,2023-09-25,19:54:51,completed,6.2
2903,2217,11,"Cheeseburger,Scotch eggs",2021-04-29,10:11:21,completed,12.0
2904,2716,9,"Fish and chips,Souvlaki,Chilli con carne",2024-03-09,20:20:10,completed,21.52
2905,2891,29,"Mushroom Risotto,Pappardelle alla Bolognese",2024-03-26,11:46:09,pending,12.26
2906,1717,2,Califlower penne,2020-12-13,16:53:15,completed,4.53
2907,2107,16,"Cheeseburger,Ricotta stuffed Ravioli",2022-10-29,21:44:38,completed,13.44
2908,285,22,"Risotto with seafood,Pork belly buns",2020-11-10,13:21:14,completed,13.3
2909,2868,14,California maki,2023-10-03,20:11:12,completed,5.4
2910,2157,14,"Tiramisù,Meatballs with sauce,Chilli con carne",2024-01-21,11:18:59,completed,20.3
2911,942,11,Vegetable Soup,2020-09-16,12:20:59,completed,6.14
2912,1460,16,Linguine with clams,2021-11-23,17:34:54,completed,7.26
2913,65,28,"Scotch eggs,Mushroom Risotto,California maki",2022-04-25,08:19:14,completed,19.35
2914,1401,8,California maki,2023-10-23,21:37:12,completed,8.14
2915,2387,25,Pork belly buns,2022-02-16,18:41:03,completed,8.66
2916,1090,9,Ricotta stuffed Ravioli,2022-04-27,11:32:59,completed,5.14
2917,1286,25,"Pork belly buns,Tiramisù,Barbecue Ribs",2021-08-23,16:48:50,completed,19.61
2918,119,18,Chicken Fajitas,2020-07-28,10:59:11,completed,7.85
2919,2073,18,"Lasagne,Caesar Salad",2023-04-09,14:10:00,pending,12.16
2920,198,13,California maki,2025-07-07,11:22:40,completed,4.87
2921,2233,13,"French fries with sausages,Katsu Curry,Fish and chips,Ebiten maki,California maki",2024-08-23,22:56:14,completed,30.79
2922,1077,3,Pasta with Tomato and Basil,2024-03-18,20:43:17,completed,7.77
2923,219,13,"French fries with sausages,Tiramisù",2021-02-22,14:44:43,completed,15.65
2924,1253,9,Pasta with Tomato and Basil,2025-03-06,18:08:55,completed,5.87
2925,1162,4,Lasagne,2020-08-30,11:04:47,completed,4.53
2926,349,4,Chilli con carne,2024-11-08,20:38:28,completed,6.39
2927,2277,20,"Tuna sashimi,California maki",2020-08-10,17:17:11,completed,14.62
2928,1369,20,Caesar Salad,2021-01-31,06:56:12,completed,4.33
2929,2864,5,Meatballs with sauce,2025-08-28,14:18:06,completed,6.0
2930,742,30,"Barbecue Ribs,Califlower penne,Cheeseburger",2021-02-25,13:52:46,completed,18.76
2931,2157,7,"Barbecue Ribs,Risotto with seafood,Teriyaki Chicken donburi",2020-05-23,14:56:51,completed,14.05
2932,633,19,Tuna sashimi,2025-07-05,16:56:31,pending,8.56
2933,2303,2,Katsu Curry,2022-08-07,20:08:14,completed,4.67
2934,881,29,"Fish and chips,Ricotta stuffed Ravioli",2021-09-09,15:10:39,completed,10.17
2935,875,7,Souvlaki,2024-02-09,07:45:37,completed,4.64
2936,1109,26,"Lasagne,Chicken Fajitas,Salmon nigiri,California maki",2025-02-23,13:02:07,completed,24.5
2937,1774,30,Califlower penne,2021-07-12,10:11:35,pending,5.48
2938,498,9,"Lasagne,Pizza,Teriyaki Chicken donburi",2021-11-16,20:21:23,completed,18.91
2939,25,1,Fettuccine Alfredo,2023-04-23,08:48:53,completed,6.37
2940,2399,28,California maki,2022-05-28,07:17:59,completed,8.92
2941,304,16,Vegetable Soup,2024-05-22,08:50:00,pending,5.35
2942,1300,11,"Scotch eggs,California maki,Chicken wings,Teriyaki Chicken donburi,Caprese Salad",2022-05-29,07:35:51,pending,31.53
2943,1334,18,"California maki,Risotto with seafood,Souvlaki,Fettuccine Alfredo",2025-05-15,13:06:31,completed,23.96
2944,424,1,Pasta and Beans,2024-07-31,15:13:59,completed,6.57
2945,2025,14,"Chilli con carne,Pappardelle alla Bolognese,Risotto with seafood",2020-03-29,07:09:15,completed,19.86
2946,2105,29,Tuna sashimi,2021-01-31,18:37:42,pending,4.78
2947,2718,7,Fish and chips,2022-05-03,13:18:09,completed,8.56
2948,962,28,"Califlower penne,Califlower penne,Caesar Salad",2023-04-30,17:56:43,completed,19.2
2949,2322,27,Linguine with clams,2025-08-14,09:50:12,completed,7.33
2950,130,1,"California maki,Katsu Curry,Salmon nigiri",2023-11-17,17:40:26,pending,18.52
2951,1144,17,"Linguine with clams,Vegetable Soup,Pasta and Beans",2025-05-30,08:58:15,completed,20.06
2952,2647,25,Teriyaki Chicken donburi,2023-10-18,08:44:39,completed,8.37
2953,654,18,Pasta and Beans,2020-05-11,14:20:08,completed,8.42
2954,2657,12,"Fish and chips,Fettuccine Alfredo,Chicken Fajitas",2022-03-05,13:44:14,completed,15.47
2955,1456,14,"Katsu Curry,Caprese Salad",2022-06-15,19:42:32,completed,13.93
2956,517,20,"Chicken Fajitas,Meatballs with sauce,Lasagne,Tiramisù",2022-12-16,14:50:49,pending,27.95
2957,500,27,"Pasta Carbonara,French fries with sausages,Scotch eggs",2021-05-29,21:58:02,completed,19.76
2958,1346,5,"Pasta and Beans,Mushroom Risotto,Ricotta stuffed Ravioli",2025-09-26,06:07:31,pending,15.15
2959,2741,17,"Tuna sashimi,Pappardelle alla Bolognese,Chicken Fajitas,Pappardelle alla Bolognese,Cheeseburger",2022-06-10,13:37:24,completed,32.68
2960,1905,3,"Chicken Fajitas,Pizza",2021-07-17,12:46:01,completed,13.85
2961,712,10,"Chicken milanese,Pork sausage roll,Risotto with seafood",2024-05-18,11:02:06,pending,21.47
2962,497,12,"Vegetable Soup,Vegetable Soup",2021-10-29,20:54:45,completed,16.14
2963,2405,8,Scotch eggs,2020-11-17,13:28:16,completed,8.63
2964,2157,14,"Caprese Salad,Souvlaki",2021-12-11,16:33:05,pending,8.4
2965,256,2,Chicken wings,2023-05-25,17:25:33,pending,4.82
2966,2486,19,"Philadelphia maki,Scotch eggs",2021-11-14,12:46:26,completed,11.76
2967,195,7,"Teriyaki Chicken donburi,Scotch eggs,Bruschette with Tomato,Tiramisù",2021-12-14,07:05:43,completed,25.45
2968,1672,24,"Califlower penne,Caesar Salad",2023-04-10,07:59:40,completed,11.39
2969,2120,18,Pasta and Beans,2025-01-22,21:24:35,pending,5.87
2970,1029,30,"Meatballs with sauce,Pork sausage roll,California maki",2021-09-21,14:18:45,completed,22.68
2971,2640,20,Scotch eggs,2024-07-19,08:55:55,pending,5.73
2972,439,18,"Califlower penne,Bruschette with Tomato",2022-02-07,07:10:03,completed,16.35
2973,1075,9,Chilli con carne,2024-09-29,20:39:42,completed,4.69
2974,952,8,"Scotch eggs,Lasagne,California maki",2020-08-31,17:53:50,completed,20.34
2975,2262,25,"Salmon nigiri,Scotch eggs,Chicken Fajitas",2020-08-16,12:01:02,completed,23.1
2976,2086,9,"Meatballs with sauce,French fries with sausages",2025-05-24,13:47:14,completed,16.58
2977,488,14,"Chilli con carne,Tuna sashimi,Chicken Fajitas",2025-04-21,15:44:06,completed,24.11
2978,892,10,Vegetable Soup,2024-09-29,06:19:53,completed,6.99
2979,767,16,"Fish and chips,Philadelphia maki",2021-08-07,15:28:17,completed,11.23
2980,217,1,"French fries with sausages,Fish and chips,Pasta and Beans",2023-05-01,11:08:41,completed,17.5
2981,1518,3,Bruschette with Tomato,2020-03-01,14:37:28,pending,4.79
2982,842,2,Philadelphia maki,2022-08-21,21:01:28,cancelled,8.18
2983,298,28,Lasagne,2021-07-12,22:46:10,completed,7.47
2984,1619,9,"Cheeseburger,Tuna sashimi",2022-07-30,13:06:23,pending,13.53
2985,2317,21,"Caesar Salad,Bruschette with Tomato",2023-08-16,06:36:28,completed,13.58
2986,225,19,Tiramisù,2025-08-06,18:03:24,completed,5.14
2987,1319,26,"French fries with sausages,French fries with sausages",2021-07-28,15:10:07,completed,12.49
2988,2771,9,Caesar Salad,2020-01-29,07:33:04,completed,4.5
2989,468,26,California maki,2020-12-17,22:05:30,completed,7.09
2990,271,16,"California maki,Linguine with clams",2022-05-14,07:31:30,completed,13.88
2991,2864,21,"Chicken wings,Pasta with Tomato and Basil,Teriyaki Chicken donburi",2020-03-18,08:19:06,pending,17.06
2992,1247,16,"Philadelphia maki,Katsu Curry,Vegetable Soup,Philadelphia maki",2020-12-23,11:01:53,completed,28.19
2993,1416,13,"Risotto with seafood,Salmon nigiri",2024-10-06,13:52:36,completed,13.23
2994,1683,18,"Pasta Carbonara,Souvlaki,Cheeseburger",2025-01-16,20:16:40,pending,19.76
2995,72,8,"Caprese Salad,Caesar Salad",2025-05-14,15:02:11,completed,14.36
2996,883,8,"Salmon nigiri,Pork belly buns,Souvlaki",2024-11-22,18:40:29,completed,22.43
2997,619,21,"Tiramisù,Pasta and Beans",2020-09-08,18:35:48,completed,10.11
2998,1045,17,"Teriyaki Chicken donburi,Chicken milanese,Ricotta stuffed Ravioli",2021-06-17,20:14:48,pending,21.98
2999,1580,23,"Vegetable Soup,Califlower penne,Linguine with clams,Caprese Salad",2020-08-24,08:26:51,completed,24.42
3000,2574,19,"Vegetable Soup,French fries with sausages",2020-01-01,18:26:05,completed,10.61
3001,2519,30,"Pizza,Caprese Salad,Pasta and Beans",2022-03-11,16:38:47,pending,18.62
3002,1215,10,"Caesar Salad,Pork sausage roll,Pasta with Tomato and Basil",2021-10-06,08:41:28,cancelled,15.29
3003,2295,1,"Chicken wings,Caesar Salad,Pappardelle alla Bolognese",2020-08-11,20:18:51,completed,21.99
3004,2319,30,Scotch eggs,2024-07-18,19:40:42,completed,4.59
3005,179,12,"Meatballs with sauce,Caesar Salad,Salmon nigiri",2020-06-13,13:25:10,completed,17.95
3006,1113,5,"Ebiten maki,Fettuccine Alfredo",2022-06-03,21:37:18,pending,15.92
3007,138,11,"Chicken wings,Katsu Curry,Philadelphia maki",2020-12-31,18:27:03,completed,21.88
3008,505,8,"Ebiten maki,Souvlaki,Meatballs with sauce",2022-10-12,17:11:06,completed,18.83
3009,378,14,"Pork belly buns,Chilli con carne,Katsu Curry",2023-01-21,08:44:17,completed,19.49
3010,539,15,"Teriyaki Chicken donburi,Chicken milanese,Vegetable Soup,Salmon nigiri,French fries with sausages",2022-05-26,22:55:15,completed,37.84
3011,2631,22,Chicken Fajitas,2020-03-10,11:13:23,completed,8.19
3012,1878,17,Chicken wings,2023-06-24,15:12:02,completed,4.99
3013,2944,6,French fries with sausages,2023-09-19,11:14:00,completed,6.01
3014,1775,18,"Souvlaki,Ebiten maki,Chilli con carne,Chicken Fajitas,Linguine with clams",2021-02-16,09:52:27,completed,36.32
3015,2116,8,"Philadelphia maki,Mushroom Risotto",2023-03-14,06:30:39,completed,12.25
3016,1962,13,Caesar Salad,2022-06-15,22:06:44,completed,5.94
3017,1982,17,Teriyaki Chicken donburi,2023-07-12,13:16:20,completed,6.2
3018,2541,29,"Pasta and Beans,Risotto with seafood",2023-06-24,22:12:12,cancelled,12.11
3019,1605,22,Pork belly buns,2025-09-20,11:46:27,completed,8.95
3020,756,8,Katsu Curry,2023-08-11,20:35:36,pending,5.02
3021,2667,3,Fish and chips,2024-05-08,18:59:01,completed,8.72
3022,1000,12,Chicken wings,2024-10-22,15:05:38,completed,4.14
3023,1556,1,Salmon nigiri,2025-04-09,22:30:11,completed,7.67
3024,410,28,"Ricotta stuffed Ravioli,California maki,Meatballs with sauce,Philadelphia maki,Pasta Carbonara",2023-11-06,15:16:18,completed,28.74
3025,1593,17,Chilli con carne,2021-10-16,09:56:08,completed,5.0
3026,2004,21,"Califlower penne,Caesar Salad,Philadelphia maki,Bruschette with Tomato",2025-02-03,08:13:37,completed,28.26
3027,194,13,Salmon nigiri,2022-11-20,15:48:47,completed,7.0
3028,2109,28,Scotch eggs,2023-08-03,22:04:34,completed,6.27
3029,1560,27,Fettuccine Alfredo,2020-01-07,18:52:25,completed,5.67
3030,2419,1,Pork sausage roll,2021-07-05,20:32:43,cancelled,5.08
3031,1282,6,"Mushroom Risotto,Pasta with Tomato and Basil",2025-03-21,20:53:02,completed,8.5
3032,1903,25,"Scotch eggs,French fries with sausages,California maki,Pizza",2022-10-10,14:38:07,completed,23.81
3033,968,16,Chicken milanese,2020-10-17,16:55:55,cancelled,8.1
3034,1377,13,"Meatballs with sauce,Chicken milanese,Bruschette with Tomato",2020-04-25,13:17:36,pending,23.42
3035,2029,20,"Fish and chips,Pork belly buns",2021-11-28,14:13:17,completed,12.41
3036,1964,16,"Pappardelle alla Bolognese,Caesar Salad,Bruschette with Tomato,Pork belly buns",2022-03-22,21:55:22,pending,25.44
3037,305,27,Pork sausage roll,2022-10-10,13:40:28,completed,6.47
3038,2703,25,Teriyaki Chicken donburi,2023-03-26,13:49:47,cancelled,8.87
3039,1318,3,"Scotch eggs,Katsu Curry,Salmon nigiri,Chicken Fajitas",2022-05-06,06:35:11,completed,25.51
3040,743,25,"Chicken wings,Katsu Curry,Chicken wings",2022-12-31,17:06:48,completed,19.65
3041,2919,14,"Ricotta stuffed Ravioli,Pasta and Beans,Meatballs with sauce,Chicken Fajitas,Salmon nigiri",2023-10-02,10:56:51,completed,31.12
3042,1560,27,Bruschette with Tomato,2021-05-20,08:16:22,completed,5.53
3043,1857,16,Barbecue Ribs,2024-10-16,14:56:41,completed,8.59
3044,818,29,Pasta and Beans,2022-11-30,13:29:01,completed,6.82
3045,908,1,Souvlaki,2022-10-19,22:29:44,completed,8.35
3046,1010,7,"Meatballs with sauce,Mushroom Risotto",2021-08-01,18:52:38,completed,10.67
3047,2419,12,Pork sausage roll,2023-04-17,18:41:34,pending,8.37
3048,1501,13,French fries with sausages,2020-02-25,16:54:30,completed,6.85
3049,1271,12,"Meatballs with sauce,Risotto with seafood,Souvlaki",2023-10-26,10:01:12,completed,15.46
3050,496,19,Risotto with seafood,2021-07-07,11:00:40,completed,4.93
3051,2990,7,"Chilli con carne,French fries with sausages",2024-11-03,22:22:42,completed,11.86
3052,1706,18,Mushroom Risotto,2023-12-08,16:40:11,completed,7.02
3053,2712,27,"Pasta and Beans,Chicken Fajitas",2022-01-27,18:16:48,completed,8.08
3054,1253,14,French fries with sausages,2024-06-02,13:16:32,completed,6.29
3055,1089,17,Pork sausage roll,2022-10-10,08:09:29,completed,7.05
3056,2195,5,"Scotch eggs,Katsu Curry,Chilli con carne",2025-06-05,15:32:04,cancelled,13.68
3057,2852,26,"Califlower penne,Philadelphia maki",2024-11-29,22:05:33,cancelled,11.64
3058,1247,3,Pork sausage roll,2022-05-21,15:06:47,cancelled,7.23
3059,2683,6,"Pizza,Ebiten maki",2021-11-26,15:06:09,pending,10.09
3060,2100,8,Bruschette with Tomato,2022-02-26,08:54:57,completed,9.0
3061,2002,22,"Chilli con carne,Linguine with clams",2023-10-23,16:26:51,completed,14.43
3062,2976,25,Tuna sashimi,2025-09-14,21:26:51,completed,5.52
3063,82,19,"Pork sausage roll,Pizza,Bruschette with Tomato,Pasta with Tomato and Basil",2024-03-04,10:02:47,completed,24.5
3064,2626,28,"Caesar Salad,Pasta Carbonara",2021-10-09,14:25:15,completed,12.2
3065,407,6,Tiramisù,2021-02-09,20:32:17,pending,8.79
3066,563,14,"Caesar Salad,Pasta Carbonara,Linguine with clams",2024-06-27,16:10:07,pending,24.47
3067,1148,15,Mushroom Risotto,2021-09-15,21:34:33,completed,7.87
3068,2431,19,"Fish and chips,Fettuccine Alfredo,Risotto with seafood",2022-06-09,22:40:51,pending,18.23
3069,1029,5,Scotch eggs,2020-06-04,17:16:12,completed,4.23
3070,2641,16,Risotto with seafood,2023-06-16,12:59:31,completed,8.54
3071,445,15,"Risotto with seafood,Fettuccine Alfredo,Ebiten maki,Chicken wings",2023-04-20,19:41:44,completed,22.58
3072,2907,23,Ebiten maki,2025-03-24,08:31:15,completed,7.97
3073,2733,11,Risotto with seafood,2025-09-17,19:27:29,cancelled,7.58
3074,38,18,"Mushroom Risotto,Tiramisù,Teriyaki Chicken donburi",2020-07-09,08:34:39,completed,18.39
3075,1645,15,Pasta with Tomato and Basil,2023-02-03,21:35:45,completed,6.64
3076,578,18,"Tuna sashimi,Pork belly buns,Fettuccine Alfredo",2022-08-16,13:15:48,completed,18.83
3077,2418,12,"Mushroom Risotto,Vegetable Soup,Bruschette with Tomato",2021-01-21,17:36:02,completed,22.06
3078,820,16,Pizza,2020-04-22,18:49:29,completed,4.94
3079,860,28,"Pork belly buns,California maki,California maki",2025-05-24,14:54:59,completed,23.04
3080,593,10,Tiramisù,2022-10-06,18:36:36,completed,8.65
3081,227,1,California maki,2022-03-06,16:05:21,completed,4.96
3082,2757,6,Tuna sashimi,2021-06-03,07:30:05,completed,5.51
3083,442,20,Scotch eggs,2020-01-18,18:59:49,completed,6.64
3084,2097,19,Ebiten maki,2025-04-12,08:50:19,completed,8.83
3085,2455,30,Chilli con carne,2024-08-18,16:37:41,pending,5.57
3086,2867,14,"Tiramisù,Chicken milanese,Pizza,Meatballs with sauce",2024-12-24,09:40:05,completed,22.98
3087,924,14,"Pappardelle alla Bolognese,Linguine with clams",2021-08-26,18:07:47,completed,12.25
3088,2910,10,Barbecue Ribs,2021-01-20,10:08:22,pending,8.73
3089,1105,22,"Tuna sashimi,Fettuccine Alfredo,Caprese Salad",2020-07-08,14:20:51,completed,17.76
3090,2272,4,Pasta and Beans,2025-09-12,15:25:35,completed,7.89
3091,2281,14,"Ebiten maki,Katsu Curry,Katsu Curry,Pasta Carbonara",2024-12-21,14:33:29,completed,23.7
3092,1074,3,"Souvlaki,Barbecue Ribs,Ebiten maki",2022-04-07,10:21:01,completed,15.41
3093,2216,30,"Fish and chips,Katsu Curry",2024-05-16,12:47:25,completed,11.56
3094,1106,23,Mushroom Risotto,2024-08-27,17:04:56,completed,6.33
3095,1580,19,"Barbecue Ribs,Pizza,Pappardelle alla Bolognese,Caesar Salad",2024-03-10,18:20:38,completed,22.77
3096,1035,18,Lasagne,2024-10-14,22:24:06,completed,5.56
3097,2689,29,"Scotch eggs,Pizza",2020-12-08,06:09:15,pending,12.93
3098,1558,22,French fries with sausages,2023-08-21,15:12:34,pending,7.27
3099,1433,12,Chicken wings,2020-11-21,21:32:17,completed,5.19
3100,2688,3,"Barbecue Ribs,Pasta and Beans",2022-06-05,16:20:44,completed,10.91
3101,67,8,"Chicken Fajitas,Califlower penne",2020-10-05,16:54:04,pending,14.21
3102,2430,2,"California maki,Chicken Fajitas",2022-06-27,17:26:41,completed,8.86
3103,1108,16,Philadelphia maki,2020-10-03,14:54:55,completed,6.67
3104,1414,26,"Fish and chips,California maki,Fish and chips",2023-10-23,15:01:44,completed,16.08
3105,2375,1,Salmon nigiri,2020-07-20,15:42:03,pending,7.62
3106,1839,26,"Teriyaki Chicken donburi,Pappardelle alla Bolognese",2022-05-05,20:17:52,completed,13.36
3107,2281,19,Mushroom Risotto,2024-11-08,19:23:45,completed,5.99
3108,2336,28,Caesar Salad,2024-01-26,08:48:21,completed,7.84
3109,536,28,"California maki,Fish and chips,Caprese Salad,Vegetable Soup",2020-09-25,20:52:53,pending,29.59
3110,2705,1,"California maki,Linguine with clams,Meatballs with sauce,Fish and chips",2023-04-19,08:37:52,completed,21.91
3111,640,30,Tiramisù,2025-02-24,19:07:35,completed,6.93
3112,1098,29,Cheeseburger,2023-03-08,18:31:28,completed,6.93
3113,1657,1,Chilli con carne,2022-12-01,21:46:50,completed,8.01
3114,1667,28,"Salmon nigiri,Califlower penne",2022-06-06,06:53:46,completed,11.64
3115,1380,14,"Souvlaki,Pasta with Tomato and Basil",2022-04-22,10:42:39,completed,12.64
3116,2457,5,Tiramisù,2022-06-03,09:42:23,completed,7.13
3117,2474,14,Chicken milanese,2020-06-18,17:48:54,completed,5.45
3118,1226,27,Ebiten maki,2024-04-22,08:01:08,completed,8.99
3119,742,4,"Tuna sashimi,California maki",2024-11-03,16:44:25,completed,15.82
3120,2847,5,Ebiten maki,2025-03-27,16:29:26,pending,7.62
3121,962,2,"Mushroom Risotto,Cheeseburger",2023-03-20,13:39:30,completed,14.56
3122,477,12,Pasta with Tomato and Basil,2021-03-17,08:44:17,completed,9.0
3123,213,1,Linguine with clams,2025-07-25,15:07:16,completed,7.38
3124,615,8,"Califlower penne,Tuna sashimi",2021-02-05,17:24:17,completed,15.12
3125,1672,15,"Caprese Salad,Salmon nigiri",2023-02-21,13:31:26,completed,16.34
3126,1463,29,"Chilli con carne,Caesar Salad",2021-03-23,15:21:31,completed,9.72
3127,196,9,Pappardelle alla Bolognese,2022-03-10,06:01:44,pending,8.59
3128,2285,1,"Pasta with Tomato and Basil,Barbecue Ribs,Salmon nigiri",2020-01-15,09:20:36,completed,16.24
3129,1141,9,Cheeseburger,2021-07-22,22:31:53,completed,8.13
3130,410,6,Ebiten maki,2021-08-14,17:12:58,completed,6.87
3131,2977,7,Lasagne,2020-08-22,19:41:44,completed,5.59
3132,1404,12,"Cheeseburger,Pork sausage roll",2022-12-12,17:28:42,completed,12.73
3133,1499,25,"Fettuccine Alfredo,Tuna sashimi,Caprese Salad,Katsu Curry",2021-10-19,16:59:52,completed,32.85
3134,579,13,"Tiramisù,Caprese Salad,French fries with sausages",2020-06-25,08:52:23,completed,15.76
3135,2217,21,"Fish and chips,Vegetable Soup",2024-03-25,07:38:49,completed,13.09
3136,665,19,"Risotto with seafood,Califlower penne,Caprese Salad,Katsu Curry",2025-02-27,22:43:41,completed,28.51
3137,579,6,"Tiramisù,Teriyaki Chicken donburi",2021-12-02,06:21:25,completed,11.88
3138,1477,18,"Bruschette with Tomato,Salmon nigiri",2024-09-23,21:54:38,completed,16.0
3139,1376,16,Ebiten maki,2025-08-11,21:40:24,pending,6.81
3140,1584,27,Pizza,2024-07-12,18:08:13,completed,7.96
3141,2533,30,"Chicken Fajitas,Pork sausage roll",2025-08-07,16:36:42,cancelled,14.81
3142,1252,9,Souvlaki,2021-08-16,19:25:43,pending,7.81
3143,2405,21,Pasta Carbonara,2020-09-30,16:28:55,completed,4.75
3144,2290,28,Philadelphia maki,2025-09-27,19:00:29,completed,4.61
3145,1855,2,Pizza,2020-09-14,14:13:41,completed,8.87
3146,1708,18,Pizza,2025-02-13,22:45:03,completed,4.27
3147,2348,14,Ebiten maki,2023-07-07,18:30:08,pending,5.86
3148,2393,3,"Fettuccine Alfredo,California maki,Pork belly buns",2023-04-14,15:36:06,completed,18.12
3149,24,22,"Pasta with Tomato and Basil,Pork belly buns,Chilli con carne",2024-05-18,20:58:44,completed,18.0
3150,2701,17,Souvlaki,2022-03-23,12:12:24,completed,4.6
3151,2137,7,"Pork belly buns,Teriyaki Chicken donburi,Pork sausage roll,Katsu Curry,Mushroom Risotto",2023-11-10,17:41:23,completed,31.18
3152,378,16,Cheeseburger,2024-10-12,10:32:07,completed,5.53
3153,2648,3,Pasta and Beans,2022-12-30,10:55:42,completed,6.52
3154,2862,17,"Meatballs with sauce,Pappardelle alla Bolognese",2021-12-12,20:20:31,completed,16.25
3155,2186,9,Ricotta stuffed Ravioli,2020-05-27,14:20:31,completed,6.27
3156,496,13,"Caprese Salad,Cheeseburger,Califlower penne",2021-08-12,12:23:11,completed,19.07
3157,364,23,"Pasta with Tomato and Basil,French fries with sausages,Risotto with seafood,Souvlaki,Salmon nigiri",2023-08-22,22:08:35,completed,34.5
3158,786,21,Teriyaki Chicken donburi,2023-11-02,07:59:25,completed,4.31
3159,235,8,Philadelphia maki,2021-11-09,07:44:31,completed,4.2
3160,1228,24,Tiramisù,2022-12-21,06:03:42,completed,7.27
3161,1261,22,Tuna sashimi,2024-02-05,20:25:13,completed,8.27
3162,153,6,"Califlower penne,Barbecue Ribs,Cheeseburger,Caesar Salad",2020-05-27,19:47:23,completed,27.02
3163,1257,3,Chicken wings,2020-05-22,17:50:03,completed,4.77
3164,895,7,Teriyaki Chicken donburi,2024-09-23,14:27:25,completed,7.95
3165,1221,20,Meatballs with sauce,2025-08-10,22:16:28,completed,6.79
3166,1778,15,"Cheeseburger,Pasta with Tomato and Basil",2025-09-22,15:39:25,cancelled,14.24
3167,2126,16,Teriyaki Chicken donburi,2020-05-30,21:30:12,completed,6.89
3168,1185,20,Barbecue Ribs,2025-09-11,10:28:41,completed,6.53
3169,328,18,"Fettuccine Alfredo,Ricotta stuffed Ravioli",2024-09-26,07:30:33,completed,15.42
3170,2860,11,"Risotto with seafood,Bruschette with Tomato,Salmon nigiri",2021-07-20,12:45:31,completed,15.47
3171,1855,20,Pasta and Beans,2022-01-27,11:23:51,completed,6.83
3172,1195,9,Pasta with Tomato and Basil,2024-05-01,09:25:45,completed,4.72
3173,2814,23,"Ebiten maki,Risotto with seafood,Pizza",2021-03-16,12:48:08,completed,21.32
3174,1827,11,"French fries with sausages,Pasta with Tomato and Basil",2021-11-11,13:10:39,completed,13.55
3175,902,17,Ricotta stuffed Ravioli,2024-07-05,08:05:25,completed,8.8
3176,2729,17,Chilli con carne,2020-08-17,08:59:16,completed,4.55
3177,515,15,"Cheeseburger,Caesar Salad,Pork sausage roll",2022-02-22,10:44:33,completed,20.32
3178,1718,25,Barbecue Ribs,2023-02-07,20:36:23,completed,8.2
3179,1064,21,Pork sausage roll,2022-07-06,15:07:02,completed,5.72
3180,21,1,"Salmon nigiri,Vegetable Soup,Caesar Salad,Risotto with seafood,Ricotta stuffed Ravioli",2021-02-04,20:11:00,completed,31.88
3181,1405,17,Caprese Salad,2020-08-24,16:35:28,completed,8.61
3182,1372,2,Mushroom Risotto,2023-05-05,19:52:35,completed,7.13
3183,2880,4,Teriyaki Chicken donburi,2023-06-27,06:03:44,completed,6.31
3184,1112,12,"Philadelphia maki,Vegetable Soup",2020-04-17,18:38:40,completed,12.79
3185,1105,12,"Caprese Salad,Chicken wings",2022-12-27,09:10:29,pending,15.76
3186,1371,29,"Caprese Salad,Teriyaki Chicken donburi",2021-01-11,13:55:12,completed,11.87
3187,2194,30,"Cheeseburger,Pappardelle alla Bolognese,Chicken milanese",2022-10-15,08:23:49,completed,20.24
3188,854,1,Pork belly buns,2022-11-20,09:26:55,completed,4.9
3189,1305,30,Souvlaki,2020-04-30,13:19:04,completed,7.81
3190,1995,17,Vegetable Soup,2021-03-01,19:40:13,completed,7.58
3191,1073,28,"California maki,Risotto with seafood",2024-11-09,19:57:34,completed,14.7
3192,195,4,"Fish and chips,Pork belly buns",2022-03-10,16:14:06,completed,15.32
3193,2576,26,"Caesar Salad,Fish and chips",2024-10-21,10:08:57,completed,15.41
3194,725,23,Meatballs with sauce,2024-01-31,12:44:00,completed,8.87
3195,1575,3,"Fish and chips,Pasta with Tomato and Basil,Fish and chips,Lasagne,Fish and chips",2021-08-09,11:15:15,completed,29.73
3196,2121,30,"Katsu Curry,Caprese Salad",2024-12-23,13:53:00,completed,13.52
3197,2766,27,Philadelphia maki,2021-07-17,20:23:22,completed,7.26
3198,1345,3,"Pork sausage roll,Fettuccine Alfredo",2021-03-04,21:12:11,completed,15.53
3199,342,17,Chilli con carne,2024-03-21,22:19:20,pending,5.02
3200,1949,2,Ricotta stuffed Ravioli,2020-11-28,10:46:32,completed,5.42
3201,1178,29,"Philadelphia maki,Vegetable Soup,Chicken Fajitas,Scotch eggs",2023-10-20,06:55:32,completed,30.5
3202,2251,12,"Teriyaki Chicken donburi,Pork belly buns,Caesar Salad,Pizza,Souvlaki",2020-04-17,17:12:10,completed,32.24
3203,311,7,"Pasta and Beans,Califlower penne,Mushroom Risotto",2020-06-23,12:48:18,completed,24.91
3204,224,24,"Califlower penne,Mushroom Risotto,Chicken milanese,Barbecue Ribs",2024-11-12,13:40:44,pending,31.24
3205,1567,21,Bruschette with Tomato,2023-05-17,07:50:44,completed,8.9
3206,153,23,Philadelphia maki,2020-05-16,09:05:46,completed,6.85
3207,489,25,French fries with sausages,2021-07-29,22:50:31,completed,6.93
3208,2812,24,Pork belly buns,2025-09-02,08:30:02,completed,8.58
3209,941,7,"Pork sausage roll,Salmon nigiri,French fries with sausages,Teriyaki Chicken donburi",2024-08-28,08:13:57,completed,27.57
3210,2161,17,Scotch eggs,2025-05-28,07:18:56,completed,6.88
3211,696,13,"Cheeseburger,Ebiten maki,Teriyaki Chicken donburi",2022-08-30,13:33:13,completed,18.1
3212,2184,10,Tiramisù,2025-05-04,18:34:28,completed,4.75
3213,614,26,Vegetable Soup,2022-11-04,19:47:13,completed,8.9
3214,1150,4,Souvlaki,2024-09-27,09:04:47,completed,6.33
3215,1671,18,"Vegetable Soup,Chicken Fajitas,Bruschette with Tomato,Souvlaki",2022-06-10,15:57:44,completed,25.86
3216,1717,3,"Teriyaki Chicken donburi,Pasta and Beans,California maki",2024-09-14,08:04:34,completed,19.64
3217,1025,26,"Katsu Curry,Teriyaki Chicken donburi",2025-06-12,06:38:12,pending,11.1
3218,2560,1,Pork belly buns,2024-03-21,17:13:22,cancelled,6.41
3219,205,14,Pork belly buns,2025-05-11,10:27:20,completed,5.68
3220,1398,8,"Souvlaki,Bruschette with Tomato",2025-08-04,07:12:16,completed,11.68
3221,1115,25,Bruschette with Tomato,2022-09-01,11:46:38,completed,8.05
3222,252,29,Chicken milanese,2024-07-28,10:32:27,completed,4.25
3223,353,21,Fish and chips,2023-01-24,09:21:49,completed,9.0
3224,1282,15,Cheeseburger,2023-10-21,18:37:42,completed,8.6
3225,456,18,"Chicken wings,Risotto with seafood,Cheeseburger,Barbecue Ribs,Pork belly buns",2025-07-31,15:52:25,completed,30.72
3226,727,18,"Linguine with clams,Pasta and Beans",2020-01-02,16:07:34,cancelled,15.99
3227,1945,30,"Chilli con carne,Bruschette with Tomato,Philadelphia maki",2020-04-24,07:25:56,pending,18.92
3228,724,18,Caprese Salad,2023-05-16,06:35:48,completed,6.29
3229,2342,12,Cheeseburger,2021-04-28,15:43:56,completed,8.65
3230,1535,3,Bruschette with Tomato,2021-01-17,14:51:13,completed,7.85
3231,2508,29,"Bruschette with Tomato,Caprese Salad,Philadelphia maki",2021-08-27,10:17:01,completed,19.41
3232,839,6,Teriyaki Chicken donburi,2022-03-02,11:45:04,completed,6.72
3233,1128,30,"Pasta with Tomato and Basil,Chilli con carne",2024-09-10,15:40:16,completed,14.69
3234,332,15,"French fries with sausages,Califlower penne,Scotch eggs",2024-11-14,06:44:59,completed,18.74
3235,110,17,Califlower penne,2025-05-29,17:22:35,pending,6.4
3236,1852,19,Teriyaki Chicken donburi,2022-12-24,07:30:37,completed,4.19
3237,2930,23,Scotch eggs,2023-12-12,07:25:41,completed,4.16
3238,1128,3,"Pork sausage roll,Fish and chips,Bruschette with Tomato,Meatballs with sauce",2022-01-23,09:19:48,pending,25.17
3239,1354,17,Chilli con carne,2022-01-07,11:18:17,completed,7.13
3240,2022,7,Souvlaki,2025-04-13,11:47:19,completed,5.73
3241,2476,6,"Pasta and Beans,Meatballs with sauce",2024-05-05,07:48:39,completed,16.14
3242,108,29,"Pasta Carbonara,Philadelphia maki",2020-11-15,21:37:55,completed,16.57
3243,1658,17,"Pork sausage roll,Vegetable Soup,Tiramisù",2023-08-29,22:27:28,pending,20.16
3244,1527,6,Pasta and Beans,2023-03-03,18:38:46,pending,4.18
3245,579,17,Chicken milanese,2025-05-07,12:19:43,completed,5.97
3246,2725,7,"Caprese Salad,Teriyaki Chicken donburi",2020-12-16,12:09:10,completed,8.75
3247,974,27,Barbecue Ribs,2023-06-13,22:56:42,pending,4.93
3248,1114,21,"Pizza,Tuna sashimi",2021-07-07,20:51:26,completed,15.61
3249,2989,1,Teriyaki Chicken donburi,2021-01-08,15:16:42,completed,4.93
3250,1052,13,Pasta and Beans,2024-02-07,16:51:58,completed,7.7
3251,442,19,"Chicken Fajitas,Pork sausage roll,Pasta and Beans,Pork sausage roll",2021-05-23,18:33:13,completed,21.65
3252,2888,22,"Barbecue Ribs,Chilli con carne",2024-07-05,15:31:10,completed,15.33
3253,287,21,Katsu Curry,2025-01-29,22:38:29,completed,6.58
3254,2822,29,Caesar Salad,2023-03-17,22:36:39,completed,8.73
3255,930,17,Tuna sashimi,2020-02-21,19:33:23,completed,4.97
3256,826,7,French fries with sausages,2022-05-29,08:31:49,completed,5.73
3257,109,4,California maki,2024-11-18,17:24:18,completed,4.36
3258,1083,16,Vegetable Soup,2021-03-09,19:46:56,completed,8.41
3259,1075,12,Pasta with Tomato and Basil,2021-09-07,06:40:12,completed,8.46
3260,964,10,"Mushroom Risotto,Ricotta stuffed Ravioli,Bruschette with Tomato",2023-11-08,19:20:20,completed,17.54
3261,1193,13,"California maki,Ebiten maki,Chicken milanese",2025-02-27,08:42:05,completed,21.35
3262,362,2,"Mushroom Risotto,Chicken milanese,California maki",2025-02-12,22:33:47,completed,20.08
3263,1027,15,"Pork sausage roll,Pork belly buns,Fettuccine Alfredo",2021-08-08,22:36:39,completed,21.98
3264,56,14,Ebiten maki,2022-07-02,14:53:50,completed,5.53
3265,831,4,Ebiten maki,2020-01-25,12:26:38,completed,5.88
3266,1999,19,Teriyaki Chicken donburi,2021-01-04,22:11:30,completed,5.51
3267,2794,18,"Linguine with clams,Caprese Salad,Meatballs with sauce,Chicken wings,Fish and chips",2020-10-01,08:09:11,completed,33.68
3268,526,6,"Tiramisù,Lasagne,Chilli con carne",2023-11-13,08:27:54,completed,22.67
3269,837,28,Cheeseburger,2024-01-29,13:11:51,completed,5.98
3270,1491,18,Fettuccine Alfredo,2021-07-19,18:49:46,completed,8.49
3271,2328,11,"Tuna sashimi,Chicken milanese,Lasagne",2020-09-01,07:29:07,pending,19.8
3272,782,2,Scotch eggs,2023-01-22,09:20:46,completed,8.75
3273,1253,21,Pasta and Beans,2023-02-21,07:35:35,cancelled,7.23
3274,2322,11,"Bruschette with Tomato,Scotch eggs",2022-11-16,07:42:25,pending,11.03
3275,2635,19,"Souvlaki,Meatballs with sauce,Fish and chips",2023-07-26,16:04:09,completed,18.26
3276,1847,23,"Souvlaki,Lasagne",2024-11-03,17:13:58,pending,14.42
3277,409,29,Linguine with clams,2022-11-15,18:07:32,completed,5.26
3278,474,20,Chicken milanese,2021-07-11,18:50:58,pending,7.48
3279,2964,13,"Chicken Fajitas,Pork belly buns",2024-12-27,09:17:36,pending,9.26
3280,2811,22,Califlower penne,2020-01-10,13:43:35,completed,8.61
3281,1702,11,Scotch eggs,2020-04-02,07:17:15,completed,8.33
3282,2008,10,Scotch eggs,2021-05-23,16:58:49,pending,8.37
3283,239,12,"Pork sausage roll,California maki",2021-03-23,12:08:00,pending,13.33
3284,1157,11,Mushroom Risotto,2025-03-20,14:16:32,pending,4.24
3285,1853,21,"Pork sausage roll,Philadelphia maki,Pork belly buns",2024-12-03,13:52:25,completed,15.46
3286,281,3,Pork sausage roll,2024-07-02,21:39:16,completed,4.67
3287,2400,26,Pizza,2025-04-08,12:31:41,cancelled,6.11
3288,671,10,Linguine with clams,2025-07-10,13:56:41,completed,4.3
3289,907,3,"Barbecue Ribs,Tiramisù",2021-07-26,22:56:40,pending,12.45
3290,2186,23,Pizza,2020-12-21,12:45:31,completed,8.19
3291,1212,14,Pasta Carbonara,2023-10-29,12:05:20,completed,5.3
3292,1111,8,Tuna sashimi,2020-05-05,07:59:23,pending,4.79
3293,1659,29,"Ricotta stuffed Ravioli,Pasta and Beans,Barbecue Ribs,Fish and chips,Vegetable Soup",2021-11-06,19:00:03,completed,26.87
3294,598,2,"Chicken wings,Mushroom Risotto",2020-07-15,16:02:24,completed,16.59
3295,1158,30,"Cheeseburger,Souvlaki,Chicken milanese",2023-03-12,07:31:29,cancelled,19.44
3296,2006,13,Ricotta stuffed Ravioli,2022-11-12,07:52:07,completed,7.6
3297,2534,18,"Scotch eggs,Souvlaki",2022-02-01,19:02:10,completed,10.77
3298,206,27,Linguine with clams,2020-08-20,15:56:19,completed,8.2
3299,2119,26,Tiramisù,2021-09-23,22:46:15,completed,4.34
3300,2294,21,"Tuna sashimi,Pizza",2022-08-07,21:08:06,completed,13.11
3301,1723,24,"Souvlaki,Lasagne",2022-01-13,10:12:16,completed,17.8
3302,1847,9,Pasta Carbonara,2024-09-23,08:24:50,pending,4.52
3303,1720,10,"Chilli con carne,Tiramisù,Pork sausage roll,Bruschette with Tomato",2021-05-02,06:22:24,completed,27.17
3304,1248,5,"Souvlaki,Bruschette with Tomato,Caprese Salad",2024-05-07,15:54:39,completed,18.81
3305,1766,8,Fish and chips,2024-07-13,14:48:11,completed,8.4
3306,2455,9,Pasta with Tomato and Basil,2024-06-01,14:33:26,completed,4.59
3307,2408,4,"Pasta and Beans,Tiramisù",2020-12-03,22:33:14,completed,11.75
3308,1111,26,Pappardelle alla Bolognese,2022-01-15,09:31:40,pending,4.54
3309,1590,9,Cheeseburger,2023-08-11,20:47:19,completed,4.64
3310,497,4,Pork sausage roll,2023-01-22,16:09:26,completed,4.34
3311,1391,6,"Fettuccine Alfredo,Tuna sashimi,Meatballs with sauce",2022-12-01,16:40:25,completed,23.08
3312,2422,6,"California maki,Pasta and Beans",2024-03-17,14:15:01,completed,13.1
3313,2915,8,"Tiramisù,Pasta Carbonara",2023-06-02,17:31:58,completed,13.46
3314,205,20,Pasta and Beans,2024-03-12,20:48:31,completed,6.17
3315,2468,2,"Salmon nigiri,Scotch eggs,Tuna sashimi",2022-07-19,13:02:51,pending,18.47
3316,1142,2,Barbecue Ribs,2022-02-12,07:54:36,completed,4.23
3317,1811,26,Caprese Salad,2021-05-26,19:38:17,completed,5.98
3318,2497,18,Pork sausage roll,2024-07-20,12:26:09,completed,4.67
3319,242,22,"Tiramisù,Meatballs with sauce,Scotch eggs",2023-04-26,12:44:59,completed,16.85
3320,2890,12,Fettuccine Alfredo,2022-03-02,16:00:55,completed,6.97
3321,1889,29,"Pork sausage roll,Caesar Salad,Risotto with seafood,Bruschette with Tomato",2022-10-29,08:38:05,pending,31.44
3322,2746,6,Linguine with clams,2022-12-05,22:06:12,completed,8.72
3323,1245,2,Souvlaki,2022-12-13,12:42:42,pending,8.84
3324,2800,13,Mushroom Risotto,2021-03-08,14:43:38,completed,7.0
3325,1130,23,Fettuccine Alfredo,2020-06-05,09:56:30,completed,4.79
3326,522,23,"Pasta and Beans,Pasta and Beans,Cheeseburger",2024-03-09,10:32:02,completed,21.23
3327,1977,5,Tuna sashimi,2024-07-28,22:51:27,completed,4.52
3328,714,15,"Ebiten maki,Pizza",2022-02-15,09:46:07,completed,14.2
3329,2239,2,Caprese Salad,2022-05-27,12:42:17,cancelled,5.11
3330,1899,1,Pork sausage roll,2024-09-30,17:26:16,completed,8.77
3331,694,30,"Pasta and Beans,Lasagne,Philadelphia maki,Souvlaki",2025-09-29,18:08:46,completed,18.59
3332,539,20,Chicken wings,2023-01-24,11:36:08,completed,7.12
3333,744,4,Teriyaki Chicken donburi,2025-01-03,15:13:38,pending,6.04
3334,2256,20,Chicken wings,2022-03-07,15:53:28,completed,6.53
3335,1770,28,Pasta and Beans,2023-01-31,19:40:16,completed,4.23
3336,182,12,"Caesar Salad,Katsu Curry,Chilli con carne,Ebiten maki",2024-02-14,07:20:34,completed,19.06
3337,1871,21,"Cheeseburger,Chicken Fajitas,Cheeseburger,Pasta Carbonara,Pork sausage roll",2022-03-05,14:45:25,completed,31.36
3338,1889,7,Salmon nigiri,2020-11-29,10:25:18,completed,4.89
3339,2286,30,"Bruschette with Tomato,Barbecue Ribs,Pappardelle alla Bolognese,Pasta and Beans,Chicken milanese",2025-01-07,07:34:10,completed,31.94
3340,2120,19,"Lasagne,Chilli con carne",2021-11-07,18:20:20,completed,15.21
3341,362,4,"Califlower penne,Caesar Salad",2022-08-16,20:20:58,completed,14.49
3342,543,5,Pasta with Tomato and Basil,2020-08-05,22:30:02,completed,7.46
3343,875,23,Pasta and Beans,2021-05-13,06:11:03,completed,5.18
3344,2329,14,Salmon nigiri,2022-06-03,07:05:28,completed,7.27
3345,796,17,Caprese Salad,2021-10-21,07:15:17,completed,6.35
3346,339,29,Scotch eggs,2023-03-18,22:48:57,completed,6.78
3347,1173,2,Barbecue Ribs,2021-08-14,22:54:18,completed,4.78
3348,1619,15,"Risotto with seafood,Caprese Salad,Pappardelle alla Bolognese",2023-01-21,07:09:33,completed,17.05
3349,2840,7,Scotch eggs,2022-10-26,15:24:55,pending,5.27
3350,2358,5,"Ricotta stuffed Ravioli,Tuna sashimi",2023-03-01,19:22:41,completed,9.46
3351,2671,5,"Pappardelle alla Bolognese,Scotch eggs,Pasta Carbonara,Vegetable Soup",2020-05-04,20:52:42,pending,24.16
3352,1062,8,"Bruschette with Tomato,Meatballs with sauce",2023-09-14,22:25:14,cancelled,11.95
3353,2648,29,"Bruschette with Tomato,Meatballs with sauce,Pasta Carbonara,Chicken milanese",2024-09-29,13:25:09,completed,25.66
3354,2655,22,"Chicken milanese,Scotch eggs,Linguine with clams",2025-05-13,07:19:19,completed,19.44
3355,1467,2,"Chicken Fajitas,Salmon nigiri",2022-11-15,20:39:15,completed,10.95
3356,1795,21,"Pasta and Beans,Teriyaki Chicken donburi",2020-09-02,15:09:01,completed,11.35
3357,2913,26,"French fries with sausages,Barbecue Ribs,Tiramisù",2022-11-06,16:30:06,completed,22.85
3358,2959,14,"Pasta with Tomato and Basil,Pasta Carbonara,Pork belly buns,Bruschette with Tomato",2020-01-04,17:19:42,cancelled,26.34
3359,834,13,"Chicken wings,Mushroom Risotto",2023-04-10,19:25:38,completed,15.76
3360,423,4,French fries with sausages,2025-08-17,22:03:41,completed,7.14
3361,711,26,Pork belly buns,2021-02-26,15:46:36,completed,4.44
3362,1727,14,Risotto with seafood,2022-06-26,08:49:38,completed,4.96
3363,2452,16,"California maki,Scotch eggs,Philadelphia maki",2022-08-12,10:28:42,pending,22.1
3364,1320,11,Tuna sashimi,2022-02-21,20:30:24,completed,4.16
3365,1476,7,Salmon nigiri,2025-01-13,07:00:26,completed,8.51
3366,483,7,"Caesar Salad,Fettuccine Alfredo",2021-03-10,17:21:34,completed,12.74
3367,1787,14,Caprese Salad,2024-04-05,15:44:49,completed,6.77
3368,1779,8,Caprese Salad,2024-10-13,17:44:17,completed,5.2
3369,2430,28,Caprese Salad,2023-08-18,16:45:45,completed,8.14
3370,2130,23,"Ricotta stuffed Ravioli,Scotch eggs,Pasta Carbonara",2024-08-21,12:25:04,pending,16.04
3371,1898,13,"Pizza,Fettuccine Alfredo",2022-10-24,18:05:57,completed,9.64
3372,2536,16,Scotch eggs,2021-08-10,18:07:44,completed,5.25
3373,447,19,"Tuna sashimi,Califlower penne",2021-02-07,16:48:34,completed,14.75
3374,380,20,"Salmon nigiri,Fish and chips,Fish and chips",2020-04-02,13:19:35,pending,22.99
3375,216,30,Mushroom Risotto,2022-08-30,12:07:50,completed,4.94
3376,2370,30,"Fettuccine Alfredo,Souvlaki,Pizza,Barbecue Ribs",2022-10-19,11:45:15,completed,28.41
3377,1335,15,"Chicken milanese,Souvlaki,Souvlaki,Pasta with Tomato and Basil,Caesar Salad",2020-11-09,17:33:08,completed,36.55
3378,1305,11,French fries with sausages,2021-06-19,10:28:52,completed,4.86
3379,2700,2,"Lasagne,Pork belly buns",2022-11-28,14:02:10,completed,10.22
3380,2700,27,"Risotto with seafood,Ebiten maki",2023-09-08,15:23:44,completed,14.55
3381,2474,5,"Pasta with Tomato and Basil,Caprese Salad,Philadelphia maki,Tiramisù",2023-08-16,12:43:37,pending,19.51
3382,646,5,Teriyaki Chicken donburi,2023-11-16,21:30:05,cancelled,6.05
3383,11,9,Katsu Curry,2024-02-25,06:49:42,completed,7.15
3384,2310,24,"Souvlaki,Tuna sashimi,Barbecue Ribs",2022-09-16,11:29:31,pending,21.21
3385,724,30,"Pasta Carbonara,Cheeseburger,Fettuccine Alfredo,Chilli con carne",2022-12-08,08:51:08,completed,27.28
3386,1553,3,"Tuna sashimi,Bruschette with Tomato,Scotch eggs",2024-07-22,16:34:04,completed,22.54
3387,349,14,Fish and chips,2020-12-04,07:38:31,completed,7.22
3388,1775,27,Ebiten maki,2022-05-09,08:37:38,completed,5.31
3389,789,13,"Barbecue Ribs,Tiramisù,French fries with sausages",2025-07-16,06:07:10,completed,17.89
3390,1304,20,"Tuna sashimi,Tuna sashimi,Tiramisù,Pork belly buns,Califlower penne",2023-03-06,12:43:18,completed,30.56
3391,685,9,Cheeseburger,2021-05-03,12:12:32,completed,8.0
3392,2825,12,Caprese Salad,2021-04-02,16:20:14,completed,7.9
3393,78,3,Califlower penne,2020-01-20,06:56:38,completed,4.69
3394,824,23,"Risotto with seafood,Pasta Carbonara,Philadelphia maki",2021-11-09,06:53:07,completed,17.65
3395,1663,6,"Pasta Carbonara,Salmon nigiri",2025-03-13,06:08:50,pending,11.06
3396,1322,13,Mushroom Risotto,2020-09-26,16:48:33,completed,5.16
3397,1109,16,Ebiten maki,2022-08-13,13:54:38,completed,4.55
3398,1701,8,Pasta and Beans,2020-12-11,22:37:40,cancelled,7.13
3399,1330,28,"Philadelphia maki,Chicken Fajitas,Meatballs with sauce,Salmon nigiri",2020-06-07,09:48:56,completed,25.13
3400,2603,19,Caprese Salad,2021-06-13,16:51:45,cancelled,4.49
3401,1369,21,"Barbecue Ribs,Califlower penne,Pasta Carbonara",2022-09-12,10:15:26,completed,21.09
3402,2255,7,"Risotto with seafood,Risotto with seafood",2025-09-09,06:58:41,completed,12.85
3403,278,1,Risotto with seafood,2022-05-30,10:16:31,completed,5.11
3404,680,3,"Lasagne,Pappardelle alla Bolognese,Fettuccine Alfredo,Vegetable Soup,Tiramisù",2022-07-07,11:10:09,completed,27.52
3405,2529,30,"Caesar Salad,French fries with sausages,California maki,Meatballs with sauce,Chilli con carne",2023-01-21,20:45:13,pending,32.99
3406,2685,28,"Bruschette with Tomato,Ricotta stuffed Ravioli,Teriyaki Chicken donburi",2022-12-25,13:19:58,completed,17.15
3407,1630,28,"Chicken wings,Ebiten maki,Barbecue Ribs,Pork belly buns,Pizza",2023-12-15,09:15:31,completed,32.98
3408,2721,24,"Linguine with clams,Souvlaki",2022-01-22,14:46:55,completed,16.2
3409,2234,13,Pork sausage roll,2022-05-07,10:59:37,completed,7.37
3410,394,25,"Chicken wings,Chilli con carne,Philadelphia maki,Mushroom Risotto",2021-04-18,06:35:33,completed,27.62
3411,128,19,"Ricotta stuffed Ravioli,Teriyaki Chicken donburi,Tuna sashimi",2024-12-26,19:50:44,completed,19.09
3412,2388,24,"Mushroom Risotto,Ebiten maki",2025-08-21,14:29:24,completed,12.61
3413,396,21,Risotto with seafood,2022-06-18,07:11:35,completed,7.91
3414,2104,27,"Salmon nigiri,Pork sausage roll",2020-08-18,11:01:01,completed,13.19
3415,2882,8,"Philadelphia maki,Chilli con carne",2023-10-11,12:14:29,completed,12.68
3416,18,17,"Caprese Salad,Caprese Salad,Vegetable Soup,French fries with sausages",2023-08-17,21:27:12,completed,23.51
3417,851,4,"Meatballs with sauce,Pasta and Beans",2024-12-08,06:17:24,completed,10.42
3418,1466,8,Caprese Salad,2023-04-30,19:59:56,completed,8.47
3419,1524,9,Fettuccine Alfredo,2021-08-09,16:04:00,completed,5.89
3420,37,29,Pasta and Beans,2022-01-15,13:01:36,completed,5.93
3421,2878,12,Ebiten maki,2023-11-23,19:48:47,completed,7.39
3422,2579,28,"Pork sausage roll,Bruschette with Tomato",2022-07-16,06:26:25,pending,13.37
3423,2740,7,"Linguine with clams,Fettuccine Alfredo",2020-10-08,17:20:29,completed,13.53
3424,782,10,Fettuccine Alfredo,2025-09-15,19:16:28,completed,6.96
3425,2589,20,"Meatballs with sauce,Vegetable Soup,Mushroom Risotto",2020-06-16,21:02:50,completed,17.18
3426,728,6,Pasta and Beans,2021-09-04,08:03:08,completed,7.64
3427,642,19,Bruschette with Tomato,2021-09-25,15:27:23,completed,7.55
3428,1412,12,Cheeseburger,2021-10-27,18:41:59,completed,7.18
3429,1662,26,Caesar Salad,2023-10-02,11:58:29,completed,4.4
3430,281,26,Souvlaki,2024-10-03,11:51:25,completed,4.11
3431,2954,5,Cheeseburger,2025-09-28,13:47:05,completed,8.38
3432,1645,17,"Tuna sashimi,Meatballs with sauce,Califlower penne",2024-04-14,19:11:35,completed,15.01
3433,399,16,Caprese Salad,2024-06-19,22:11:12,pending,7.74
3434,290,16,Pasta Carbonara,2020-03-17,08:35:25,completed,4.83
3435,2888,18,"Cheeseburger,Salmon nigiri,Pork belly buns,Chilli con carne",2022-03-23,12:48:20,completed,28.45
3436,1053,17,Chicken milanese,2022-10-08,17:45:36,completed,8.03
3437,2839,7,Meatballs with sauce,2023-11-16,12:39:02,pending,4.92
3438,2279,30,Fettuccine Alfredo,2022-11-25,19:09:48,completed,5.07
3439,2550,3,"Chicken milanese,Caprese Salad,Bruschette with Tomato,Pork belly buns",2020-07-13,21:41:02,completed,31.87
3440,1120,18,Ebiten maki,2025-06-11,16:17:03,completed,8.96
3441,1720,16,"Salmon nigiri,Salmon nigiri,California maki",2025-07-05,22:12:05,completed,17.4
3442,1426,9,Chicken Fajitas,2023-11-27,08:44:30,completed,7.23
3443,2211,28,"Meatballs with sauce,Cheeseburger,California maki",2024-01-26,06:24:44,completed,15.57
3444,765,28,Califlower penne,2020-04-02,16:12:54,pending,6.87
3445,2667,27,"Bruschette with Tomato,Barbecue Ribs,California maki,Caesar Salad,Califlower penne",2020-02-05,09:29:33,completed,30.64
3446,683,6,Lasagne,2022-01-01,21:14:05,completed,6.49
3447,1745,14,Katsu Curry,2023-07-05,12:36:26,completed,6.41
3448,2296,23,Tuna sashimi,2024-04-25,21:27:05,completed,7.42
3449,1221,1,"Katsu Curry,Caesar Salad,Philadelphia maki,California maki",2022-11-30,07:53:25,pending,26.91
3450,1414,12,Califlower penne,2021-08-06,21:14:43,completed,7.9
3451,723,20,Pappardelle alla Bolognese,2021-08-24,21:24:01,completed,5.39
3452,1748,28,"Caesar Salad,Pork belly buns",2024-12-10,21:50:30,completed,14.17
3453,1891,14,"California maki,Chicken Fajitas,Chicken wings",2020-07-17,12:49:51,completed,17.06
3454,1214,8,"Risotto with seafood,Ricotta stuffed Ravioli",2025-08-07,16:43:16,completed,14.09
3455,2492,12,Pasta with Tomato and Basil,2021-05-08,22:02:12,completed,8.65
3456,957,26,Caprese Salad,2023-01-21,19:00:48,completed,5.41
3457,2101,27,Pasta and Beans,2024-05-05,17:01:18,completed,5.72
3458,505,30,Chicken Fajitas,2022-09-26,14:58:42,completed,6.94
3459,1541,13,Pizza,2021-06-30,22:22:59,pending,7.61
3460,1362,15,Pappardelle alla Bolognese,2021-05-08,16:47:53,completed,8.82
3461,611,28,"Fettuccine Alfredo,Pork sausage roll,Ebiten maki,Linguine with clams,Tiramisù",2020-07-05,16:31:00,pending,37.38
3462,607,12,Ricotta stuffed Ravioli,2024-11-26,19:53:08,completed,5.55
3463,2106,9,Califlower penne,2020-03-20,07:24:33,completed,6.35
3464,813,20,"California maki,Philadelphia maki,Scotch eggs,Souvlaki",2023-05-20,21:00:22,completed,22.53
3465,578,15,"Scotch eggs,Souvlaki,Califlower penne,Bruschette with Tomato,Fish and chips",2025-07-15,11:20:22,completed,23.4
3466,2508,28,"Fish and chips,Risotto with seafood,Fettuccine Alfredo",2025-08-16,13:08:44,completed,18.59
3467,1418,26,"California maki,Cheeseburger,Pork belly buns,Pizza,Scotch eggs",2024-03-15,11:55:24,completed,34.37
3468,2841,17,"Pizza,Chilli con carne,Barbecue Ribs,Mushroom Risotto",2020-08-10,21:50:43,completed,30.58
3469,1656,4,Caprese Salad,2025-08-06,22:07:50,completed,5.94
3470,402,3,French fries with sausages,2022-03-22,16:49:47,completed,7.11
3471,1110,27,"Pappardelle alla Bolognese,Chicken wings,Teriyaki Chicken donburi",2023-12-26,21:31:42,completed,16.79
3472,974,14,"Teriyaki Chicken donburi,Linguine with clams",2020-01-27,17:59:03,completed,9.47
3473,109,23,Chicken wings,2022-10-15,08:45:49,completed,6.32
3474,2233,29,Risotto with seafood,2021-02-28,17:30:10,completed,7.0
3475,2427,15,Souvlaki,2024-03-26,18:40:36,completed,4.55
3476,633,17,"Barbecue Ribs,Pasta Carbonara,Teriyaki Chicken donburi,Fettuccine Alfredo",2021-05-19,19:56:07,completed,30.88
3477,1400,9,"Pork sausage roll,Chicken milanese,French fries with sausages",2025-04-26,10:38:34,completed,20.71
3478,2094,11,Vegetable Soup,2022-10-15,15:35:43,pending,8.58
3479,1380,26,Meatballs with sauce,2022-06-18,19:00:16,completed,6.26
3480,2481,17,"Vegetable Soup,Linguine with clams",2023-10-27,17:49:42,completed,14.09
3481,2801,21,"Ebiten maki,Pork sausage roll",2022-09-09,08:04:48,completed,9.56
3482,2050,29,"Souvlaki,Souvlaki,Souvlaki",2024-07-21,18:09:08,completed,25.65
3483,2965,14,"Chicken milanese,Pork belly buns,Pasta with Tomato and Basil,Pizza,Vegetable Soup",2025-04-10,10:55:15,completed,34.77
3484,2478,11,Scotch eggs,2021-11-05,13:32:26,cancelled,6.36
3485,2527,6,"Meatballs with sauce,Pappardelle alla Bolognese",2023-09-13,22:43:46,pending,15.61
3486,2944,17,French fries with sausages,2022-10-14,17:46:10,completed,6.84
3487,1886,25,"Risotto with seafood,Pork belly buns,Chicken milanese",2022-01-16,15:21:13,completed,15.82
3488,2587,3,Tuna sashimi,2022-04-04,14:24:57,completed,7.26
3489,1881,3,Caprese Salad,2024-01-17,07:51:24,completed,4.77
3490,2942,2,"Chilli con carne,Ricotta stuffed Ravioli",2025-06-07,21:59:14,completed,11.76
3491,1024,15,Chicken Fajitas,2023-02-06,08:59:30,completed,5.83
3492,2319,22,Barbecue Ribs,2024-06-22,14:52:29,pending,4.16
3493,1001,2,Bruschette with Tomato,2023-10-10,17:58:52,completed,7.18
3494,2830,19,Philadelphia maki,2023-08-05,06:11:40,completed,5.89
3495,2926,18,Tuna sashimi,2020-10-18,06:34:42,cancelled,6.88
3496,2290,5,"French fries with sausages,Pork sausage roll,Barbecue Ribs",2023-01-09,21:47:45,cancelled,18.64
3497,1313,18,Pork belly buns,2023-04-25,22:30:40,completed,6.33
3498,679,16,"Pappardelle alla Bolognese,Chicken wings,Califlower penne,Pasta and Beans",2021-01-16,21:13:47,pending,24.85
3499,1099,29,"Caprese Salad,Cheeseburger,Ricotta stuffed Ravioli,Pork sausage roll",2024-10-11,10:29:18,completed,24.41
3500,614,13,Mushroom Risotto,2020-08-08,22:16:48,completed,4.38
3501,1708,24,"Chicken Fajitas,Mushroom Risotto,Chilli con carne",2024-04-13,07:57:41,completed,19.67
3502,326,28,"Salmon nigiri,Ricotta stuffed Ravioli,Chicken Fajitas",2020-12-17,20:16:20,completed,22.79
3503,2665,29,Philadelphia maki,2025-08-27,20:29:01,completed,6.18
3504,2339,11,"Pasta with Tomato and Basil,Caprese Salad",2020-12-18,22:47:53,completed,15.71
3505,1274,12,Linguine with clams,2020-09-26,18:15:53,pending,4.11
3506,1255,22,"Ebiten maki,Caprese Salad,Pasta and Beans,Cheeseburger",2025-01-01,19:48:46,completed,21.02
3507,2221,15,Katsu Curry,2020-02-13,12:19:33,completed,4.89
3508,2692,10,"Pork belly buns,Pappardelle alla Bolognese",2023-08-18,13:55:20,completed,9.47
3509,1326,6,"Scotch eggs,Katsu Curry",2023-02-18,10:33:57,completed,13.51
3510,1815,7,Pork sausage roll,2021-01-28,22:38:04,completed,5.38
3511,1047,21,Scotch eggs,2025-04-24,09:48:35,completed,7.8
3512,1797,15,"Chicken Fajitas,Lasagne",2024-02-26,13:52:58,pending,12.36
3513,307,7,"Caesar Salad,Pasta Carbonara,French fries with sausages,Pizza",2023-08-29,11:19:48,pending,19.49
3514,1922,12,Chicken Fajitas,2024-01-12,16:22:18,cancelled,7.92
3515,1042,10,"Pasta with Tomato and Basil,Cheeseburger,Barbecue Ribs",2021-05-04,13:27:17,completed,13.6
3516,748,8,"Fettuccine Alfredo,Chilli con carne,Pizza,Pasta Carbonara",2022-12-15,14:57:52,completed,25.38
3517,2379,7,"Chicken Fajitas,Fish and chips,Pork sausage roll,Pasta Carbonara",2023-07-18,21:11:10,pending,19.49
3518,1503,16,California maki,2024-12-12,15:19:01,completed,6.78
3519,2375,29,Risotto with seafood,2025-04-18,07:01:25,completed,7.53
3520,1414,27,"Meatballs with sauce,Tiramisù,Pork belly buns,Salmon nigiri",2020-04-14,21:10:51,completed,24.35
3521,1842,2,Tiramisù,2023-05-03,19:15:52,completed,8.24
3522,1084,21,"Pasta with Tomato and Basil,Cheeseburger,Califlower penne",2025-04-06,15:41:53,pending,19.44
3523,2185,1,"Meatballs with sauce,Salmon nigiri",2020-11-16,15:29:18,completed,11.1
3524,614,23,Tuna sashimi,2020-09-30,21:55:22,completed,6.28
3525,1760,7,"Vegetable Soup,Linguine with clams,Mushroom Risotto,Risotto with seafood",2022-04-03,19:35:13,pending,31.42
3526,895,6,"Souvlaki,Katsu Curry,California maki,Fettuccine Alfredo",2024-04-01,18:41:08,completed,18.55
3527,2992,3,Pork belly buns,2021-07-28,14:37:44,completed,4.07
3528,646,19,"Katsu Curry,Scotch eggs",2024-10-20,07:52:34,completed,14.4
3529,686,26,Califlower penne,2020-02-28,21:53:55,completed,7.69
3530,1314,24,"Caprese Salad,Fettuccine Alfredo",2025-02-19,13:37:45,completed,10.51
3531,1566,30,Lasagne,2020-03-25,17:24:16,completed,5.73
3532,1787,3,"Chicken wings,Fish and chips",2021-09-01,15:14:03,completed,14.49
3533,1227,18,"Chilli con carne,French fries with sausages",2023-12-07,17:43:49,completed,12.8
3534,1902,29,Pork belly buns,2022-01-02,14:17:32,completed,4.74
3535,585,7,"Chilli con carne,Philadelphia maki,Linguine with clams",2020-04-09,16:20:15,completed,20.53
3536,1851,8,"Lasagne,Salmon nigiri,California maki",2022-07-26,20:44:11,completed,20.98
3537,126,19,"Pizza,Philadelphia maki",2022-08-16,15:21:31,completed,11.45
3538,2319,8,"French fries with sausages,Caprese Salad,Chicken milanese,Teriyaki Chicken donburi",2021-05-18,19:44:21,completed,25.31
3539,619,4,Chilli con carne,2023-09-11,21:21:09,pending,4.5
3540,1552,10,"Linguine with clams,Ebiten maki,Cheeseburger,Lasagne",2025-05-24,16:30:19,completed,25.64
3541,909,9,"Scotch eggs,Meatballs with sauce,Barbecue Ribs,Pasta Carbonara,Pasta Carbonara",2021-04-12,14:09:59,pending,32.35
3542,985,11,Vegetable Soup,2021-04-02,16:12:38,pending,4.71
3543,2795,1,Vegetable Soup,2022-10-18,07:53:24,completed,5.01
3544,745,24,"Chicken milanese,Ebiten maki",2021-07-21,17:52:20,completed,13.35
3545,1837,26,Meatballs with sauce,2024-10-01,11:46:17,pending,7.77
3546,2402,21,Ebiten maki,2025-06-05,06:31:39,completed,7.71
3547,2430,7,"California maki,Chicken wings,Pasta with Tomato and Basil",2025-09-10,09:20:56,completed,20.84
3548,1173,14,Fettuccine Alfredo,2022-06-13,22:26:49,completed,6.12
3549,1023,4,Souvlaki,2021-10-29,18:10:11,completed,7.22
3550,2373,3,Ebiten maki,2024-03-14,18:21:57,completed,7.18
3551,336,30,Pizza,2025-08-11,10:50:48,completed,6.86
3552,584,8,"Ricotta stuffed Ravioli,Pappardelle alla Bolognese,Pasta Carbonara",2021-04-03,09:03:29,completed,22.62
3553,1792,13,Fettuccine Alfredo,2021-05-21,07:54:47,completed,4.72
3554,2888,4,"Chicken wings,Ricotta stuffed Ravioli,Scotch eggs,Meatballs with sauce",2021-10-10,09:15:37,completed,22.73
3555,398,10,Teriyaki Chicken donburi,2022-12-07,22:21:33,pending,7.46
3556,648,30,"Caprese Salad,Chicken wings",2022-08-04,20:05:37,completed,11.35
3557,2647,2,"Pasta Carbonara,Meatballs with sauce,Lasagne",2024-09-07,13:45:39,completed,20.98
3558,271,1,"Meatballs with sauce,Pappardelle alla Bolognese,Lasagne,Pizza,California maki",2022-10-05,16:06:05,completed,34.03
3559,2567,21,"Teriyaki Chicken donburi,Barbecue Ribs,Souvlaki,Katsu Curry",2024-11-25,07:10:36,pending,25.97
3560,2085,5,Caesar Salad,2021-01-28,19:55:17,completed,6.3
3561,2708,6,"French fries with sausages,Caesar Salad,Pappardelle alla Bolognese",2022-11-20,18:14:59,completed,18.74
3562,1859,15,Pappardelle alla Bolognese,2024-06-16,22:24:08,completed,7.89
3563,182,23,Salmon nigiri,2022-03-28,10:40:05,completed,7.87
3564,1813,9,"Scotch eggs,Scotch eggs,Chicken wings,Ricotta stuffed Ravioli",2021-04-23,21:56:37,completed,28.84
3565,1798,16,Chicken milanese,2025-02-16,20:49:35,completed,8.13
3566,1977,21,"Souvlaki,Lasagne",2025-03-07,19:11:32,completed,12.08
3567,2812,3,"Bruschette with Tomato,Salmon nigiri,Lasagne",2024-01-05,06:30:31,cancelled,22.96
3568,386,6,Salmon nigiri,2020-04-19,07:40:37,completed,4.8
3569,2791,22,Linguine with clams,2022-06-20,06:05:13,completed,5.87
3570,2306,22,Teriyaki Chicken donburi,2022-08-28,11:09:05,pending,8.99
3571,2625,26,Lasagne,2020-02-18,17:15:12,completed,6.54
3572,967,29,"Fish and chips,Pasta and Beans",2020-04-22,12:21:21,completed,15.72
3573,199,15,Ricotta stuffed Ravioli,2024-02-29,09:33:28,completed,7.61
3574,1055,16,Mushroom Risotto,2021-03-12,17:43:29,cancelled,5.75
3575,2626,19,Bruschette with Tomato,2024-04-18,21:48:58,completed,5.57
3576,2856,1,Califlower penne,2025-04-06,19:44:38,cancelled,4.9
3577,789,15,"Chicken wings,Meatballs with sauce,Tuna sashimi",2022-04-02,22:47:43,completed,19.93
3578,2160,22,Fettuccine Alfredo,2022-10-20,22:26:22,completed,7.29
3579,1338,3,"Pappardelle alla Bolognese,Pork sausage roll,Lasagne,Philadelphia maki,Vegetable Soup",2025-09-02,11:51:33,completed,35.6
3580,1169,27,"Risotto with seafood,California maki",2020-09-12,14:27:47,completed,11.2
3581,1155,9,"Chilli con carne,Risotto with seafood,Philadelphia maki",2022-08-06,07:56:56,completed,18.08
3582,1488,7,"Caprese Salad,Fish and chips",2022-04-15,21:37:49,completed,11.71
3583,1603,9,"Chicken Fajitas,Barbecue Ribs,Risotto with seafood,Souvlaki,French fries with sausages",2022-06-15,08:29:04,completed,32.01
3584,796,28,"Souvlaki,Philadelphia maki",2022-10-02,21:08:22,completed,15.06
3585,2214,1,"Lasagne,Caprese Salad,Tiramisù",2020-04-28,17:39:13,completed,24.05
3586,7,3,Bruschette with Tomato,2021-03-01,09:38:28,pending,6.52
3587,1321,7,"Caprese Salad,Teriyaki Chicken donburi",2021-09-02,18:54:22,completed,10.99
3588,2252,9,Chicken Fajitas,2022-06-03,18:20:38,completed,5.43
3589,466,10,Salmon nigiri,2023-11-03,11:09:15,completed,7.0
3590,1565,22,California maki,2023-03-14,13:41:33,completed,6.87
3591,1712,9,Fettuccine Alfredo,2021-06-18,14:35:39,completed,7.76
3592,45,8,"Vegetable Soup,Barbecue Ribs,California maki,Souvlaki",2023-04-15,14:00:54,completed,26.14
3593,2384,16,"Pasta and Beans,Pasta Carbonara,Califlower penne,Salmon nigiri",2023-07-04,20:59:14,completed,27.97
3594,290,3,Fettuccine Alfredo,2024-10-25,14:47:20,completed,6.07
3595,163,15,Caprese Salad,2023-01-06,06:06:51,completed,5.94
3596,967,14,"Vegetable Soup,Pasta with Tomato and Basil,Vegetable Soup,Risotto with seafood",2025-07-23,16:42:42,pending,27.96
3597,1021,14,Bruschette with Tomato,2022-11-29,14:54:23,completed,5.18
3598,883,3,Bruschette with Tomato,2021-11-12,21:32:08,completed,8.13
3599,2256,2,Caprese Salad,2023-05-10,13:41:17,completed,6.05
3600,2219,13,Chilli con carne,2022-03-13,10:46:33,pending,8.19
3601,2679,13,"Caprese Salad,Pasta and Beans",2021-02-01,15:59:31,pending,14.89
3602,2757,17,Mushroom Risotto,2021-06-08,20:00:05,completed,6.02
3603,2044,11,Pasta Carbonara,2022-08-30,10:34:08,pending,8.09
3604,1307,5,Chicken milanese,2021-01-18,08:24:38,completed,6.39
3605,2798,13,Pasta Carbonara,2020-08-13,14:16:12,pending,6.79
3606,2416,9,"Meatballs with sauce,Vegetable Soup,Meatballs with sauce",2021-01-08,16:34:56,cancelled,20.4
3607,1579,2,Califlower penne,2020-09-22,08:04:52,completed,6.04
3608,2761,11,"Pork belly buns,Chilli con carne,Teriyaki Chicken donburi",2020-02-16,08:34:23,completed,20.65
3609,2532,20,"Barbecue Ribs,Fish and chips,Pizza",2024-05-30,18:22:26,completed,20.47
3610,2427,13,Fish and chips,2020-01-01,22:21:08,completed,4.48
3611,2059,25,Linguine with clams,2021-12-14,21:03:22,completed,7.46
3612,2672,18,Tuna sashimi,2023-12-25,14:24:25,completed,4.88
3613,2972,1,Katsu Curry,2021-08-28,12:05:42,completed,7.86
3614,2080,26,"Chicken wings,Pasta and Beans",2021-03-05,07:21:07,pending,10.32
3615,2916,18,"Fettuccine Alfredo,Chilli con carne,Pizza,Scotch eggs",2020-11-02,09:50:24,completed,25.15
3616,337,24,Bruschette with Tomato,2021-08-19,13:37:02,completed,5.64
3617,1675,14,Pork sausage roll,2024-07-02,18:15:30,pending,4.79
3618,2129,24,"Katsu Curry,Barbecue Ribs",2022-04-05,06:00:00,completed,15.82
3619,1035,9,Linguine with clams,2022-12-04,13:39:11,completed,7.51
3620,827,30,Linguine with clams,2022-05-23,16:44:23,completed,7.01
3621,2287,5,Souvlaki,2024-09-02,17:32:28,pending,4.74
3622,2705,22,Pasta with Tomato and Basil,2023-04-11,22:47:41,cancelled,8.8
3623,2867,1,Chicken Fajitas,2024-06-20,09:53:52,pending,8.44
3624,804,18,California maki,2023-03-31,19:09:10,completed,8.49
3625,2394,9,"Tiramisù,Pizza,Katsu Curry",2020-05-01,07:24:22,completed,16.67
3626,603,30,"Cheeseburger,Chicken Fajitas,Katsu Curry,Pasta and Beans",2021-09-22,22:46:43,completed,25.86
3627,361,15,"Linguine with clams,Teriyaki Chicken donburi,Chicken milanese",2025-02-03,07:56:44,completed,17.73
3628,2076,4,"Bruschette with Tomato,Ebiten maki,Souvlaki,Ebiten maki",2023-12-24,20:12:54,completed,25.05
3629,538,29,Pasta with Tomato and Basil,2025-01-31,19:38:35,completed,7.71
3630,218,2,"Pizza,California maki,Pork sausage roll",2020-02-27,18:17:06,pending,20.5
3631,1342,25,"Tiramisù,Pasta and Beans",2024-12-05,13:44:19,completed,9.76
3632,948,27,Chicken wings,2022-10-01,13:47:34,completed,4.34
3633,824,7,"California maki,Pappardelle alla Bolognese,Barbecue Ribs,Ebiten maki",2023-10-25,10:28:55,pending,27.93
3634,888,5,"Caprese Salad,Philadelphia maki",2024-05-19,19:01:17,completed,14.04
3635,2750,9,"Barbecue Ribs,Vegetable Soup",2020-11-16,18:02:02,completed,10.07
3636,187,20,Pappardelle alla Bolognese,2021-12-06,14:54:47,pending,4.58
3637,120,29,"Caesar Salad,Teriyaki Chicken donburi,Pork belly buns",2020-01-22,16:19:45,completed,16.11
3638,1877,17,Meatballs with sauce,2022-10-11,21:59:40,completed,4.95
3639,2526,10,"Caprese Salad,Fettuccine Alfredo,Pappardelle alla Bolognese",2023-02-09,08:52:33,completed,19.27
3640,830,15,Pasta with Tomato and Basil,2025-04-22,16:40:52,completed,7.46
3641,2138,13,Cheeseburger,2021-04-08,06:22:29,completed,8.56
3642,1108,10,Chicken milanese,2025-05-21,10:11:22,completed,5.07
3643,53,15,Pasta Carbonara,2023-05-16,19:23:02,pending,6.76
3644,149,15,Scotch eggs,2020-01-16,18:31:52,completed,5.99
3645,1191,21,Caesar Salad,2021-04-12,18:43:36,completed,4.1
3646,300,6,Caprese Salad,2021-11-16,19:55:31,completed,7.07
3647,2484,28,"Barbecue Ribs,Mushroom Risotto,Tiramisù,Vegetable Soup",2020-12-12,19:12:33,completed,29.08
3648,1659,6,Tiramisù,2024-05-06,12:37:27,completed,8.71
3649,612,24,Meatballs with sauce,2021-02-19,15:23:43,completed,8.76
3650,405,10,"Mushroom Risotto,Tiramisù",2022-09-18,15:49:34,pending,8.85
3651,70,11,Pork sausage roll,2023-03-25,15:40:22,completed,6.47
3652,1455,22,"Pork belly buns,Lasagne,Pizza,Chicken Fajitas",2023-12-16,12:19:02,pending,22.41
3653,2015,5,"Teriyaki Chicken donburi,Chicken Fajitas,Risotto with seafood,Pasta with Tomato and Basil,Caesar Salad",2025-05-30,08:51:22,completed,40.47
3654,2418,10,Katsu Curry,2025-04-09,07:36:53,completed,8.25
3655,2840,23,"California maki,Pork belly buns",2023-01-27,11:31:18,pending,13.03
3656,2696,3,Meatballs with sauce,2024-09-19,20:34:55,completed,6.24
3657,1505,8,Lasagne,2025-06-04,22:57:28,completed,5.45
3658,1818,6,Pizza,2024-11-10,12:07:05,completed,8.75
3659,1683,15,"Caesar Salad,Katsu Curry,Pasta Carbonara,Pasta with Tomato and Basil",2024-07-08,18:51:03,cancelled,26.82
3660,2696,20,"California maki,Fish and chips,French fries with sausages,Meatballs with sauce",2023-05-06,21:37:15,completed,24.06
3661,1401,2,"Chicken milanese,Tiramisù,Fish and chips,Vegetable Soup",2025-05-21,19:17:44,completed,27.47
3662,358,16,"Tuna sashimi,Pizza",2022-10-28,07:38:03,completed,15.69
3663,1041,30,Califlower penne,2020-06-17,15:36:06,completed,6.57
3664,85,3,"Pork sausage roll,Caesar Salad,Katsu Curry",2024-04-24,17:29:36,completed,19.44
3665,5,1,Scotch eggs,2022-01-14,14:58:53,completed,5.83
3666,1364,18,Ricotta stuffed Ravioli,2024-05-06,19:15:28,cancelled,6.99
3667,1826,9,Souvlaki,2020-03-22,19:52:32,pending,5.38
3668,1013,25,"Lasagne,Pasta and Beans",2025-09-07,16:45:56,completed,14.79
3669,1967,9,Meatballs with sauce,2024-01-25,10:37:13,cancelled,7.36
3670,2942,2,"Pasta and Beans,Chicken wings,Souvlaki,Souvlaki",2021-08-22,07:04:52,completed,24.64
3671,2743,11,Ebiten maki,2021-10-30,15:10:30,completed,4.18
3672,2362,23,Pork sausage roll,2023-04-29,19:45:54,cancelled,5.4
3673,1737,22,Pappardelle alla Bolognese,2021-05-18,19:21:45,completed,5.49
3674,977,15,Vegetable Soup,2021-07-19,19:35:34,pending,4.87
3675,1078,16,"Pizza,Teriyaki Chicken donburi",2020-09-07,10:59:13,completed,11.01
3676,847,15,French fries with sausages,2023-08-15,13:26:51,completed,4.97
3677,710,4,French fries with sausages,2020-10-17,16:32:47,completed,5.47
3678,161,25,"Tuna sashimi,Philadelphia maki",2021-10-15,21:45:01,completed,9.96
3679,2884,4,"Pork sausage roll,Mushroom Risotto",2021-05-02,22:01:36,completed,12.99
3680,2929,4,Chilli con carne,2020-04-08,07:35:08,completed,7.74
3681,1672,30,Califlower penne,2023-11-30,17:51:37,completed,8.47
3682,2510,21,"Califlower penne,Bruschette with Tomato,Caprese Salad,Ricotta stuffed Ravioli,Lasagne",2022-11-28,19:40:41,completed,32.93
3683,2185,21,Vegetable Soup,2023-07-22,13:54:24,completed,6.33
3684,204,3,"Chicken milanese,Chicken Fajitas",2020-09-15,17:13:13,completed,10.99
3685,2977,3,Pasta and Beans,2021-02-24,09:28:34,completed,4.05
3686,1842,30,"Scotch eggs,Fish and chips",2022-05-08,09:42:34,completed,9.97
3687,2752,24,Meatballs with sauce,2025-07-09,21:04:03,completed,8.31
3688,2255,22,Fish and chips,2023-01-06,14:23:24,completed,4.13
3689,1982,15,Katsu Curry,2020-11-23,08:57:19,completed,4.84
3690,2201,22,Pork belly buns,2022-01-14,06:34:09,completed,7.43
3691,1599,8,"Fettuccine Alfredo,French fries with sausages,Mushroom Risotto,Vegetable Soup",2020-05-01,10:14:13,completed,26.58
3692,2397,23,"Souvlaki,Mushroom Risotto,Califlower penne,Lasagne",2021-02-25,10:23:52,completed,27.99
3693,1125,26,"Meatballs with sauce,Cheeseburger,Pasta and Beans,French fries with sausages",2020-03-25,07:41:25,completed,31.01
3694,2070,5,Pappardelle alla Bolognese,2021-07-14,07:47:52,pending,7.85
3695,1486,4,Chicken Fajitas,2021-02-22,09:48:41,completed,6.82
3696,574,30,Pasta Carbonara,2024-11-25,09:51:40,completed,6.67
3697,2122,6,"Chilli con carne,Califlower penne,Fish and chips,Chilli con carne,Philadelphia maki",2023-02-14,15:45:54,completed,35.05
3698,231,27,Scotch eggs,2022-02-13,21:58:08,completed,8.84
3699,2714,11,"Barbecue Ribs,Califlower penne,Tiramisù",2023-06-18,18:34:30,completed,15.7
3700,2975,16,Pasta with Tomato and Basil,2020-06-07,16:16:19,pending,4.22
3701,935,9,Tuna sashimi,2020-09-16,12:18:28,completed,8.42
3702,649,4,"Pork sausage roll,Pork belly buns",2020-03-22,09:52:37,completed,13.87
3703,829,26,Cheeseburger,2022-11-13,16:39:19,completed,5.47
3704,2152,1,"California maki,Lasagne,Linguine with clams,Ricotta stuffed Ravioli",2023-08-31,16:11:16,pending,26.05
3705,1155,11,Caesar Salad,2024-10-19,22:34:11,completed,8.98
3706,2462,17,"Pizza,French fries with sausages",2021-01-30,22:28:34,pending,11.61
3707,2193,22,Souvlaki,2021-11-25,19:51:16,completed,4.57
3708,2769,11,Katsu Curry,2021-09-07,13:57:01,pending,8.8
3709,2332,13,Katsu Curry,2025-04-07,18:04:25,completed,7.21
3710,1976,3,"Cheeseburger,Vegetable Soup,Scotch eggs",2022-12-04,15:29:59,completed,18.9
3711,1692,3,Cheeseburger,2024-10-23,19:45:19,completed,7.27
3712,237,29,Pork sausage roll,2024-02-06,21:59:18,completed,4.55
3713,2760,8,"Caprese Salad,Pork belly buns,Cheeseburger,Pork belly buns",2021-07-08,09:43:57,completed,28.11
3714,2572,18,"Salmon nigiri,Bruschette with Tomato,Tiramisù",2023-01-06,16:29:06,completed,21.65
3715,1226,1,"Risotto with seafood,Chicken wings,Pasta with Tomato and Basil,Tiramisù,Ebiten maki",2023-01-18,16:54:37,completed,34.28
3716,2780,15,French fries with sausages,2023-12-29,11:42:57,completed,6.37
3717,2613,25,Salmon nigiri,2025-08-30,07:53:11,completed,5.41
3718,29,4,Califlower penne,2021-10-29,10:10:10,pending,4.03
3719,2616,1,Scotch eggs,2022-04-22,12:08:10,completed,6.76
3720,2564,7,Fish and chips,2025-06-18,10:23:51,pending,8.28
3721,2643,24,Meatballs with sauce,2021-07-24,11:04:53,completed,7.14
3722,283,29,Teriyaki Chicken donburi,2022-04-04,06:53:05,completed,4.68
3723,1674,6,Chilli con carne,2022-10-05,17:21:23,completed,6.75
3724,933,12,Pork belly buns,2023-08-11,07:40:40,completed,5.26
3725,986,23,Caesar Salad,2025-06-23,09:01:03,completed,5.9
3726,1753,14,"Chicken Fajitas,Linguine with clams,Fettuccine Alfredo,Meatballs with sauce",2021-04-28,14:52:36,pending,26.06
3727,1863,26,"Tuna sashimi,Katsu Curry",2020-01-14,11:31:16,completed,13.45
3728,1422,10,Chicken Fajitas,2025-01-19,06:26:49,pending,6.73
3729,1484,28,Chicken Fajitas,2022-03-01,22:06:03,completed,8.16
3730,2924,7,"Pork belly buns,Salmon nigiri,Tiramisù,Linguine with clams,Mushroom Risotto",2022-08-03,14:21:02,completed,32.05
3731,129,25,Ricotta stuffed Ravioli,2021-07-26,18:40:42,completed,8.67
3732,1489,12,"Caprese Salad,Pasta with Tomato and Basil,Chicken wings",2024-11-03,19:53:28,completed,20.29
3733,1764,11,"Caesar Salad,Teriyaki Chicken donburi",2022-09-16,21:30:25,completed,12.48
3734,1796,28,Fettuccine Alfredo,2020-06-19,11:23:39,pending,5.86
3735,95,18,Teriyaki Chicken donburi,2024-09-07,13:13:28,completed,5.33
3736,1992,8,Chicken Fajitas,2021-06-05,17:19:22,completed,7.76
3737,2744,29,Souvlaki,2020-11-24,09:50:17,cancelled,7.25
3738,1171,24,"Scotch eggs,Pork sausage roll",2024-09-27,11:09:26,completed,13.77
3739,2766,6,"Meatballs with sauce,Chicken milanese",2022-02-19,07:28:57,completed,10.52
3740,754,10,Pork sausage roll,2023-09-21,18:13:48,completed,7.27
3741,2408,6,"Pork belly buns,Pasta and Beans,Tiramisù,Pasta with Tomato and Basil",2024-07-31,19:09:59,completed,27.13
3742,1723,17,Pasta Carbonara,2021-02-07,08:36:05,pending,7.2
3743,1276,22,Tiramisù,2021-03-24,09:26:43,completed,4.87
3744,1265,21,French fries with sausages,2024-08-12,20:11:34,pending,7.53
3745,2519,24,Meatballs with sauce,2022-04-03,18:37:59,completed,6.64
3746,1606,30,"Fish and chips,Fettuccine Alfredo,Pasta with Tomato and Basil,Tiramisù",2025-02-13,10:00:40,completed,28.18
3747,2554,28,Pasta and Beans,2022-03-09,12:37:30,completed,6.04
3748,1731,1,Tiramisù,2023-01-20,13:38:32,completed,4.18
3749,1216,5,"Pork belly buns,Fish and chips,Pasta Carbonara",2024-11-12,10:32:15,pending,17.33
3750,2324,12,"French fries with sausages,Meatballs with sauce,Souvlaki,Linguine with clams",2022-03-08,10:36:47,pending,23.24
3751,948,7,"Caesar Salad,Meatballs with sauce,Linguine with clams,Pasta Carbonara,Souvlaki",2024-12-04,21:18:50,completed,34.15
3752,1097,28,Pork belly buns,2022-11-04,20:55:22,completed,6.97
3753,1214,28,Salmon nigiri,2020-03-22,16:00:59,cancelled,7.19
3754,1243,2,"Tiramisù,Tiramisù,Mushroom Risotto,Salmon nigiri,Salmon nigiri",2021-10-22,09:22:16,pending,34.81
3755,2634,25,Pasta Carbonara,2024-03-25,11:44:27,cancelled,8.04
3756,576,19,"Pasta and Beans,Fish and chips,Ricotta stuffed Ravioli",2022-12-30,12:57:43,completed,15.54
3757,2432,2,Cheeseburger,2021-01-16,12:04:18,completed,6.4
3758,2387,21,Fettuccine Alfredo,2023-07-26,17:49:32,completed,8.31
3759,2233,20,Ricotta stuffed Ravioli,2024-01-16,16:53:40,completed,7.58
3760,423,19,"Mushroom Risotto,Pappardelle alla Bolognese,Ebiten maki,Bruschette with Tomato,Vegetable Soup",2020-08-24,10:45:19,completed,33.77
3761,149,21,Pork sausage roll,2025-05-23,09:29:42,completed,4.63
3762,1541,1,"Chicken Fajitas,Pasta and Beans,Lasagne,French fries with sausages",2021-02-09,06:01:57,completed,22.75
3763,735,27,Katsu Curry,2022-04-02,18:39:20,completed,4.47
3764,155,2,"Caesar Salad,California maki,Barbecue Ribs,Mushroom Risotto",2024-02-20,13:43:35,completed,25.78
3765,1125,22,"Scotch eggs,Ricotta stuffed Ravioli",2020-08-10,13:41:24,completed,10.24
3766,1166,23,Pizza,2023-08-22,21:41:37,completed,5.31
3767,216,22,"Pasta Carbonara,Pork belly buns",2021-03-26,18:48:57,completed,11.52
3768,2032,18,French fries with sausages,2025-09-08,17:45:29,completed,7.77
3769,104,2,"Salmon nigiri,Fettuccine Alfredo,Linguine with clams,Ricotta stuffed Ravioli,Teriyaki Chicken donburi",2020-12-21,11:17:17,completed,33.22
3770,1567,29,Barbecue Ribs,2023-05-02,15:27:30,completed,7.62
3771,1483,25,Fettuccine Alfredo,2023-05-24,13:01:44,completed,7.26
3772,2389,28,"Califlower penne,Teriyaki Chicken donburi",2022-04-24,07:51:35,cancelled,11.89
3773,1857,26,"Caprese Salad,Salmon nigiri,Tiramisù",2021-08-11,09:34:33,pending,18.75
3774,1840,13,"Pork sausage roll,Pappardelle alla Bolognese",2022-03-03,11:06:15,completed,12.62
3775,2451,7,Meatballs with sauce,2021-11-21,06:44:21,completed,5.32
3776,998,7,"Salmon nigiri,Pasta Carbonara,Caprese Salad,Mushroom Risotto",2020-07-16,14:10:59,pending,23.53
3777,1103,23,"Lasagne,Teriyaki Chicken donburi",2020-02-21,08:26:28,completed,15.62
3778,911,22,Souvlaki,2024-12-06,12:51:07,completed,5.07
3779,119,6,"Barbecue Ribs,Pasta Carbonara,California maki,California maki,Pasta Carbonara",2022-02-22,08:24:23,completed,33.48
3780,178,23,Chicken milanese,2023-08-26,15:19:00,completed,4.27
3781,829,26,Pasta and Beans,2022-11-28,20:15:25,completed,6.21
3782,2034,11,Pork belly buns,2024-08-28,12:33:20,completed,5.58
3783,2431,10,"Pappardelle alla Bolognese,Katsu Curry,Chicken milanese",2025-05-30,11:30:31,pending,23.05
3784,1101,4,Pasta and Beans,2024-07-01,09:43:19,cancelled,4.34
3785,1390,26,"Chicken Fajitas,Linguine with clams,Ebiten maki",2022-05-15,19:28:09,completed,15.91
3786,2027,29,Pappardelle alla Bolognese,2021-12-30,09:13:00,completed,8.56
3787,2645,19,Barbecue Ribs,2022-11-04,21:51:07,completed,5.38
3788,896,5,"Tiramisù,Pork sausage roll,Scotch eggs",2025-08-06,07:26:38,completed,17.09
3789,1575,9,Bruschette with Tomato,2021-07-15,17:47:21,pending,8.75
3790,100,28,Souvlaki,2020-02-16,09:13:09,completed,8.61
3791,960,11,Chicken Fajitas,2023-11-05,12:42:53,completed,5.75
3792,2252,30,Lasagne,2023-08-02,21:07:58,cancelled,6.36
3793,1156,18,"Lasagne,Pasta and Beans",2025-02-10,18:49:49,completed,12.94
3794,2563,24,"Tiramisù,Cheeseburger",2020-01-02,21:22:45,completed,10.34
3795,56,12,"Scotch eggs,Tuna sashimi",2022-08-01,16:43:38,completed,14.36
3796,983,23,Mushroom Risotto,2020-01-17,11:19:35,completed,7.9
3797,463,14,"Katsu Curry,Vegetable Soup,Lasagne,Pizza,Ricotta stuffed Ravioli",2021-12-27,15:27:19,pending,35.73
3798,2754,8,California maki,2023-01-25,20:31:01,completed,8.66
3799,1479,4,"Chicken Fajitas,Tuna sashimi,Pork belly buns,Meatballs with sauce",2025-04-18,07:40:43,completed,20.51
3800,599,3,Califlower penne,2025-09-28,08:13:43,completed,7.66
3801,2954,26,Fettuccine Alfredo,2022-06-18,10:10:15,completed,4.72
3802,2406,13,"Caprese Salad,Chicken milanese,Caprese Salad",2023-07-03,20:04:47,completed,17.61
3803,2430,22,Ebiten maki,2023-07-26,13:13:50,completed,5.73
3804,293,8,"Scotch eggs,Tiramisù,Ebiten maki,Barbecue Ribs,Caprese Salad",2020-08-16,11:36:33,completed,35.0
3805,1622,28,"Pork belly buns,Barbecue Ribs,Katsu Curry,Souvlaki",2021-03-10,10:07:38,completed,23.79
3806,55,25,Tiramisù,2025-08-27,15:11:11,completed,4.27
3807,936,24,Pasta and Beans,2020-08-25,12:52:09,completed,8.21
3808,1963,20,"Philadelphia maki,Chicken wings",2021-09-08,10:31:22,completed,16.74
3809,2410,16,"Pappardelle alla Bolognese,Pappardelle alla Bolognese",2021-03-06,18:00:34,cancelled,12.92
3810,1091,4,"Chicken Fajitas,Fish and chips,Chicken milanese",2020-10-19,07:52:58,pending,18.37
3811,2717,21,"Ricotta stuffed Ravioli,French fries with sausages",2023-12-17,07:37:35,completed,12.13
3812,1101,3,Pasta with Tomato and Basil,2022-05-27,21:59:41,completed,5.49
3813,2110,25,Pasta Carbonara,2022-10-20,20:10:01,completed,8.36
3814,816,15,"Linguine with clams,Chicken milanese,Pasta and Beans",2024-09-18,09:39:15,completed,23.0
3815,242,19,Pizza,2021-01-10,17:21:44,pending,5.83
3816,1436,10,Ebiten maki,2023-06-01,20:24:29,completed,6.05
3817,1015,27,"Bruschette with Tomato,Katsu Curry",2023-12-18,12:27:34,completed,14.1
3818,1416,15,"Ebiten maki,Chicken wings,Pappardelle alla Bolognese",2023-07-05,09:43:53,completed,21.75
3819,2769,14,Risotto with seafood,2022-05-20,06:38:17,completed,6.51
3820,175,23,Califlower penne,2022-05-06,13:36:53,completed,8.24
3821,392,22,Chilli con carne,2022-01-02,18:52:51,pending,4.77
3822,1636,9,Pork belly buns,2020-05-17,19:33:07,completed,8.03
3823,1535,11,Pork sausage roll,2025-01-15,10:40:49,pending,6.66
3824,961,11,"Cheeseburger,Pasta Carbonara,Califlower penne,Cheeseburger,Fish and chips",2023-11-10,22:09:12,completed,29.94
3825,2810,25,Chilli con carne,2025-08-20,14:51:24,completed,6.67
3826,1320,28,Katsu Curry,2021-12-20,18:34:25,completed,7.01
3827,2851,3,Philadelphia maki,2021-05-30,19:52:17,completed,8.38
3828,1500,7,"Barbecue Ribs,Scotch eggs,Ebiten maki",2023-02-21,06:42:51,completed,21.48
3829,2763,3,Lasagne,2024-12-10,19:54:49,completed,7.75
3830,1096,15,"Pork sausage roll,Cheeseburger,Pappardelle alla Bolognese",2023-06-10,16:33:12,completed,22.89
3831,1703,7,Teriyaki Chicken donburi,2024-05-11,13:00:17,completed,4.44
3832,2046,26,Lasagne,2020-02-05,20:38:39,completed,7.56
3833,1652,14,Pizza,2022-09-16,12:59:17,completed,4.92
3834,1083,7,"Vegetable Soup,Scotch eggs",2024-02-17,21:25:56,pending,13.89
3835,2967,8,Pasta and Beans,2021-12-23,22:32:31,completed,8.48
3836,1165,30,Lasagne,2023-01-13,08:23:57,pending,5.83
3837,702,29,"California maki,Caprese Salad",2020-06-20,22:28:16,completed,12.65
3838,1630,22,Teriyaki Chicken donburi,2023-02-04,10:52:17,completed,4.84
3839,246,30,Pasta and Beans,2025-08-01,21:07:54,pending,7.42
3840,1956,20,Barbecue Ribs,2024-01-15,19:56:52,completed,4.9
3841,956,16,Cheeseburger,2023-07-19,08:40:00,completed,5.94
3842,2587,14,Vegetable Soup,2025-06-13,06:58:42,completed,7.07
3843,1235,17,"Pizza,Risotto with seafood,Souvlaki,Ebiten maki,Souvlaki",2023-08-13,21:33:35,completed,33.02
3844,1848,2,Lasagne,2025-09-22,19:54:11,completed,7.81
3845,2159,18,Lasagne,2021-06-11,17:17:39,completed,7.88
3846,1640,14,"California maki,Pasta Carbonara",2021-05-11,14:21:59,pending,15.08
3847,1312,30,"Risotto with seafood,Meatballs with sauce,Pizza",2022-12-25,21:28:30,completed,25.73
3848,193,27,"Chilli con carne,Meatballs with sauce",2021-02-11,20:22:23,pending,12.6
3849,1562,19,"Fish and chips,Barbecue Ribs,Pizza,French fries with sausages",2025-10-01,13:24:50,completed,26.38
3850,646,21,Tiramisù,2020-08-13,10:00:01,pending,7.83
3851,1871,4,"Lasagne,Linguine with clams",2020-11-11,11:12:38,pending,13.29
3852,2138,27,"Chicken wings,Califlower penne",2025-08-13,09:22:02,pending,12.64
3853,2190,4,"Chilli con carne,Tiramisù",2024-10-16,07:50:01,completed,14.03
3854,700,29,"Pappardelle alla Bolognese,Scotch eggs,Tuna sashimi",2024-10-20,16:11:32,pending,22.49
3855,1289,2,"Pork belly buns,Linguine with clams",2022-10-10,10:55:51,completed,13.34
3856,1098,22,Pasta and Beans,2022-02-21,06:25:33,completed,8.51
3857,2476,28,Pappardelle alla Bolognese,2020-11-10,17:06:24,completed,4.44
3858,442,10,"Meatballs with sauce,Cheeseburger",2020-10-05,14:07:30,completed,16.11
3859,191,8,Vegetable Soup,2020-11-24,13:29:33,completed,8.55
3860,54,1,"Caprese Salad,Caprese Salad",2024-03-16,21:26:17,completed,11.76
3861,1310,7,"Risotto with seafood,Cheeseburger",2022-10-29,13:46:58,completed,10.12
3862,2118,20,"Bruschette with Tomato,Bruschette with Tomato,Pizza,Bruschette with Tomato",2023-10-25,08:51:18,completed,24.71
3863,2092,4,"Pappardelle alla Bolognese,Pasta Carbonara,Linguine with clams,Chicken wings",2024-12-31,10:26:09,pending,29.92
3864,2928,18,"Fish and chips,Fish and chips,Chicken milanese,Cheeseburger",2021-07-03,16:23:09,pending,27.07
3865,1663,24,"Barbecue Ribs,Tuna sashimi,Philadelphia maki",2020-11-25,10:04:34,pending,17.78
3866,1605,8,Lasagne,2022-02-13,09:05:29,pending,6.35
3867,1551,2,"Caprese Salad,Risotto with seafood",2020-05-10,19:43:15,cancelled,13.82
3868,97,17,"Califlower penne,Souvlaki,Pork belly buns",2020-03-11,14:18:57,cancelled,23.02
3869,1068,17,"Chicken milanese,Pizza,Ricotta stuffed Ravioli,Pasta and Beans",2021-01-10,07:13:40,completed,23.12
3870,2508,15,French fries with sausages,2020-11-05,22:03:08,completed,5.23
3871,2299,20,"Ebiten maki,Fettuccine Alfredo",2023-05-26,17:48:31,completed,14.64
3872,2688,1,Fish and chips,2022-03-04,06:42:41,completed,4.1
3873,443,20,"Lasagne,Mushroom Risotto,Chicken wings,Souvlaki",2025-05-12,20:00:38,completed,28.26
3874,1466,15,"Caprese Salad,Vegetable Soup,Pasta and Beans",2025-02-18,22:31:56,completed,18.32
3875,2522,26,"Meatballs with sauce,Ricotta stuffed Ravioli,Caprese Salad",2023-02-19,22:16:48,pending,22.1
3876,809,30,"Risotto with seafood,Vegetable Soup,Pasta with Tomato and Basil,Cheeseburger",2021-04-13,09:06:35,completed,28.73
3877,49,2,"Risotto with seafood,Meatballs with sauce,Linguine with clams,Souvlaki",2022-02-04,06:06:26,completed,26.86
3878,2410,27,Philadelphia maki,2020-04-18,16:04:45,pending,4.35
3879,1702,5,"Pappardelle alla Bolognese,Fish and chips,Linguine with clams,Chicken Fajitas",2024-12-25,16:57:04,pending,28.68
3880,1219,13,Pork sausage roll,2024-08-31,06:22:16,cancelled,7.38
3881,476,8,Chicken wings,2024-01-09,20:19:16,completed,8.52
3882,446,4,"Chicken Fajitas,Linguine with clams",2023-02-05,07:39:21,completed,12.04
3883,49,5,"Ebiten maki,Pork sausage roll,Ricotta stuffed Ravioli,Pappardelle alla Bolognese,Chilli con carne",2025-06-23,09:09:03,completed,31.02
3884,2309,21,Ebiten maki,2020-04-12,20:35:07,completed,5.79
3885,921,16,Califlower penne,2021-01-08,14:36:31,completed,4.52
3886,607,7,Scotch eggs,2020-08-03,19:17:47,completed,6.76
3887,2832,17,Caesar Salad,2024-12-14,12:06:15,completed,8.14
3888,2969,27,Souvlaki,2020-10-26,11:25:34,completed,8.55
3889,2665,11,Bruschette with Tomato,2021-10-31,14:18:18,pending,4.78
3890,1992,8,"California maki,Chicken Fajitas,Ebiten maki",2021-05-11,06:09:30,completed,15.98
3891,1137,23,California maki,2020-04-20,09:52:57,completed,7.26
3892,2063,13,Cheeseburger,2023-08-31,10:17:00,pending,5.11
3893,1312,3,"Ebiten maki,Scotch eggs",2023-03-26,20:51:45,completed,11.69
3894,179,16,Meatballs with sauce,2020-11-03,09:36:20,pending,5.08
3895,577,2,Philadelphia maki,2020-02-29,19:52:47,completed,7.91
3896,2968,12,"Caesar Salad,Caprese Salad,Tiramisù",2021-12-03,15:38:15,completed,18.07
3897,1276,15,"Ricotta stuffed Ravioli,Bruschette with Tomato,Ebiten maki",2025-03-11,08:39:14,completed,19.87
3898,694,23,Caprese Salad,2020-05-08,20:55:59,completed,6.56
3899,1260,9,Chicken Fajitas,2024-03-29,21:23:43,completed,4.64
3900,939,7,"Souvlaki,Katsu Curry",2022-02-24,13:00:41,completed,16.71
3901,115,18,Chicken wings,2022-05-05,20:24:54,completed,8.42
3902,941,4,"Linguine with clams,California maki",2022-10-04,15:58:54,completed,10.69
3903,1280,24,French fries with sausages,2021-12-11,19:56:05,cancelled,6.78
3904,275,22,"Cheeseburger,Meatballs with sauce,Linguine with clams",2022-05-31,22:41:03,completed,15.07
3905,2604,2,Califlower penne,2023-01-28,06:46:11,completed,4.07
3906,1077,22,Teriyaki Chicken donburi,2023-01-25,16:54:15,completed,8.73
3907,2358,20,Philadelphia maki,2021-11-29,14:59:01,completed,6.02
3908,2729,21,Chilli con carne,2021-07-15,09:43:28,completed,5.23
3909,2568,10,"Bruschette with Tomato,Pasta Carbonara,Pappardelle alla Bolognese",2024-02-24,19:36:52,completed,23.01
3910,2288,10,"Fettuccine Alfredo,Pork belly buns,Pizza,Linguine with clams",2020-05-11,14:45:10,completed,26.85
3911,2215,17,French fries with sausages,2025-07-30,22:03:14,completed,6.47
3912,1867,4,Chicken Fajitas,2024-05-20,13:53:32,completed,7.83
3913,1455,27,Chicken Fajitas,2020-12-13,15:06:35,completed,8.8
3914,2913,8,"Tiramisù,Califlower penne",2025-04-18,08:14:54,pending,14.52
3915,2268,9,"Chicken milanese,Pork sausage roll",2023-03-25,14:17:43,cancelled,12.56
3916,282,7,Souvlaki,2020-12-05,12:15:43,pending,4.69
3917,853,11,"California maki,Fettuccine Alfredo,Caesar Salad",2020-01-16,18:20:40,completed,16.34
3918,2653,3,Pork sausage roll,2021-09-13,19:47:22,completed,6.31
3919,1359,14,"Barbecue Ribs,Caesar Salad,Ricotta stuffed Ravioli,California maki",2025-08-28,21:03:06,cancelled,25.94
3920,2236,11,Chicken wings,2023-04-17,14:40:06,pending,7.93
3921,99,25,Scotch eggs,2022-01-20,20:17:41,completed,6.7
3922,1519,4,"Califlower penne,Caprese Salad",2024-10-11,09:11:06,pending,15.16
3923,2598,9,Salmon nigiri,2022-03-28,06:55:12,completed,4.24
3924,1909,26,Scotch eggs,2022-05-07,19:00:12,completed,6.85
3925,2884,11,"Ricotta stuffed Ravioli,Caesar Salad,Mushroom Risotto,Califlower penne",2022-10-15,17:33:12,completed,29.48
3926,1230,13,"Fettuccine Alfredo,Fettuccine Alfredo,Pasta Carbonara,Pasta Carbonara",2023-02-04,17:00:05,completed,25.47
3927,2044,20,"Vegetable Soup,Pasta Carbonara,Pasta Carbonara",2020-09-13,11:17:20,completed,21.4
3928,1047,17,"Ricotta stuffed Ravioli,Pizza",2023-09-10,18:16:38,completed,12.56
3929,932,7,Cheeseburger,2022-12-13,09:32:50,completed,8.32
3930,113,7,"Risotto with seafood,Pasta and Beans",2022-01-11,06:08:52,pending,11.69
3931,100,30,Tuna sashimi,2020-11-22,09:59:04,pending,8.64
3932,2205,26,Pappardelle alla Bolognese,2022-09-05,16:12:11,completed,5.92
3933,1042,28,"Pork sausage roll,Meatballs with sauce",2022-01-21,16:57:38,completed,10.99
3934,1453,14,"Fish and chips,Philadelphia maki",2023-06-02,22:59:45,completed,13.76
3935,1225,5,Chicken Fajitas,2024-07-02,14:58:32,cancelled,8.59
3936,1114,19,"French fries with sausages,Chicken Fajitas",2023-03-29,11:09:44,completed,10.3
3937,96,16,Pasta with Tomato and Basil,2022-03-27,09:59:29,completed,5.2
3938,1648,12,"Chicken Fajitas,Chicken milanese",2020-06-21,22:15:20,completed,11.28
3939,811,7,"Philadelphia maki,California maki,Chilli con carne",2022-07-21,20:14:51,cancelled,14.96
3940,1988,11,Chicken milanese,2021-10-19,18:10:45,pending,4.69
3941,1967,6,"Bruschette with Tomato,Philadelphia maki,Caprese Salad,Linguine with clams,Fettuccine Alfredo",2023-07-29,19:00:21,pending,32.71
3942,1935,17,"Souvlaki,Teriyaki Chicken donburi,Califlower penne",2021-05-19,19:14:01,completed,23.88
3943,1897,5,Pasta Carbonara,2023-08-28,11:39:36,completed,8.75
3944,2496,22,Katsu Curry,2022-01-31,10:28:00,pending,5.34
3945,1895,12,Pork belly buns,2021-10-03,12:31:59,completed,5.43
3946,1837,21,Pasta with Tomato and Basil,2020-02-02,17:45:15,completed,4.22
3947,2266,2,"Chicken wings,Chicken milanese",2023-11-30,17:40:58,completed,13.45
3948,2086,21,Lasagne,2024-07-28,22:23:53,completed,8.47
3949,102,3,"Fish and chips,Vegetable Soup",2022-03-19,09:22:59,completed,15.01
3950,268,23,"Souvlaki,Tuna sashimi,Meatballs with sauce,Pasta Carbonara",2021-06-01,11:53:00,completed,23.87
3951,992,21,Fish and chips,2023-02-21,08:22:58,completed,7.09
3952,2428,22,Pasta and Beans,2021-05-01,15:05:59,pending,4.71
3953,1236,17,Pizza,2025-09-11,11:54:34,completed,8.53
3954,2886,20,"Risotto with seafood,Linguine with clams,Linguine with clams",2025-09-23,18:30:07,completed,24.47
3955,1621,10,"Vegetable Soup,Barbecue Ribs",2023-09-12,20:08:00,completed,14.75
3956,424,24,Salmon nigiri,2020-11-16,15:37:37,completed,8.17
3957,1639,29,"Lasagne,Fettuccine Alfredo",2023-03-14,21:57:29,completed,13.47
3958,2256,21,Pasta Carbonara,2023-12-08,08:42:04,completed,8.18
3959,2475,6,Katsu Curry,2024-02-02,13:47:23,completed,6.36
3960,721,14,"Califlower penne,Tuna sashimi",2025-09-21,15:27:07,completed,16.81
3961,935,26,Fettuccine Alfredo,2023-12-26,12:24:02,pending,6.92
3962,2474,27,"Linguine with clams,Lasagne",2025-10-01,11:12:31,completed,14.97
3963,1461,22,Teriyaki Chicken donburi,2024-09-17,19:39:23,pending,7.48
3964,2360,6,"Lasagne,California maki,Pappardelle alla Bolognese,Pasta and Beans",2025-06-03,08:19:35,completed,21.39
3965,1977,3,Pizza,2024-04-10,11:03:51,completed,5.81
3966,2549,13,Barbecue Ribs,2021-08-11,09:15:12,completed,5.76
3967,1897,6,Pappardelle alla Bolognese,2022-07-27,14:22:31,completed,7.92
3968,2415,16,"Cheeseburger,Mushroom Risotto",2021-11-05,18:57:14,completed,14.71
3969,528,2,Pappardelle alla Bolognese,2024-03-30,19:07:46,completed,8.62
3970,733,27,"Chilli con carne,Salmon nigiri,Bruschette with Tomato",2024-02-11,15:56:55,completed,19.54
3971,1564,23,"Chicken Fajitas,Cheeseburger",2025-09-30,17:18:12,pending,9.61
3972,1554,17,"Lasagne,Katsu Curry",2024-09-03,16:26:50,completed,11.27
3973,2611,21,"Chicken wings,Fish and chips,Salmon nigiri",2022-08-22,08:56:58,completed,20.37
3974,2944,13,"California maki,Ebiten maki,California maki",2023-03-29,13:17:19,completed,23.19
3975,2735,24,"Pasta Carbonara,Teriyaki Chicken donburi",2023-09-12,06:50:44,completed,11.57
3976,534,9,"Salmon nigiri,Fettuccine Alfredo",2024-11-30,18:23:20,completed,16.27
3977,2754,26,Pork sausage roll,2024-01-03,10:21:18,completed,6.69
3978,2136,12,California maki,2022-11-27,22:43:44,completed,7.18
3979,2687,28,"Katsu Curry,Chicken Fajitas,Califlower penne",2024-09-02,18:46:19,completed,16.94
3980,1252,1,Califlower penne,2023-05-15,14:47:35,completed,4.88
3981,2181,4,"Risotto with seafood,Chicken Fajitas",2022-02-24,15:17:14,completed,14.68
3982,2723,3,"Teriyaki Chicken donburi,Teriyaki Chicken donburi,Pork belly buns,French fries with sausages,Mushroom Risotto",2023-11-17,13:11:11,completed,32.5
3983,64,15,"Fish and chips,Katsu Curry,Ebiten maki,Cheeseburger,Bruschette with Tomato",2024-03-12,08:49:53,completed,30.92
3984,1669,29,"Tiramisù,Linguine with clams,Mushroom Risotto",2021-03-22,20:12:57,completed,15.67
3985,861,25,Caprese Salad,2022-06-14,18:45:54,pending,8.72
3986,1692,2,"California maki,Ebiten maki,Pasta with Tomato and Basil",2023-05-07,11:43:13,completed,18.11
3987,458,6,Tuna sashimi,2025-07-01,19:20:11,completed,4.33
3988,2502,11,Mushroom Risotto,2024-10-17,15:18:43,completed,5.95
3989,1128,12,Fettuccine Alfredo,2024-09-15,21:47:15,completed,4.41
3990,1679,7,"Pappardelle alla Bolognese,Pasta Carbonara",2024-03-08,18:58:37,completed,11.29
3991,1261,12,"Tuna sashimi,California maki,Pasta Carbonara,Cheeseburger",2023-07-06,20:07:15,completed,20.87
3992,1717,19,Tiramisù,2023-09-06,09:52:14,completed,6.0
3993,735,12,"Souvlaki,Pizza,California maki",2025-05-04,07:51:19,completed,16.09
3994,1492,27,"Salmon nigiri,Caesar Salad",2021-07-06,12:33:09,completed,10.68
3995,1246,20,"Chicken wings,Vegetable Soup",2022-02-02,15:38:36,completed,12.74
3996,1346,20,"Mushroom Risotto,Pork belly buns,Cheeseburger,Caesar Salad",2022-07-05,18:04:52,completed,30.53
3997,1766,8,"Fettuccine Alfredo,Pasta Carbonara,Tiramisù",2022-03-21,06:08:26,completed,21.7
3998,142,30,Scotch eggs,2022-06-29,19:14:23,completed,7.73
3999,638,5,"Fettuccine Alfredo,Bruschette with Tomato,Vegetable Soup",2020-12-13,09:57:50,pending,19.21
4000,812,9,Pappardelle alla Bolognese,2020-04-08,09:02:24,completed,5.37
4001,2872,16,"French fries with sausages,Pork sausage roll,Cheeseburger,Philadelphia maki,Fettuccine Alfredo",2024-11-28,11:17:49,completed,34.13
4002,47,9,Tuna sashimi,2023-04-09,08:55:14,cancelled,4.58
4003,1424,2,"Risotto with seafood,Califlower penne",2022-02-05,12:06:45,completed,12.78
4004,2444,15,Caesar Salad,2022-12-06,20:19:39,completed,7.28
4005,1099,24,"Teriyaki Chicken donburi,Risotto with seafood,Barbecue Ribs",2022-06-13,08:33:21,completed,17.52
4006,704,8,"Barbecue Ribs,Pork sausage roll,Chicken Fajitas,Souvlaki",2021-05-18,07:34:50,cancelled,29.71
4007,857,25,"Souvlaki,Chicken milanese,Philadelphia maki,Pork belly buns",2025-02-15,17:16:49,completed,25.67
4008,1702,1,"Pizza,Souvlaki,Meatballs with sauce",2021-01-23,09:55:12,completed,21.08
4009,1261,19,"Katsu Curry,Vegetable Soup,Cheeseburger",2021-06-10,19:52:57,completed,15.87
4010,1339,29,"Ebiten maki,Ricotta stuffed Ravioli,Chicken milanese",2023-04-26,19:05:06,completed,16.65
4011,1427,2,Pasta Carbonara,2020-09-18,19:45:38,completed,4.26
4012,2613,14,"Vegetable Soup,Pizza",2022-03-16,06:25:02,completed,9.71
4013,2966,4,"Pork belly buns,Risotto with seafood,Chicken milanese",2021-01-18,13:25:56,completed,18.63
4014,2445,10,French fries with sausages,2025-03-20,20:41:43,completed,6.21
4015,752,3,Risotto with seafood,2022-02-02,08:00:32,completed,8.31
4016,2171,23,Chilli con carne,2024-01-03,19:08:19,completed,6.09
4017,190,20,"Pasta with Tomato and Basil,Barbecue Ribs",2020-02-25,16:07:32,completed,8.44
4018,2788,5,Philadelphia maki,2020-08-06,17:24:08,completed,4.28
4019,1359,22,Vegetable Soup,2021-02-15,21:40:14,completed,7.04
4020,2310,28,"Pappardelle alla Bolognese,Vegetable Soup",2023-06-21,20:27:29,pending,13.79
4021,2106,13,"Meatballs with sauce,Lasagne,Souvlaki",2022-07-28,07:34:39,completed,20.3
4022,201,29,"Katsu Curry,Pasta and Beans",2024-10-03,13:55:40,completed,8.66
4023,2091,5,"Mushroom Risotto,Chilli con carne,Caprese Salad,Pasta with Tomato and Basil",2022-09-25,20:21:08,completed,29.05
4024,1835,9,Ebiten maki,2021-02-13,18:32:42,completed,4.93
4025,859,16,Chicken Fajitas,2024-07-30,21:34:04,completed,8.58
4026,2880,9,"Cheeseburger,Lasagne,Salmon nigiri",2025-07-03,10:38:28,completed,20.49
4027,2882,4,Chicken milanese,2022-07-29,19:42:56,completed,8.09
4028,1333,30,Bruschette with Tomato,2021-01-31,08:32:15,completed,8.88
4029,1725,15,"Ebiten maki,Vegetable Soup,Pasta with Tomato and Basil",2025-07-23,10:42:10,completed,17.22
4030,1611,6,Pasta and Beans,2025-06-15,12:06:35,completed,5.6
4031,201,27,Barbecue Ribs,2020-10-14,19:27:06,completed,5.88
4032,1666,15,"Tiramisù,Vegetable Soup,Ricotta stuffed Ravioli,Caprese Salad",2020-03-31,20:45:27,completed,28.16
4033,704,18,"California maki,Bruschette with Tomato",2024-05-29,14:23:40,completed,13.19
4034,195,27,"Chicken milanese,Caprese Salad",2023-04-11,11:19:07,pending,8.55
4035,218,15,Tiramisù,2020-08-29,09:06:12,completed,6.98
4036,2390,19,"Pappardelle alla Bolognese,Ricotta stuffed Ravioli,Califlower penne",2024-07-14,21:11:52,completed,20.9
4037,731,7,"Risotto with seafood,Pizza,Tuna sashimi,Chicken Fajitas,Ricotta stuffed Ravioli",2025-06-24,20:30:49,completed,35.99
4038,1374,30,Pasta with Tomato and Basil,2020-12-21,15:44:21,completed,5.18
4039,1699,7,Bruschette with Tomato,2020-07-04,09:30:41,pending,4.26
4040,474,17,"Pizza,Califlower penne,Caprese Salad,Pasta Carbonara",2023-06-17,08:21:37,pending,26.75
4041,1475,10,Pappardelle alla Bolognese,2022-12-28,11:23:34,cancelled,5.95
4042,1218,15,Cheeseburger,2020-04-23,14:23:59,completed,7.32
4043,1070,15,Fish and chips,2021-09-29,09:08:34,completed,7.8
4044,271,6,"Philadelphia maki,Katsu Curry,Mushroom Risotto",2025-07-12,07:04:19,completed,20.08
4045,875,25,"Califlower penne,Fettuccine Alfredo,Bruschette with Tomato",2022-09-03,21:52:03,completed,23.44
4046,1077,27,"Lasagne,Philadelphia maki,Caesar Salad,Scotch eggs",2024-05-25,07:13:08,completed,20.2
4047,1442,18,Scotch eggs,2020-12-04,12:49:40,completed,5.01
4048,753,5,Fettuccine Alfredo,2022-12-27,10:21:49,completed,6.85
4049,615,16,Pasta Carbonara,2024-11-04,22:02:13,completed,7.71
4050,1547,18,Pasta Carbonara,2025-02-26,16:35:33,completed,7.98
4051,710,20,"Scotch eggs,Pasta and Beans",2023-05-15,12:28:59,completed,15.52
4052,2970,30,Salmon nigiri,2021-02-04,17:40:34,completed,5.87
4053,1189,20,"Chilli con carne,Chicken wings,Chicken wings,Chicken milanese",2022-09-20,06:50:12,completed,20.76
4054,2711,15,"Chilli con carne,Pappardelle alla Bolognese,Lasagne",2020-01-26,07:12:48,completed,19.12
4055,120,15,Vegetable Soup,2024-08-12,17:08:53,completed,6.21
4056,1111,3,Fettuccine Alfredo,2021-10-15,10:16:17,completed,7.71
4057,1142,20,"Pasta with Tomato and Basil,Mushroom Risotto",2024-02-17,09:22:27,completed,15.0
4058,2370,10,"Meatballs with sauce,Vegetable Soup,Pork belly buns",2021-01-19,08:10:53,completed,22.9
4059,2002,28,Pappardelle alla Bolognese,2021-12-12,15:15:55,pending,6.03
4060,1957,29,Teriyaki Chicken donburi,2022-06-02,17:31:42,pending,7.46
4061,505,30,"Barbecue Ribs,Tuna sashimi,Chicken wings,Califlower penne",2021-04-18,15:05:36,completed,21.05
4062,1553,29,"Tuna sashimi,Pasta Carbonara,Vegetable Soup,Scotch eggs",2024-10-13,09:21:36,completed,23.28
4063,2356,19,Chilli con carne,2022-05-30,11:24:18,pending,4.78
4064,1001,24,"Linguine with clams,Cheeseburger",2022-11-24,10:17:05,completed,15.15
4065,1777,5,Souvlaki,2021-03-14,19:02:48,completed,5.73
4066,1205,5,"Pasta with Tomato and Basil,Caesar Salad,Barbecue Ribs,Katsu Curry,Caprese Salad",2021-08-13,11:38:36,completed,31.64
4067,2475,27,Katsu Curry,2024-02-14,14:47:51,pending,7.05
4068,734,5,Pappardelle alla Bolognese,2023-12-14,22:32:41,completed,8.02
4069,674,25,"Chilli con carne,Katsu Curry,Barbecue Ribs",2021-06-12,14:53:37,completed,18.87
4070,377,19,Pork sausage roll,2025-08-04,16:21:17,pending,6.85
4071,1659,22,Mushroom Risotto,2021-09-05,07:58:30,pending,6.8
4072,2110,27,Pasta Carbonara,2020-07-25,16:20:14,completed,4.07
4073,2663,6,Risotto with seafood,2024-02-20,11:06:49,completed,5.03
4074,1681,7,"Scotch eggs,Tiramisù,Linguine with clams",2021-08-31,21:54:02,completed,23.81
4075,1627,9,Lasagne,2023-03-31,10:17:32,pending,4.48
4076,547,16,Linguine with clams,2021-10-05,21:22:31,completed,4.67
4077,1625,3,Pasta with Tomato and Basil,2024-11-02,07:00:21,completed,7.11
4078,1571,26,"Chicken milanese,Katsu Curry,Pappardelle alla Bolognese",2022-10-20,22:00:01,completed,20.27
4079,122,21,"Bruschette with Tomato,Meatballs with sauce",2020-09-25,11:02:57,cancelled,12.43
4080,585,16,"Philadelphia maki,Pappardelle alla Bolognese,Chicken milanese,Fettuccine Alfredo,Ricotta stuffed Ravioli",2024-09-17,16:08:23,completed,29.42
4081,351,28,Fish and chips,2021-11-17,20:32:17,completed,4.98
4082,1657,23,Chicken Fajitas,2022-06-05,07:12:40,completed,7.82
4083,202,15,Pasta with Tomato and Basil,2021-05-28,21:00:44,completed,6.81
4084,512,10,"Tiramisù,Ricotta stuffed Ravioli",2020-03-29,15:04:12,pending,14.05
4085,2934,26,"Philadelphia maki,Pizza,California maki,Pasta and Beans",2022-02-12,16:35:14,completed,23.38
4086,2158,22,"Pasta with Tomato and Basil,Katsu Curry,Barbecue Ribs,Chicken wings",2023-09-12,12:51:08,pending,30.73
4087,1113,8,Meatballs with sauce,2023-06-22,09:49:29,completed,8.82
4088,2718,20,"French fries with sausages,Caesar Salad",2022-01-05,11:57:15,completed,14.55
4089,1764,18,"Barbecue Ribs,California maki,Pasta Carbonara,Chicken wings,Teriyaki Chicken donburi",2020-11-16,13:18:24,completed,34.74
4090,621,7,Pappardelle alla Bolognese,2025-03-29,15:41:13,completed,8.65
4091,2873,12,"Chilli con carne,Souvlaki,Chicken milanese,Mushroom Risotto,Fish and chips",2022-06-16,14:03:06,completed,33.71
4092,1763,18,French fries with sausages,2023-11-29,16:27:55,completed,5.87
4093,278,25,Lasagne,2022-12-26,13:16:19,completed,8.72
4094,543,2,"Chicken Fajitas,Vegetable Soup,Scotch eggs,Ricotta stuffed Ravioli",2021-08-29,11:05:07,completed,27.97
4095,902,17,Vegetable Soup,2022-10-22,18:16:00,completed,8.68
4096,1355,22,Pasta with Tomato and Basil,2024-05-02,22:56:38,completed,8.67
4097,688,10,Teriyaki Chicken donburi,2021-01-05,16:39:17,pending,8.88
4098,908,7,Chilli con carne,2024-05-15,08:49:49,completed,7.32
4099,2611,20,"Caesar Salad,California maki,Chicken Fajitas,Bruschette with Tomato,Fish and chips",2022-05-24,14:07:04,completed,36.71
4100,904,13,"Pasta and Beans,Caesar Salad,Chicken milanese",2022-10-27,08:17:34,completed,20.46
4101,320,25,Chilli con carne,2022-08-13,08:28:00,completed,8.85
4102,1464,12,Risotto with seafood,2020-09-12,22:34:22,completed,6.8
4103,440,15,Chilli con carne,2025-09-04,08:31:16,completed,5.8
4104,2154,18,Fish and chips,2022-06-23,09:33:06,pending,4.79
4105,993,10,"Vegetable Soup,Cheeseburger",2020-03-22,16:35:50,completed,14.65
4106,2837,13,"Chicken milanese,Vegetable Soup,Pizza,Souvlaki,Pappardelle alla Bolognese",2023-09-15,12:58:43,completed,32.18
4107,49,2,Pork sausage roll,2024-02-08,15:46:41,completed,7.7
4108,2635,7,"Bruschette with Tomato,Salmon nigiri",2023-06-17,11:40:12,completed,12.0
4109,250,7,Caprese Salad,2020-10-08,21:45:44,completed,8.26
4110,204,22,"Philadelphia maki,Pappardelle alla Bolognese",2023-12-27,19:59:39,completed,12.96
4111,190,15,"Katsu Curry,Tuna sashimi",2023-08-22,06:26:36,completed,13.85
4112,261,18,Fish and chips,2025-08-19,14:26:17,completed,6.61
4113,1743,18,"Ricotta stuffed Ravioli,Califlower penne",2023-08-03,17:46:27,pending,14.5
4114,1950,19,"Tiramisù,Vegetable Soup,Pasta with Tomato and Basil",2024-05-09,20:32:31,completed,22.66
4115,1469,1,Barbecue Ribs,2021-10-18,14:30:39,completed,9.0
4116,2995,11,Katsu Curry,2020-06-05,06:27:18,completed,7.1
4117,1203,1,Tiramisù,2024-03-23,12:14:08,completed,8.26
4118,2293,6,Mushroom Risotto,2022-03-30,15:54:42,completed,5.75
4119,2831,6,"Tuna sashimi,Cheeseburger,Barbecue Ribs,Pappardelle alla Bolognese,Chicken Fajitas",2022-09-28,09:40:07,completed,29.15
4120,322,26,"Pappardelle alla Bolognese,Bruschette with Tomato,Chilli con carne,Chilli con carne",2024-03-06,18:13:03,completed,29.64
4121,2521,4,Scotch eggs,2023-10-22,22:45:46,completed,4.44
4122,552,5,Salmon nigiri,2021-11-03,09:49:45,completed,5.31
4123,2482,13,Mushroom Risotto,2025-02-12,15:19:27,completed,7.17
4124,256,2,"Katsu Curry,Scotch eggs,Pork sausage roll,Pasta and Beans",2023-02-20,10:28:54,completed,28.64
4125,824,20,"Mushroom Risotto,California maki",2020-02-24,17:46:26,completed,11.08
4126,1536,24,Pappardelle alla Bolognese,2022-09-18,10:25:00,completed,8.81
4127,1746,12,"Pasta and Beans,Souvlaki,California maki,Linguine with clams,Pork sausage roll",2020-06-24,20:41:43,completed,33.33
4128,2034,29,"Scotch eggs,French fries with sausages",2023-03-30,13:15:38,completed,14.05
4129,1150,27,"Lasagne,California maki,Lasagne",2021-10-07,14:17:24,completed,22.58
4130,683,19,"Pasta Carbonara,Chicken wings,French fries with sausages",2022-05-07,16:14:39,completed,19.06
4131,622,8,"French fries with sausages,Katsu Curry,Linguine with clams,Scotch eggs,Pasta Carbonara",2022-06-07,15:19:29,completed,30.73
4132,1752,9,Chilli con carne,2022-11-22,15:13:43,completed,4.29
4133,1395,22,Califlower penne,2024-12-30,20:54:13,completed,4.81
4134,825,11,Bruschette with Tomato,2020-09-30,20:00:38,pending,5.97
4135,1359,9,Scotch eggs,2022-11-27,11:37:21,completed,6.56
4136,104,22,Chilli con carne,2022-03-13,13:13:05,completed,5.5
4137,1016,19,"French fries with sausages,Meatballs with sauce,Scotch eggs",2023-09-02,10:30:08,completed,19.07
4138,980,6,Cheeseburger,2021-03-27,22:59:01,completed,7.73
4139,2628,19,California maki,2021-03-04,12:24:34,completed,8.38
4140,2178,12,Pasta with Tomato and Basil,2020-02-22,19:26:26,completed,7.29
4141,1641,28,"Pappardelle alla Bolognese,Chilli con carne,Caprese Salad,Chicken wings",2024-04-09,08:15:06,completed,28.48
4142,1476,23,Katsu Curry,2022-03-26,20:46:13,completed,8.41
4143,2221,27,"Tiramisù,Bruschette with Tomato",2020-10-22,10:24:07,completed,13.29
4144,140,9,"California maki,Pasta with Tomato and Basil,Chicken Fajitas,Bruschette with Tomato",2022-06-28,15:41:48,completed,22.68
4145,940,29,"Bruschette with Tomato,Barbecue Ribs",2025-01-02,07:40:59,completed,13.11
4146,2880,23,California maki,2021-09-30,20:18:34,pending,5.88
4147,2751,13,California maki,2025-04-08,17:21:38,completed,5.12
4148,1087,3,Philadelphia maki,2020-03-21,10:08:59,completed,4.24
4149,1659,13,Caprese Salad,2023-12-02,13:53:04,completed,5.19
4150,583,26,Pizza,2024-01-30,22:05:24,completed,8.38
4151,2217,10,Philadelphia maki,2024-11-06,15:49:51,completed,6.41
4152,150,28,"Fettuccine Alfredo,Fettuccine Alfredo,Pasta and Beans",2023-06-15,12:21:15,pending,17.33
4153,652,23,Pizza,2025-04-23,11:44:23,completed,6.69
4154,780,1,"Pasta and Beans,Chicken Fajitas",2022-11-14,10:39:20,completed,11.04
4155,643,25,Tiramisù,2024-11-04,09:43:28,completed,7.24
4156,153,30,"California maki,Pork belly buns,Pork belly buns,California maki",2022-10-12,17:41:59,completed,31.82
4157,2572,30,Chicken wings,2021-01-13,14:26:08,pending,7.87
4158,1671,25,"Barbecue Ribs,Pasta with Tomato and Basil",2021-02-13,22:32:08,completed,14.76
4159,2886,3,"Scotch eggs,Tuna sashimi,Califlower penne,Ebiten maki",2025-06-01,17:37:23,completed,24.09
4160,333,16,"Vegetable Soup,Caprese Salad",2022-04-02,12:37:45,completed,8.73
4161,2705,15,"Linguine with clams,Pasta Carbonara,Pork belly buns",2020-03-18,22:54:59,completed,19.05
4162,2851,13,"Fettuccine Alfredo,Vegetable Soup,Pasta and Beans,Linguine with clams,Fish and chips",2022-10-10,22:17:40,cancelled,32.06
4163,2235,2,"French fries with sausages,Chicken milanese",2021-10-24,19:37:14,completed,12.03
4164,2692,2,"Bruschette with Tomato,Ricotta stuffed Ravioli",2022-09-17,09:42:08,completed,11.67
4165,550,5,Souvlaki,2020-11-23,13:11:56,completed,4.62
4166,1969,9,Cheeseburger,2023-02-09,20:01:50,completed,4.11
4167,1189,20,Pasta and Beans,2023-06-03,13:10:30,completed,6.32
4168,710,20,Pasta and Beans,2021-02-09,09:49:26,completed,8.39
4169,726,22,Caprese Salad,2020-12-27,19:17:52,completed,6.52
4170,2252,29,Caesar Salad,2022-08-16,19:34:04,cancelled,7.07
4171,2180,12,"Pork belly buns,Fettuccine Alfredo,Pizza,Chicken wings",2023-11-07,18:18:34,completed,21.17
4172,2830,1,"Ebiten maki,Fettuccine Alfredo",2022-11-23,14:10:35,completed,11.89
4173,1170,22,Caprese Salad,2020-04-17,19:48:05,completed,4.83
4174,589,6,"Chicken milanese,Fish and chips,Fish and chips",2024-02-28,09:15:46,completed,19.55
4175,922,16,"French fries with sausages,Salmon nigiri,Pasta and Beans,Califlower penne",2023-07-04,08:17:05,completed,25.8
4176,2240,1,"Souvlaki,Risotto with seafood",2020-09-23,11:51:46,completed,12.13
4177,1091,27,Califlower penne,2024-08-31,12:10:55,completed,4.21
4178,1534,4,"Pasta with Tomato and Basil,Linguine with clams,Pasta with Tomato and Basil",2023-02-16,14:15:14,completed,19.66
4179,2660,22,Philadelphia maki,2022-07-06,10:30:45,pending,7.44
4180,304,11,Risotto with seafood,2021-12-31,12:59:03,completed,5.39
4181,561,4,Mushroom Risotto,2022-01-18,21:09:33,completed,5.62
4182,2600,23,Salmon nigiri,2023-09-18,22:51:58,completed,5.79
4183,1039,5,"Ebiten maki,Fettuccine Alfredo,Risotto with seafood",2023-06-08,16:57:42,completed,20.71
4184,69,12,"Philadelphia maki,Linguine with clams,Meatballs with sauce",2023-10-17,12:59:06,completed,17.81
4185,2656,27,French fries with sausages,2025-05-15,08:11:58,completed,7.89
4186,2904,22,"Pasta and Beans,Pasta and Beans,Pasta Carbonara",2023-11-05,22:18:38,completed,21.11
4187,2201,14,"Lasagne,Linguine with clams,Chicken milanese,Fettuccine Alfredo,Tiramisù",2025-06-17,06:00:48,completed,31.72
4188,445,18,Souvlaki,2020-01-22,22:46:46,completed,6.29
4189,2242,20,"Risotto with seafood,Lasagne,Caprese Salad",2025-03-21,06:38:12,completed,18.7
4190,1348,27,Califlower penne,2024-03-31,14:47:16,completed,5.85
4191,1963,23,Chicken wings,2022-05-13,22:16:12,completed,8.09
4192,703,15,Tuna sashimi,2023-04-16,07:12:09,pending,6.45
4193,26,1,"Pork sausage roll,Pork belly buns",2022-08-09,22:28:08,completed,14.38
4194,1710,14,Souvlaki,2023-11-09,15:18:10,completed,7.57
4195,347,8,"Caprese Salad,Chilli con carne",2024-12-19,15:18:32,completed,13.23
4196,2882,12,Pork belly buns,2020-08-13,06:59:45,completed,7.9
4197,415,12,Meatballs with sauce,2021-09-27,19:33:29,completed,5.47
4198,39,14,Pasta with Tomato and Basil,2021-10-23,18:56:26,completed,6.51
4199,1350,11,"Pork belly buns,Linguine with clams,Souvlaki",2023-02-19,13:33:48,pending,17.38
4200,2412,15,Linguine with clams,2024-07-21,12:59:44,completed,5.84
4201,98,6,"Pasta with Tomato and Basil,Pork belly buns,Pizza,Chicken wings",2023-01-01,13:48:43,pending,27.23
4202,2521,18,Tiramisù,2022-03-28,21:37:03,completed,4.29
4203,198,18,"French fries with sausages,Vegetable Soup,Chilli con carne,Mushroom Risotto",2021-01-01,07:12:19,completed,25.18
4204,355,15,Lasagne,2023-10-19,07:15:18,pending,7.32
4205,2457,8,"Teriyaki Chicken donburi,Risotto with seafood,Tuna sashimi,Risotto with seafood",2022-04-05,17:09:05,completed,24.39
4206,260,15,Pizza,2023-07-18,08:50:50,completed,5.25
4207,2241,15,"Risotto with seafood,Bruschette with Tomato,Bruschette with Tomato",2023-06-10,07:18:00,completed,19.03
4208,2997,8,Ricotta stuffed Ravioli,2023-11-21,14:45:41,completed,4.32
4209,1303,14,Cheeseburger,2020-08-20,21:28:55,completed,7.08
4210,2770,20,Pork belly buns,2024-04-22,18:08:04,completed,6.71
4211,2784,3,Chicken Fajitas,2021-06-23,12:09:25,completed,8.11
4212,2568,22,Souvlaki,2022-09-15,18:32:02,completed,5.83
4213,2449,12,Vegetable Soup,2023-02-17,11:04:46,pending,5.02
4214,2778,21,"Katsu Curry,Chicken milanese,Meatballs with sauce,Chicken Fajitas,Vegetable Soup",2022-04-02,09:42:31,completed,33.25
4215,1660,4,"Ebiten maki,Pizza",2022-11-25,18:42:54,cancelled,15.26
4216,1637,1,Caprese Salad,2020-09-05,18:01:22,completed,6.21
4217,2084,7,Pork belly buns,2020-12-19,17:06:25,pending,5.92
4218,1800,8,"Pasta and Beans,Chilli con carne,Philadelphia maki,Cheeseburger",2022-10-05,15:07:24,completed,26.22
4219,1371,22,Pork belly buns,2024-05-02,08:30:48,completed,8.01
4220,1352,20,California maki,2022-02-12,09:54:21,completed,6.32
4221,1695,6,"Pizza,Vegetable Soup",2024-06-29,12:33:34,completed,12.78
4222,796,7,Katsu Curry,2024-01-14,12:47:39,completed,8.59
4223,2101,16,"Scotch eggs,Cheeseburger,Chicken wings,Mushroom Risotto",2021-08-17,07:50:24,completed,22.2
4224,964,22,"Scotch eggs,Pork belly buns",2021-04-10,21:35:30,completed,15.65
4225,505,17,"Fish and chips,Lasagne",2022-01-30,20:26:11,completed,12.94
4226,138,15,Chicken Fajitas,2022-06-25,16:56:24,completed,7.67
4227,1116,27,Linguine with clams,2023-05-28,22:40:33,completed,8.64
4228,2209,10,"Teriyaki Chicken donburi,Mushroom Risotto,Linguine with clams",2021-06-11,15:27:40,completed,16.59
4229,2583,2,Chicken milanese,2021-12-16,20:07:48,completed,5.8
4230,1912,11,Souvlaki,2023-09-15,07:53:07,cancelled,8.45
4231,1185,5,Bruschette with Tomato,2020-09-26,11:58:51,pending,4.66
4232,1188,2,Pizza,2020-05-20,12:42:31,completed,6.75
4233,1071,1,"Chicken milanese,Souvlaki",2023-12-09,13:47:10,completed,12.21
4234,2457,6,Salmon nigiri,2024-06-15,16:43:32,completed,8.28
4235,37,22,Lasagne,2023-10-12,17:57:27,completed,4.86
4236,1111,11,"Chicken milanese,Ricotta stuffed Ravioli",2023-05-28,19:08:03,completed,13.64
4237,1806,19,Katsu Curry,2021-05-22,09:21:14,completed,7.48
4238,2460,21,"Pasta Carbonara,Ricotta stuffed Ravioli",2021-05-07,08:44:58,completed,10.05
4239,2840,14,Pasta and Beans,2023-09-10,18:15:56,pending,8.3
4240,227,28,Bruschette with Tomato,2024-11-22,10:14:52,completed,5.98
4241,10,30,Pork belly buns,2025-10-05,06:57:18,completed,6.51
4242,1942,15,Bruschette with Tomato,2025-05-19,21:27:41,completed,4.76
4243,2283,4,"Caprese Salad,Chicken wings,Pappardelle alla Bolognese",2020-10-17,21:12:00,completed,15.25
4244,1364,17,Mushroom Risotto,2024-01-14,08:41:01,completed,8.66
4245,2673,28,Tiramisù,2021-02-13,20:22:59,pending,8.17
4246,2268,21,Philadelphia maki,2021-03-09,14:13:33,completed,5.18
4247,2829,1,"Lasagne,Fish and chips,Katsu Curry,Pork belly buns,Tuna sashimi",2021-01-13,15:08:06,completed,26.39
4248,2902,3,Risotto with seafood,2022-03-02,19:37:55,completed,5.13
4249,2774,25,Chicken Fajitas,2024-06-30,22:34:17,completed,5.58
4250,795,19,"Pappardelle alla Bolognese,Mushroom Risotto,Pasta with Tomato and Basil",2025-09-16,15:10:55,completed,18.76
4251,1494,6,Tiramisù,2024-01-10,22:39:47,completed,5.09
4252,287,25,"Califlower penne,Pappardelle alla Bolognese",2023-05-28,19:50:08,completed,9.76
4253,1508,1,"Bruschette with Tomato,Caesar Salad",2025-02-14,14:41:19,pending,14.3
4254,496,24,Chicken wings,2021-05-17,11:07:31,completed,8.81
4255,2893,7,Pasta with Tomato and Basil,2023-12-06,16:34:01,completed,5.74
4256,1936,26,"Pork sausage roll,Souvlaki,Tuna sashimi",2023-04-13,06:43:07,completed,24.24
4257,1786,6,"Chicken Fajitas,French fries with sausages,Pasta Carbonara",2020-12-27,19:34:45,pending,20.14
4258,1407,10,"Salmon nigiri,Linguine with clams,California maki",2021-08-29,08:21:18,completed,20.4
4259,2912,25,"Pork belly buns,Caesar Salad,Chicken Fajitas,Mushroom Risotto",2020-08-21,16:35:03,completed,25.14
4260,2609,15,"Linguine with clams,Meatballs with sauce",2020-12-28,09:18:32,cancelled,15.06
4261,2303,24,Meatballs with sauce,2020-08-19,14:13:01,completed,5.37
4262,2339,12,Salmon nigiri,2025-01-25,13:37:26,completed,6.79
4263,2852,2,"Fettuccine Alfredo,Pappardelle alla Bolognese,Pork sausage roll,Pasta and Beans,Mushroom Risotto",2024-03-05,06:32:42,cancelled,32.25
4264,60,12,"Lasagne,Chilli con carne,Califlower penne",2020-01-08,19:42:58,completed,22.26
4265,1795,1,"Fettuccine Alfredo,Pasta Carbonara",2021-06-08,11:01:10,completed,12.41
4266,1253,5,Fettuccine Alfredo,2022-04-01,16:20:16,completed,5.25
4267,532,21,"French fries with sausages,Califlower penne",2021-08-31,20:40:55,completed,13.77
4268,2783,29,"Chicken milanese,Linguine with clams",2022-10-06,16:19:09,completed,10.37
4269,1180,10,Fish and chips,2023-07-15,13:27:48,completed,4.67
4270,2273,26,Linguine with clams,2023-05-15,08:17:54,completed,6.03
4271,2130,15,French fries with sausages,2025-02-21,16:42:55,completed,4.17
4272,1126,8,"French fries with sausages,Chilli con carne",2025-07-05,10:24:57,cancelled,17.06
4273,2041,18,Risotto with seafood,2024-07-14,10:13:27,pending,5.7
4274,1860,6,Fettuccine Alfredo,2022-05-29,21:28:23,completed,7.25
4275,1669,24,Pizza,2023-08-17,21:50:14,pending,7.81
4276,2505,23,Califlower penne,2024-12-13,11:46:27,completed,4.11
4277,2245,30,"Fish and chips,Chilli con carne,Teriyaki Chicken donburi",2020-09-07,12:54:52,completed,15.03
4278,1827,1,"Caprese Salad,Pasta Carbonara,Caprese Salad",2025-05-20,15:25:25,completed,18.76
4279,870,8,Pasta with Tomato and Basil,2021-08-08,09:07:06,pending,6.74
4280,1459,25,Ricotta stuffed Ravioli,2020-09-13,14:59:38,cancelled,4.12
4281,2972,21,French fries with sausages,2023-12-27,07:44:15,pending,8.42
4282,380,9,Chilli con carne,2022-12-13,10:04:14,completed,8.2
4283,1622,13,Chicken wings,2021-01-31,18:30:08,completed,5.98
4284,1847,21,"Chicken Fajitas,Chicken milanese,Chicken wings",2020-09-21,06:35:35,cancelled,20.57
4285,970,23,"Mushroom Risotto,Meatballs with sauce",2020-01-03,07:24:22,completed,13.12
4286,2000,26,Katsu Curry,2023-12-16,17:34:32,completed,6.13
4287,582,26,Bruschette with Tomato,2021-05-21,21:23:49,completed,6.18
4288,1344,20,Fettuccine Alfredo,2025-09-20,22:46:55,completed,6.12
4289,1830,10,Pasta and Beans,2021-06-16,06:09:26,completed,4.12
4290,2888,15,"Vegetable Soup,Risotto with seafood,Cheeseburger",2020-06-18,08:31:52,completed,19.42
4291,2462,11,Chicken wings,2025-08-12,09:20:02,completed,5.65
4292,2062,16,California maki,2025-05-08,19:54:54,completed,7.24
4293,2804,9,Pizza,2025-01-25,13:11:36,completed,5.72
4294,956,5,"Ricotta stuffed Ravioli,Katsu Curry,Ebiten maki,Pork sausage roll,Pasta Carbonara",2024-08-03,11:00:17,cancelled,29.75
4295,1749,29,Souvlaki,2021-04-15,20:49:22,cancelled,4.97
4296,195,16,"Pasta Carbonara,Salmon nigiri",2020-03-16,20:32:27,completed,15.15
4297,211,21,"Teriyaki Chicken donburi,Teriyaki Chicken donburi,Caprese Salad",2020-02-29,20:05:36,completed,18.94
4298,653,10,"Risotto with seafood,Bruschette with Tomato,Risotto with seafood,Chilli con carne,Chicken milanese",2023-11-14,19:43:52,cancelled,32.28
4299,2826,22,"Chilli con carne,Pizza,Vegetable Soup",2024-12-21,14:48:10,pending,15.78
4300,1666,9,"Lasagne,Fish and chips,Lasagne,Chicken wings,Pizza",2021-07-19,14:18:05,completed,31.7
4301,1455,11,Califlower penne,2024-07-11,13:13:43,completed,7.9
4302,2904,15,"Califlower penne,Risotto with seafood,Risotto with seafood,Tuna sashimi",2024-02-13,16:04:17,pending,28.46
4303,1928,3,Chicken milanese,2021-12-20,19:30:37,completed,4.62
4304,1949,12,Chicken milanese,2021-01-18,18:43:21,completed,7.46
4305,1762,16,"Tiramisù,Ricotta stuffed Ravioli",2025-01-14,20:39:37,completed,11.25
4306,1898,10,Ricotta stuffed Ravioli,2022-03-27,15:52:14,completed,4.26
4307,2366,25,"California maki,Chicken milanese",2020-09-28,20:40:12,completed,13.03
4308,179,23,Pasta and Beans,2021-07-26,15:04:54,cancelled,6.17
4309,956,17,"Mushroom Risotto,Bruschette with Tomato,Souvlaki",2021-12-04,16:36:08,pending,19.24
4310,2073,9,"Chicken Fajitas,Caesar Salad",2022-11-18,21:57:23,completed,14.46
4311,1072,15,Teriyaki Chicken donburi,2023-05-30,17:17:00,pending,5.69
4312,1305,23,Pasta with Tomato and Basil,2025-03-03,13:31:53,cancelled,6.43
4313,154,29,Pasta and Beans,2023-12-25,10:24:06,completed,6.29
4314,1173,1,"Meatballs with sauce,Cheeseburger",2020-12-01,07:42:30,completed,12.99
4315,2914,17,"French fries with sausages,Pasta Carbonara,Barbecue Ribs",2023-10-12,14:57:17,completed,19.34
4316,1157,13,Meatballs with sauce,2021-12-05,07:12:51,completed,6.46
4317,2192,1,Ricotta stuffed Ravioli,2022-02-14,14:15:58,completed,6.96
4318,1063,13,"Chilli con carne,Chicken milanese,Fish and chips,Pizza,Katsu Curry",2021-09-20,18:35:16,completed,33.11
4319,240,26,Mushroom Risotto,2023-01-26,17:24:19,completed,5.19
4320,1739,26,"Bruschette with Tomato,Lasagne,Chilli con carne",2022-09-19,18:58:48,pending,17.74
4321,115,11,Chilli con carne,2022-09-10,08:26:40,completed,4.24
4322,2857,12,"Teriyaki Chicken donburi,Barbecue Ribs",2021-08-14,11:37:22,pending,10.1
4323,457,28,Pasta with Tomato and Basil,2022-07-22,09:15:31,completed,6.41
4324,2614,11,Pasta and Beans,2025-01-13,21:11:01,completed,5.8
4325,883,7,"Chicken wings,Chicken wings,Fettuccine Alfredo,Teriyaki Chicken donburi",2022-05-20,22:20:29,completed,29.18
4326,1666,19,Pasta with Tomato and Basil,2023-12-25,11:03:19,pending,5.33
4327,1523,27,"California maki,Pork belly buns",2024-03-25,20:24:57,completed,13.15
4328,1131,16,Chicken wings,2024-03-18,17:32:34,completed,4.95
4329,844,19,"Philadelphia maki,Chicken Fajitas",2021-04-21,06:49:22,pending,12.62
4330,304,25,Meatballs with sauce,2021-04-23,14:47:39,completed,7.26
4331,2734,12,Mushroom Risotto,2022-08-30,13:25:03,completed,5.09
4332,265,30,"Risotto with seafood,Pork sausage roll,Pasta with Tomato and Basil",2022-10-09,20:28:18,completed,22.85
4333,370,6,Philadelphia maki,2020-12-16,16:27:07,pending,4.4
4334,1113,2,"Chilli con carne,Chicken Fajitas,Pasta with Tomato and Basil,Tuna sashimi",2022-02-14,09:50:47,completed,26.53
4335,1965,9,"Ricotta stuffed Ravioli,French fries with sausages",2023-03-15,08:07:44,completed,12.65
4336,2141,19,"Philadelphia maki,Fettuccine Alfredo",2023-09-25,19:30:37,completed,11.23
4337,2818,16,"Caesar Salad,Pork sausage roll,Teriyaki Chicken donburi",2025-10-04,06:09:05,completed,23.84
4338,2483,6,Califlower penne,2024-10-04,22:59:37,completed,6.18
4339,534,6,"Meatballs with sauce,Pasta with Tomato and Basil,Fettuccine Alfredo",2023-02-25,08:38:58,completed,17.93
4340,2540,18,"Barbecue Ribs,Pasta and Beans",2021-07-11,19:36:53,completed,11.68
4341,2250,8,Barbecue Ribs,2025-07-18,18:24:09,completed,7.99
4342,787,29,"Pizza,Pappardelle alla Bolognese,Califlower penne,Mushroom Risotto,Pasta and Beans",2024-07-12,22:41:20,pending,37.72
4343,1008,23,Mushroom Risotto,2021-03-02,07:36:40,completed,7.24
4344,2693,7,Chicken Fajitas,2021-01-07,21:04:39,completed,7.47
4345,694,18,"Chilli con carne,Pork belly buns,Caprese Salad",2021-11-13,07:23:55,completed,17.05
4346,93,12,Pasta with Tomato and Basil,2022-10-31,18:42:28,completed,7.92
4347,1909,17,Risotto with seafood,2023-10-11,13:51:01,completed,6.7
4348,393,6,"Bruschette with Tomato,Risotto with seafood,Bruschette with Tomato",2022-09-21,07:15:37,completed,22.55
4349,394,16,Philadelphia maki,2025-08-15,21:01:56,completed,7.94
4350,745,13,Pork sausage roll,2020-07-17,14:23:03,completed,6.12
4351,2107,26,"Meatballs with sauce,Risotto with seafood,Caesar Salad,Chicken wings",2022-08-15,12:18:59,completed,27.56
4352,2184,10,"Caesar Salad,Katsu Curry,Caesar Salad,Pasta and Beans",2024-01-02,08:49:01,completed,25.01
4353,1023,15,"Chicken wings,Linguine with clams,Pork sausage roll,Linguine with clams",2023-02-05,07:26:22,completed,24.4
4354,2615,10,Caesar Salad,2023-11-17,06:36:47,completed,7.1
4355,1647,29,"Pork sausage roll,Philadelphia maki,Pizza,Katsu Curry",2020-02-02,11:29:00,completed,25.39
4356,1295,27,"Caesar Salad,Cheeseburger,Katsu Curry",2025-04-11,08:37:46,completed,20.5
4357,2783,17,Chicken milanese,2022-07-16,06:17:51,completed,5.93
4358,1779,17,Bruschette with Tomato,2024-06-07,10:13:26,completed,7.75
4359,784,1,"Fettuccine Alfredo,Chilli con carne,Lasagne",2025-09-02,13:51:56,cancelled,20.52
4360,426,15,Vegetable Soup,2024-07-02,21:27:12,cancelled,6.62
4361,2024,7,"Pasta Carbonara,Chicken milanese,Salmon nigiri",2021-03-22,14:45:42,completed,17.7
4362,2901,6,"Caesar Salad,Katsu Curry,Califlower penne,Scotch eggs",2023-11-22,07:44:03,pending,23.43
4363,219,18,Scotch eggs,2025-09-11,19:48:43,completed,4.76
4364,2311,28,Teriyaki Chicken donburi,2021-12-23,13:04:39,pending,5.5
4365,1180,9,"Tiramisù,Pasta Carbonara,Cheeseburger",2025-09-19,20:19:57,completed,21.62
4366,2368,29,Bruschette with Tomato,2025-01-03,09:11:30,pending,6.29
4367,2138,9,"Risotto with seafood,Pappardelle alla Bolognese,Bruschette with Tomato",2021-11-17,12:28:36,completed,21.96
4368,1584,14,"Pizza,Mushroom Risotto,Risotto with seafood",2020-05-10,09:58:47,pending,16.46
4369,1366,22,Katsu Curry,2023-04-01,18:04:56,completed,7.51
4370,859,24,"Pasta with Tomato and Basil,Chicken Fajitas,Pork belly buns,Pizza",2021-02-01,08:11:45,completed,28.31
4371,2015,29,Pizza,2021-01-15,10:27:54,completed,8.79
4372,28,6,Pasta and Beans,2021-10-05,16:31:55,completed,6.16
4373,835,11,Pasta Carbonara,2021-11-08,06:31:25,completed,7.51
4374,1188,30,"Cheeseburger,Philadelphia maki,Salmon nigiri",2020-08-18,21:50:06,completed,22.58
4375,1984,6,Califlower penne,2020-08-17,08:38:04,pending,7.19
4376,68,27,Fish and chips,2021-08-30,22:47:00,completed,4.05
4377,1024,23,California maki,2024-04-17,06:28:19,completed,5.74
4378,2982,24,French fries with sausages,2022-07-23,21:54:55,completed,5.46
4379,249,7,"Cheeseburger,Ricotta stuffed Ravioli,Lasagne,Chicken wings",2024-11-20,10:06:15,completed,26.02
4380,1824,1,"Chicken milanese,French fries with sausages,Pork belly buns",2025-08-27,12:49:02,completed,21.0
4381,1290,14,"Tiramisù,Chilli con carne,Barbecue Ribs",2024-11-20,08:08:10,completed,22.32
4382,2940,25,"Risotto with seafood,Meatballs with sauce,French fries with sausages",2020-11-27,17:55:56,pending,22.03
4383,816,9,"Katsu Curry,Katsu Curry,Fettuccine Alfredo",2021-06-29,13:59:40,completed,14.96
4384,353,14,Fish and chips,2021-01-10,16:47:03,completed,5.45
4385,972,29,"Souvlaki,Ricotta stuffed Ravioli,Fettuccine Alfredo,Califlower penne,Barbecue Ribs",2020-07-25,15:17:38,completed,37.32
4386,2832,11,Scotch eggs,2023-05-17,09:35:01,completed,5.67
4387,1269,14,"Caesar Salad,Teriyaki Chicken donburi",2023-09-27,17:55:20,completed,8.24
4388,2144,6,Pork belly buns,2023-10-21,18:16:26,pending,7.02
4389,1963,8,Tiramisù,2021-11-14,09:00:08,completed,5.67
4390,2318,28,"Caesar Salad,Pappardelle alla Bolognese",2024-12-28,11:48:23,cancelled,15.93
4391,833,18,"French fries with sausages,Tiramisù,Linguine with clams",2023-03-09,10:17:24,completed,23.4
4392,2382,12,Chicken Fajitas,2024-08-08,08:44:09,completed,6.09
4393,2257,29,Ebiten maki,2023-09-18,09:58:35,completed,5.99
4394,944,30,Souvlaki,2025-01-31,08:55:00,completed,7.01
4395,870,2,Caesar Salad,2022-03-12,13:09:17,completed,8.7
4396,2417,8,Tuna sashimi,2024-08-04,08:35:02,completed,8.11
4397,1302,26,"Chicken wings,Katsu Curry",2025-01-10,16:50:38,completed,13.88
4398,1479,7,"California maki,Chilli con carne",2023-12-20,11:34:39,pending,13.62
4399,2838,28,Cheeseburger,2021-05-19,11:50:57,completed,7.37
4400,692,19,Tiramisù,2021-12-16,06:14:14,completed,4.59
4401,2724,6,Califlower penne,2023-09-25,18:26:24,completed,5.55
4402,1101,22,"Pasta and Beans,Vegetable Soup,Pizza,Meatballs with sauce",2025-04-26,06:45:16,completed,25.62
4403,1377,5,Risotto with seafood,2024-05-24,12:10:51,completed,5.5
4404,2182,8,"Teriyaki Chicken donburi,Linguine with clams",2020-08-08,22:04:19,completed,13.7
4405,2750,12,"Tiramisù,Philadelphia maki,Tiramisù",2025-06-10,20:33:07,pending,21.03
4406,2273,14,"Meatballs with sauce,Pasta Carbonara,Philadelphia maki",2024-08-03,11:13:59,completed,22.18
4407,1609,10,"Pork belly buns,Caesar Salad,Salmon nigiri,Pizza",2022-05-28,14:22:43,completed,25.92
4408,229,11,Philadelphia maki,2024-05-23,08:24:42,pending,5.2
4409,2629,21,Katsu Curry,2024-08-25,06:17:33,pending,8.95
4410,1420,22,Scotch eggs,2021-09-28,14:35:05,completed,4.02
4411,437,1,"Pasta and Beans,Tiramisù,Pork sausage roll",2020-07-29,14:49:45,completed,18.85
4412,1525,6,"Bruschette with Tomato,Pasta Carbonara",2025-08-19,16:34:01,pending,11.57
4413,1441,25,"Scotch eggs,Bruschette with Tomato",2023-07-29,17:58:47,pending,12.08
4414,642,27,Ebiten maki,2023-12-18,12:11:14,completed,8.41
4415,2621,4,"Ricotta stuffed Ravioli,Linguine with clams,Linguine with clams",2020-09-17,21:35:28,pending,18.04
4416,42,27,Lasagne,2021-03-20,19:21:21,completed,4.33
4417,1434,12,Pork sausage roll,2021-12-13,22:19:31,pending,6.26
4418,1413,21,"Ebiten maki,Barbecue Ribs",2020-05-31,15:53:16,completed,11.57
4419,2750,3,"California maki,Pizza",2020-05-07,10:02:17,completed,12.7
4420,252,12,"Katsu Curry,Pappardelle alla Bolognese",2020-08-20,06:47:36,completed,13.68
4421,2835,1,"Pork sausage roll,Caprese Salad",2025-09-24,22:22:22,completed,14.16
4422,856,2,Cheeseburger,2020-08-25,10:21:39,completed,4.63
4423,2523,21,"Katsu Curry,Pork sausage roll,Katsu Curry",2025-06-17,22:45:26,completed,21.77
4424,647,8,Caesar Salad,2020-05-27,13:23:30,completed,5.49
4425,721,12,"Pizza,Pasta with Tomato and Basil,Fish and chips",2021-09-13,17:52:52,completed,19.19
4426,2993,20,Lasagne,2025-05-18,15:10:10,pending,7.63
4427,2410,4,"Chilli con carne,Pappardelle alla Bolognese",2025-04-13,10:55:34,completed,13.09
4428,299,4,Vegetable Soup,2023-05-02,21:55:53,completed,7.17
4429,1814,24,California maki,2021-01-04,13:17:33,completed,6.94
4430,2296,29,"Barbecue Ribs,Teriyaki Chicken donburi",2024-04-08,17:10:58,completed,9.48
4431,873,27,"Fish and chips,Vegetable Soup",2023-08-06,09:35:54,completed,10.77
4432,889,10,"Chicken Fajitas,Scotch eggs,Califlower penne",2023-02-27,06:37:24,completed,19.66
4433,1312,14,"French fries with sausages,Linguine with clams,Bruschette with Tomato,Linguine with clams",2020-04-05,11:32:25,completed,25.56
4434,804,5,Souvlaki,2022-03-26,08:45:50,completed,4.28
4435,1165,25,Risotto with seafood,2020-03-09,21:03:25,completed,7.47
4436,634,26,"Mushroom Risotto,Scotch eggs,French fries with sausages",2021-03-01,15:58:55,completed,18.2
4437,1331,11,"Chicken wings,Pork sausage roll,Philadelphia maki,Califlower penne,Chicken wings",2021-02-26,18:41:08,completed,32.84
4438,2061,4,"Philadelphia maki,Tuna sashimi,Risotto with seafood",2022-05-03,12:26:26,completed,16.02
4439,2299,19,"Chicken Fajitas,Pork sausage roll,Lasagne,Fish and chips,Pork sausage roll",2021-07-31,11:04:35,pending,29.84
4440,112,7,Scotch eggs,2024-09-19,17:37:36,completed,8.36
4441,1379,29,"Fish and chips,Pork belly buns,California maki,Chicken wings,Fettuccine Alfredo",2024-05-03,09:13:46,completed,30.53
4442,1431,25,"Pizza,Caprese Salad",2025-09-20,06:21:14,cancelled,13.12
4443,1374,27,Fettuccine Alfredo,2023-09-27,11:46:51,completed,7.53
4444,1272,11,"Bruschette with Tomato,Fish and chips,Pork sausage roll,Chicken Fajitas,Chicken Fajitas",2022-04-05,21:20:53,completed,27.06
4445,354,26,"Chicken milanese,Scotch eggs,Ricotta stuffed Ravioli",2021-11-07,10:40:43,completed,21.4
4446,1462,3,Caesar Salad,2020-02-13,09:06:41,pending,7.11
4447,2686,6,"Mushroom Risotto,Fettuccine Alfredo",2025-05-21,09:27:25,completed,14.07
4448,433,11,Lasagne,2020-06-21,19:20:25,completed,5.19
4449,105,27,"Tuna sashimi,Pizza",2024-07-30,12:13:02,completed,13.36
4450,2293,22,"Ricotta stuffed Ravioli,Pappardelle alla Bolognese,Ricotta stuffed Ravioli,Pasta Carbonara",2020-08-27,13:01:34,completed,27.08
4451,1153,23,California maki,2023-09-15,07:10:11,completed,5.16
4452,1308,21,"Mushroom Risotto,Katsu Curry,Pappardelle alla Bolognese",2021-07-28,20:03:37,completed,17.37
4453,1295,22,Caesar Salad,2022-06-09,09:48:06,cancelled,6.54
4454,1885,3,"Chicken milanese,Philadelphia maki,Fish and chips,Pasta with Tomato and Basil",2022-09-26,17:32:31,completed,27.0
4455,2580,29,"Pizza,Caesar Salad,French fries with sausages",2025-04-23,07:27:12,completed,23.03
4456,2682,26,"Katsu Curry,California maki,Katsu Curry,Ebiten maki",2025-09-17,15:25:13,completed,28.08
4457,171,19,Barbecue Ribs,2020-08-23,18:06:01,completed,8.26
4458,2415,18,"Caesar Salad,Souvlaki,Meatballs with sauce,Pasta and Beans",2025-06-28,07:26:34,cancelled,17.57
4459,2119,3,"Fish and chips,Linguine with clams",2025-01-04,06:12:57,completed,12.44
4460,2803,20,"Pasta with Tomato and Basil,Risotto with seafood,Pork belly buns",2020-07-13,22:48:33,completed,14.02
4461,1109,30,"Califlower penne,Lasagne,Chicken milanese",2021-07-06,21:10:18,completed,19.35
4462,297,14,Vegetable Soup,2020-06-10,13:50:02,completed,4.15
4463,1875,29,Ricotta stuffed Ravioli,2024-08-09,07:10:12,completed,4.09
4464,977,24,"Katsu Curry,Pork sausage roll,Tuna sashimi",2022-04-19,06:24:23,completed,21.05
4465,767,21,"Scotch eggs,Risotto with seafood,Tuna sashimi",2021-09-12,17:21:05,completed,21.39
4466,2356,9,Chicken wings,2023-05-05,11:46:24,completed,4.44
4467,2899,11,Fettuccine Alfredo,2023-02-16,16:41:41,cancelled,4.19
4468,375,22,Katsu Curry,2020-01-25,16:25:01,completed,6.55
4469,1147,16,"Chilli con carne,Linguine with clams",2024-01-29,14:01:49,completed,14.88
4470,1691,27,Ricotta stuffed Ravioli,2020-01-02,19:06:03,completed,6.53
4471,1660,19,"Chicken Fajitas,French fries with sausages",2022-01-19,06:50:37,cancelled,13.51
4472,41,14,Pasta and Beans,2021-02-28,16:34:45,completed,6.59
4473,1555,5,"Bruschette with Tomato,Katsu Curry,Ebiten maki",2021-08-25,14:38:47,completed,22.76
4474,1954,3,Vegetable Soup,2022-11-11,15:36:45,completed,8.06
4475,200,11,Pasta with Tomato and Basil,2020-04-18,22:46:38,completed,7.79
4476,1690,20,"Pasta and Beans,Ricotta stuffed Ravioli,Tiramisù,Fettuccine Alfredo,Lasagne",2024-02-18,10:40:23,completed,27.61
4477,2847,6,Barbecue Ribs,2024-03-04,16:19:02,completed,7.8
4478,2958,17,Vegetable Soup,2024-12-15,19:48:08,completed,5.01
4479,1519,20,"Pasta and Beans,Linguine with clams,Teriyaki Chicken donburi,Pork belly buns,Barbecue Ribs",2020-01-19,07:41:07,completed,36.3
4480,1812,22,Souvlaki,2020-10-15,09:17:32,pending,6.7
4481,1412,22,Fettuccine Alfredo,2022-12-27,21:18:06,completed,4.67
4482,2415,11,Salmon nigiri,2023-01-05,20:32:29,completed,5.48
4483,512,3,California maki,2023-03-03,08:00:06,completed,5.39
4484,1340,6,"Katsu Curry,Tiramisù,Mushroom Risotto,Barbecue Ribs",2020-10-27,22:46:44,completed,25.16
4485,2576,24,"Scotch eggs,Chicken wings",2022-04-22,11:13:43,completed,11.12
4486,220,4,Scotch eggs,2024-05-16,17:50:01,completed,5.18
4487,2503,12,"Bruschette with Tomato,Pork sausage roll,Lasagne,French fries with sausages",2020-11-01,19:12:19,completed,26.74
4488,1733,10,"Caesar Salad,Teriyaki Chicken donburi,Salmon nigiri",2025-02-10,19:34:04,completed,18.48
4489,2834,8,"Pasta Carbonara,Barbecue Ribs",2025-10-01,14:44:13,pending,13.67
4490,453,30,Chilli con carne,2022-09-29,07:40:38,completed,8.6
4491,2478,4,"Katsu Curry,Barbecue Ribs,Chicken milanese",2022-07-21,20:12:14,pending,19.98
4492,2862,2,California maki,2024-10-12,15:52:29,completed,4.8
4493,2901,5,Chilli con carne,2023-01-22,06:09:44,completed,5.21
4494,1836,27,"Scotch eggs,Pasta Carbonara,California maki,Chicken milanese,Lasagne",2021-03-01,11:22:56,pending,31.11
4495,50,6,Pasta and Beans,2023-04-29,21:00:48,cancelled,4.87
4496,1184,22,Souvlaki,2022-05-24,19:28:34,completed,4.36
4497,2410,4,"Chicken Fajitas,Souvlaki",2023-04-07,16:13:19,completed,11.93
4498,1527,8,"Bruschette with Tomato,California maki",2024-05-01,13:45:56,pending,9.65
4499,2397,9,"Katsu Curry,Salmon nigiri",2023-02-28,09:45:38,completed,13.71
4500,2305,12,"Philadelphia maki,Pork sausage roll",2020-04-18,06:22:20,completed,15.16
4501,856,19,Katsu Curry,2021-03-29,10:19:05,completed,8.06
4502,2848,24,"Ricotta stuffed Ravioli,Lasagne,Chicken Fajitas",2023-03-02,21:46:07,completed,19.11
4503,2403,2,"Pasta Carbonara,Chicken Fajitas",2022-10-20,14:41:12,completed,15.11
4504,949,6,Pork belly buns,2020-08-13,07:27:10,completed,5.86
4505,501,29,"Pork belly buns,Linguine with clams",2025-08-06,17:22:57,completed,13.8
4506,1732,10,"Mushroom Risotto,Chicken wings",2020-07-10,14:12:28,completed,9.33
4507,2406,20,Chicken milanese,2020-01-29,10:11:29,completed,7.38
4508,1621,23,Ebiten maki,2021-08-11,18:59:04,completed,4.44
4509,1226,2,"Risotto with seafood,French fries with sausages,Pasta and Beans",2024-09-02,07:45:15,completed,21.38
4510,290,13,"Tuna sashimi,Cheeseburger,Chicken wings",2024-02-10,10:02:00,completed,21.98
4511,2822,23,Salmon nigiri,2020-02-04,14:01:02,completed,5.96
4512,2025,18,"French fries with sausages,Caprese Salad",2021-07-01,09:49:33,pending,14.55
4513,2824,30,Ebiten maki,2023-08-18,18:02:09,completed,7.51
4514,1324,20,"Tuna sashimi,Pork belly buns,Fettuccine Alfredo",2024-08-18,18:52:28,cancelled,16.04
4515,2807,21,Caprese Salad,2024-07-15,13:43:09,completed,8.63
4516,1232,11,Linguine with clams,2020-11-22,15:17:02,completed,6.29
4517,1074,6,"Linguine with clams,Pasta and Beans,French fries with sausages,Fettuccine Alfredo",2020-11-29,10:20:01,completed,23.81
4518,1422,11,"Pasta with Tomato and Basil,Vegetable Soup,Caesar Salad",2025-03-07,06:57:52,completed,17.96
4519,1779,19,Lasagne,2022-12-05,17:16:07,completed,5.72
4520,1512,29,Risotto with seafood,2024-11-08,10:28:47,completed,5.22
4521,1998,7,"Chilli con carne,Meatballs with sauce,Califlower penne",2024-10-14,11:48:40,completed,19.07
4522,1983,12,"Califlower penne,French fries with sausages",2022-08-24,21:52:15,cancelled,13.4
4523,2760,19,"Lasagne,Linguine with clams,Chicken Fajitas,Chicken wings,Pappardelle alla Bolognese",2023-01-30,07:01:42,cancelled,31.22
4524,2721,4,Pasta and Beans,2023-05-15,15:32:56,completed,7.49
4525,37,18,Fish and chips,2023-10-03,09:35:19,completed,7.11
4526,280,23,"Cheeseburger,French fries with sausages",2021-12-07,10:56:12,completed,16.46
4527,1741,23,Chicken milanese,2024-01-16,15:20:17,completed,5.56
4528,2823,8,Cheeseburger,2024-03-29,15:23:52,completed,7.72
4529,967,6,Lasagne,2025-04-30,08:13:19,completed,4.21
4530,1376,10,"Vegetable Soup,Caprese Salad",2023-07-14,15:39:01,completed,11.69
4531,2148,10,Bruschette with Tomato,2023-02-22,09:39:17,pending,6.54
4532,352,9,"Souvlaki,Meatballs with sauce",2023-03-16,15:45:15,cancelled,11.27
4533,2561,13,"Philadelphia maki,Teriyaki Chicken donburi",2025-05-10,16:31:40,completed,13.32
4534,2733,5,"Fettuccine Alfredo,Fish and chips",2020-12-25,12:19:49,completed,10.45
4535,75,11,Tuna sashimi,2023-03-05,20:23:49,pending,6.01
4536,15,24,Pizza,2025-02-13,20:55:32,completed,4.73
4537,1729,8,"Bruschette with Tomato,Pasta with Tomato and Basil,Souvlaki,Chilli con carne",2023-10-15,13:19:17,pending,26.07
4538,2466,15,Tuna sashimi,2024-01-10,17:18:53,completed,7.74
4539,2915,7,"Salmon nigiri,California maki,Chicken Fajitas,Caprese Salad,Chicken Fajitas",2023-07-22,19:58:37,completed,35.03
4540,2160,16,Ricotta stuffed Ravioli,2024-05-30,20:17:31,completed,5.35
4541,125,2,"Pappardelle alla Bolognese,Califlower penne",2024-12-19,21:48:29,completed,13.19
4542,2669,15,Linguine with clams,2021-04-17,11:26:44,completed,8.87
4543,1887,23,Caprese Salad,2020-12-16,21:46:13,pending,5.56
4544,2381,20,"Pizza,Chilli con carne",2025-03-03,11:45:57,pending,10.08
4545,2406,26,Ricotta stuffed Ravioli,2025-02-28,14:56:55,completed,7.37
4546,1062,20,"Chicken wings,Chicken wings,Ricotta stuffed Ravioli",2023-10-13,17:14:20,pending,24.35
4547,242,22,Chilli con carne,2020-04-26,19:15:08,pending,7.67
4548,2994,3,Chilli con carne,2022-03-05,16:59:29,completed,4.94
4549,2953,7,"Pasta and Beans,Souvlaki,Pork sausage roll",2020-01-05,18:29:51,pending,15.54
4550,2439,30,Chicken milanese,2024-12-17,17:25:04,pending,4.45
4551,564,29,"Mushroom Risotto,Vegetable Soup",2021-06-08,16:12:31,pending,14.22
4552,1181,1,"Lasagne,Fettuccine Alfredo",2021-07-26,19:59:16,completed,10.41
4553,2443,20,Califlower penne,2024-12-30,06:33:00,completed,4.8
4554,1971,21,Meatballs with sauce,2022-01-27,12:30:32,completed,7.74
4555,2890,26,"Pasta Carbonara,Fettuccine Alfredo",2020-08-11,18:32:05,completed,12.67
4556,1577,4,"Chicken Fajitas,Pasta and Beans,Pork sausage roll",2025-07-04,17:22:46,completed,17.83
4557,534,3,"Caprese Salad,Katsu Curry,Meatballs with sauce,California maki",2024-10-29,14:45:49,pending,20.46
4558,1191,12,Fish and chips,2024-08-26,14:42:20,pending,6.67
4559,1228,21,"Pork belly buns,Salmon nigiri",2023-09-20,17:12:01,completed,13.24
4560,2293,4,Califlower penne,2024-01-02,10:54:34,pending,6.12
4561,1915,23,Katsu Curry,2020-09-24,10:31:36,completed,8.04
4562,1235,27,French fries with sausages,2022-12-25,10:39:12,pending,5.22
4563,416,23,Caprese Salad,2024-11-17,17:53:17,completed,5.46
4564,2547,25,"Risotto with seafood,Chicken milanese,Chilli con carne",2022-03-13,20:36:33,completed,22.17
4565,1415,8,California maki,2023-07-05,13:42:21,completed,6.16
4566,1117,10,"Califlower penne,Barbecue Ribs,Teriyaki Chicken donburi,Pasta Carbonara,Vegetable Soup",2020-07-05,19:37:53,completed,33.24
4567,1818,11,"Caesar Salad,Vegetable Soup,Caprese Salad,Barbecue Ribs",2023-08-26,22:53:36,pending,25.21
4568,1140,18,"Linguine with clams,Pizza,Mushroom Risotto",2022-09-07,11:35:39,pending,21.13
4569,827,28,"Souvlaki,Chicken Fajitas",2020-08-27,12:49:57,cancelled,9.76
4570,2151,3,Pappardelle alla Bolognese,2025-06-02,08:43:15,completed,6.39
4571,597,27,"Tuna sashimi,Pasta with Tomato and Basil",2024-08-29,16:15:21,pending,12.2
4572,1042,6,Pasta with Tomato and Basil,2023-08-24,14:49:09,pending,6.31
4573,60,10,Mushroom Risotto,2022-05-07,08:03:50,completed,5.71
4574,727,5,"Salmon nigiri,Mushroom Risotto,Pasta and Beans",2023-11-19,08:24:34,completed,18.99
4575,1133,10,Pappardelle alla Bolognese,2023-12-22,10:50:46,completed,8.25
4576,246,14,"Ricotta stuffed Ravioli,Tuna sashimi",2023-06-02,08:48:41,cancelled,17.63
4577,768,17,Linguine with clams,2020-07-20,21:06:44,cancelled,7.56
4578,990,7,"Scotch eggs,Pappardelle alla Bolognese",2024-02-19,13:31:21,pending,10.3
4579,1314,15,Pasta and Beans,2023-07-20,22:54:17,completed,6.61
4580,2252,22,"Ebiten maki,Pappardelle alla Bolognese,Meatballs with sauce",2020-01-08,22:07:08,completed,21.67
4581,2806,26,"Pork sausage roll,Ebiten maki",2021-04-15,18:03:51,completed,13.68
4582,1594,18,Ebiten maki,2021-04-05,15:23:48,completed,4.13
4583,778,19,"Pasta Carbonara,Barbecue Ribs,Lasagne",2021-09-29,13:37:39,completed,18.16
4584,631,25,"Pappardelle alla Bolognese,Teriyaki Chicken donburi,Mushroom Risotto,Chicken milanese",2021-01-12,16:15:04,completed,25.26
4585,548,23,"Pork belly buns,Caprese Salad,Philadelphia maki,Fettuccine Alfredo",2020-03-15,13:58:23,completed,21.11
4586,1823,9,"Tiramisù,Vegetable Soup,Souvlaki,Souvlaki,Pasta and Beans",2022-01-30,09:20:45,completed,26.79
4587,1647,12,"Caprese Salad,Pappardelle alla Bolognese,Chicken Fajitas",2021-07-06,09:38:54,completed,21.28
4588,1511,2,Fettuccine Alfredo,2020-07-18,08:11:29,completed,7.76
4589,274,10,Meatballs with sauce,2020-04-04,15:50:19,completed,5.49
4590,2703,28,Ebiten maki,2023-11-25,09:19:18,completed,5.31
4591,1730,21,Meatballs with sauce,2023-10-24,09:10:02,completed,5.25
4592,2701,26,Barbecue Ribs,2021-01-07,16:48:21,completed,4.97
4593,527,1,"Philadelphia maki,Scotch eggs",2021-07-14,21:27:49,completed,14.32
4594,1288,21,Mushroom Risotto,2023-10-10,22:50:31,completed,6.44
4595,2147,20,Bruschette with Tomato,2021-12-11,19:57:04,pending,6.57
4596,1202,13,"Cheeseburger,Caprese Salad,French fries with sausages,Chicken Fajitas",2020-11-03,16:16:39,completed,24.97
4597,1906,5,Linguine with clams,2020-05-21,21:52:31,completed,4.26
4598,1083,17,"Linguine with clams,Chilli con carne,Katsu Curry,Pizza",2025-04-14,13:50:28,completed,22.55
4599,2452,24,Caprese Salad,2021-06-22,18:51:29,completed,8.0
4600,2970,14,"Linguine with clams,Chicken Fajitas,Tiramisù",2021-07-04,09:03:03,completed,21.97
4601,2304,15,"Cheeseburger,Pork sausage roll,Risotto with seafood,Katsu Curry",2020-12-15,15:55:39,completed,25.18
4602,288,11,"Cheeseburger,Pasta Carbonara,Caprese Salad,Linguine with clams",2020-09-20,20:51:55,completed,27.25
4603,296,11,Pasta and Beans,2024-09-20,15:07:46,completed,6.19
4604,1363,24,"Mushroom Risotto,Philadelphia maki,Tuna sashimi,Bruschette with Tomato",2020-07-03,09:49:19,completed,31.08
4605,1039,25,"Mushroom Risotto,Pasta and Beans",2023-09-06,14:30:41,completed,12.69
4606,2484,19,Fish and chips,2025-04-23,19:23:26,completed,8.04
4607,2316,22,"Pappardelle alla Bolognese,Pappardelle alla Bolognese",2022-01-29,09:57:31,completed,13.39
4608,1222,12,"Bruschette with Tomato,Caprese Salad,Chicken milanese,Bruschette with Tomato,Caprese Salad",2021-01-19,10:14:09,completed,29.41
4609,1869,26,Califlower penne,2021-03-01,16:51:33,completed,8.8
4610,1185,12,Tiramisù,2022-11-14,16:36:54,completed,6.96
4611,613,3,Teriyaki Chicken donburi,2020-08-15,15:03:26,completed,5.53
4612,1053,11,Caprese Salad,2023-12-07,14:37:44,completed,6.77
4613,1873,11,"French fries with sausages,Califlower penne,Chicken wings,Caprese Salad",2022-07-23,09:50:33,completed,27.31
4614,1500,17,"Caesar Salad,Teriyaki Chicken donburi",2022-02-19,14:07:21,completed,14.63
4615,2644,13,Pappardelle alla Bolognese,2023-04-26,09:22:39,completed,4.05
4616,69,24,Chicken Fajitas,2022-02-16,20:02:13,completed,5.0
4617,388,9,"Vegetable Soup,Fettuccine Alfredo",2023-01-02,07:21:33,completed,10.29
4618,2930,27,Mushroom Risotto,2020-10-11,10:05:39,pending,5.47
4619,636,11,Chicken Fajitas,2021-01-07,22:38:07,completed,7.85
4620,2625,22,"Pasta Carbonara,Mushroom Risotto",2025-06-20,11:10:57,completed,13.82
4621,1657,15,"Pork sausage roll,Bruschette with Tomato,Vegetable Soup,Califlower penne,Vegetable Soup",2020-04-04,13:30:22,cancelled,35.09
4622,2117,16,"Salmon nigiri,Katsu Curry,California maki",2024-12-11,20:48:30,pending,17.86
4623,1619,8,"Barbecue Ribs,Philadelphia maki,Pappardelle alla Bolognese,Tuna sashimi,Fettuccine Alfredo",2022-12-18,15:33:12,completed,32.35
4624,535,24,"Ricotta stuffed Ravioli,Pizza,Caprese Salad,Lasagne",2021-07-28,08:28:27,completed,24.37
4625,1583,29,"Linguine with clams,Teriyaki Chicken donburi",2025-05-01,21:38:47,completed,11.82
4626,291,21,Tiramisù,2023-06-06,16:59:15,completed,7.72
4627,1484,28,Bruschette with Tomato,2020-11-02,08:14:11,completed,6.02
4628,334,26,"Chicken wings,Fettuccine Alfredo",2025-09-17,09:43:38,completed,14.18
4629,2619,25,"Caprese Salad,Ebiten maki,French fries with sausages",2020-08-20,06:33:53,completed,21.41
4630,894,20,"Pasta Carbonara,Philadelphia maki,Fettuccine Alfredo,California maki",2024-01-05,09:34:53,completed,27.04
4631,713,20,California maki,2020-02-10,13:18:35,completed,6.49
4632,1432,29,Vegetable Soup,2025-07-31,14:48:55,completed,8.89
4633,685,7,"Philadelphia maki,Pasta Carbonara",2024-05-24,14:24:32,completed,14.34
4634,1156,14,Pork belly buns,2021-10-21,17:37:42,completed,6.04
4635,2469,16,Meatballs with sauce,2024-01-25,09:22:24,cancelled,5.81
4636,2666,3,"Pasta and Beans,Chicken milanese",2023-03-16,12:49:10,completed,14.8
4637,2390,21,Risotto with seafood,2022-10-28,14:09:08,completed,7.53
4638,1337,5,"Barbecue Ribs,Vegetable Soup",2022-10-29,20:11:07,completed,9.19
4639,444,25,Tiramisù,2022-01-14,14:14:24,pending,8.23
4640,1945,14,"Barbecue Ribs,Chicken Fajitas,Linguine with clams,Scotch eggs",2023-04-22,12:36:47,completed,27.61
4641,1301,9,French fries with sausages,2024-10-29,22:41:25,pending,4.25
4642,1997,18,Pork belly buns,2022-06-26,21:10:30,completed,8.15
4643,2107,29,"Chicken Fajitas,Scotch eggs,Teriyaki Chicken donburi",2024-10-30,07:27:37,completed,20.22
4644,1353,5,Pork belly buns,2022-05-10,16:12:32,completed,5.25
4645,2315,25,Tuna sashimi,2022-02-11,17:39:49,completed,7.64
4646,2469,2,Pasta Carbonara,2020-10-01,22:10:09,completed,4.04
4647,2174,14,Caesar Salad,2025-04-21,10:59:23,completed,8.56
4648,2283,29,Linguine with clams,2021-02-08,11:05:15,completed,4.99
4649,1377,1,"French fries with sausages,French fries with sausages",2024-01-26,07:27:26,cancelled,11.32
4650,28,8,"Ebiten maki,Risotto with seafood",2021-09-15,12:54:50,completed,12.76
4651,755,5,Lasagne,2022-09-01,13:33:28,completed,6.58
4652,1258,26,"Pork belly buns,Chicken milanese,Califlower penne,Risotto with seafood",2020-05-11,11:14:14,completed,24.15
4653,812,13,Scotch eggs,2020-09-13,19:57:26,completed,5.12
4654,562,14,"Tuna sashimi,Philadelphia maki",2023-04-29,10:25:59,completed,10.98
4655,105,1,"Linguine with clams,Vegetable Soup,Tiramisù",2021-02-12,14:23:32,completed,16.59
4656,947,10,Scotch eggs,2022-07-24,09:23:32,pending,6.67
4657,770,19,"Philadelphia maki,Salmon nigiri,Pappardelle alla Bolognese,Pizza",2021-04-10,20:16:19,cancelled,25.81
4658,857,12,"Pasta with Tomato and Basil,Philadelphia maki",2020-06-27,20:50:14,completed,9.45
4659,2232,19,"Chicken milanese,Tuna sashimi,Barbecue Ribs",2023-06-27,16:12:29,cancelled,22.88
4660,2302,13,Philadelphia maki,2024-06-20,11:01:13,completed,4.39
4661,890,14,Cheeseburger,2022-12-15,10:10:31,completed,4.76
4662,2885,6,"Pappardelle alla Bolognese,Salmon nigiri,Lasagne,Ebiten maki,Pasta with Tomato and Basil",2023-12-16,21:04:11,completed,34.37
4663,2219,13,"Linguine with clams,Risotto with seafood,Scotch eggs,Pizza",2021-09-16,11:22:56,pending,32.64
4664,434,1,"Scotch eggs,Pappardelle alla Bolognese,Chicken milanese,Meatballs with sauce",2025-02-19,16:03:17,pending,30.5
4665,1144,23,"Pasta Carbonara,Pizza,Meatballs with sauce",2024-11-21,16:36:10,completed,18.24
4666,2609,1,Souvlaki,2022-09-11,07:32:43,completed,6.79
4667,845,1,"Caesar Salad,Pork sausage roll",2020-11-13,21:13:03,pending,12.07
4668,1131,21,Meatballs with sauce,2024-02-05,12:36:05,completed,7.92
4669,1638,3,"Caesar Salad,Pappardelle alla Bolognese",2022-01-21,19:05:46,completed,10.83
4670,1866,17,"Fish and chips,Salmon nigiri,Caprese Salad,Lasagne,Tuna sashimi",2024-09-25,14:18:42,completed,34.12
4671,1056,21,"French fries with sausages,Bruschette with Tomato",2025-02-14,14:51:13,completed,11.66
4672,705,1,Chilli con carne,2025-01-04,14:15:40,completed,5.88
4673,855,23,"Chilli con carne,Barbecue Ribs,Bruschette with Tomato",2024-08-15,18:47:15,completed,18.38
4674,2346,13,Vegetable Soup,2023-09-11,09:04:00,pending,4.89
4675,1291,18,"Cheeseburger,Pork belly buns,Barbecue Ribs",2020-05-13,21:34:29,completed,15.51
4676,760,30,"Souvlaki,Califlower penne",2022-10-28,13:07:02,completed,12.76
4677,104,23,California maki,2020-08-28,22:49:13,completed,4.96
4678,2483,21,Scotch eggs,2020-01-19,21:27:01,completed,8.66
4679,274,3,"Fettuccine Alfredo,Risotto with seafood",2020-10-03,16:21:30,completed,16.38
4680,2845,24,Tiramisù,2021-01-09,22:51:47,completed,7.0
4681,2606,23,"Chicken wings,Caesar Salad",2023-06-03,19:29:30,completed,11.21
4682,2821,8,Salmon nigiri,2021-03-18,13:54:24,completed,8.64
4683,976,28,"Pork belly buns,Barbecue Ribs,Pork belly buns,Tuna sashimi",2022-11-28,10:22:05,completed,22.62
4684,499,18,"Tuna sashimi,Teriyaki Chicken donburi,Souvlaki,Fish and chips,Fish and chips",2023-02-23,12:13:40,completed,34.62
4685,1532,11,Tiramisù,2020-06-19,07:41:03,completed,4.72
4686,568,11,Philadelphia maki,2022-10-13,17:48:57,completed,8.56
4687,795,25,Chicken Fajitas,2023-09-01,10:49:50,completed,8.48
4688,2928,7,Pasta with Tomato and Basil,2021-07-31,17:51:56,completed,8.15
4689,2617,28,Chicken milanese,2023-06-20,18:46:47,completed,5.05
4690,2256,22,Meatballs with sauce,2022-04-08,18:26:01,completed,7.79
4691,1764,16,"Scotch eggs,Califlower penne,Bruschette with Tomato,Tiramisù",2023-02-21,06:05:15,completed,19.95
4692,1809,4,"Pasta and Beans,Chilli con carne,Pasta with Tomato and Basil,Teriyaki Chicken donburi,Mushroom Risotto",2022-04-13,10:12:49,pending,31.7
4693,2254,30,Tuna sashimi,2021-04-07,14:19:41,completed,8.25
4694,417,17,Bruschette with Tomato,2025-01-11,12:13:56,completed,5.68
4695,128,29,"Vegetable Soup,Chicken Fajitas,Chicken milanese,Pappardelle alla Bolognese,Pork belly buns",2025-01-30,14:40:47,completed,31.77
4696,2223,26,Tuna sashimi,2024-03-31,11:30:53,completed,6.33
4697,256,11,"Tiramisù,Linguine with clams",2024-09-25,15:08:50,completed,14.55
4698,1983,17,"Ricotta stuffed Ravioli,Tuna sashimi,Pasta with Tomato and Basil,Pork belly buns,Teriyaki Chicken donburi",2023-01-24,17:14:08,completed,30.29
4699,36,28,Meatballs with sauce,2021-11-17,22:16:00,pending,7.94
4700,1031,18,Salmon nigiri,2022-07-18,10:48:50,pending,4.38
4701,805,7,"Ebiten maki,Califlower penne,Pasta with Tomato and Basil",2023-07-23,19:06:31,cancelled,22.03
4702,2282,23,Fettuccine Alfredo,2025-06-27,08:06:16,completed,7.01
4703,1117,29,"Salmon nigiri,Philadelphia maki,Pappardelle alla Bolognese,Souvlaki,Ebiten maki",2022-09-22,18:18:26,completed,31.49
4704,2567,21,Tuna sashimi,2021-11-09,15:22:54,completed,4.45
4705,1374,7,"Bruschette with Tomato,Chilli con carne,Salmon nigiri",2024-05-09,11:02:41,completed,18.04
4706,684,7,"Salmon nigiri,Katsu Curry,Pasta and Beans,Scotch eggs",2021-01-03,13:56:34,completed,29.23
4707,1275,11,Caesar Salad,2020-01-26,10:02:38,completed,5.03
4708,129,3,Chicken wings,2023-06-11,13:18:17,completed,4.25
4709,619,16,"Vegetable Soup,Barbecue Ribs,Risotto with seafood,Caesar Salad",2024-08-16,12:18:29,completed,23.13
4710,1342,19,Pizza,2023-01-09,11:33:53,pending,5.47
4711,2717,4,"Tuna sashimi,Pasta and Beans,Chilli con carne,Philadelphia maki,Pasta with Tomato and Basil",2025-02-02,17:39:39,completed,35.27
4712,1312,11,"Ricotta stuffed Ravioli,Pizza",2023-08-08,17:23:41,completed,14.88
4713,655,26,"Ebiten maki,Cheeseburger",2020-06-13,12:52:52,completed,12.1
4714,2240,1,"Katsu Curry,Pasta and Beans",2023-02-12,13:03:30,completed,14.46
4715,2966,13,Souvlaki,2024-06-15,06:02:00,completed,6.28
4716,7,23,Scotch eggs,2022-04-07,12:03:32,completed,7.15
4717,1293,5,Pasta with Tomato and Basil,2021-02-09,13:51:16,completed,4.33
4718,1386,5,Chicken milanese,2021-06-12,09:24:43,completed,4.49
4719,2536,18,Salmon nigiri,2022-03-09,21:54:46,completed,8.62
4720,567,11,"Tuna sashimi,Philadelphia maki,Philadelphia maki",2021-01-21,21:06:45,pending,19.39
4721,2164,27,"Tuna sashimi,Linguine with clams,Caesar Salad",2020-07-29,21:20:10,pending,18.58
4722,224,26,"Souvlaki,Caprese Salad,Meatballs with sauce,Scotch eggs,Bruschette with Tomato",2020-08-14,06:43:08,completed,26.49
4723,461,30,"Chilli con carne,French fries with sausages",2023-03-14,07:43:05,completed,12.77
4724,1505,26,Pasta and Beans,2023-02-15,07:41:55,completed,7.14
4725,1135,29,Teriyaki Chicken donburi,2025-01-28,18:09:22,completed,4.23
4726,337,6,"Tuna sashimi,Califlower penne,Pizza,Souvlaki,Teriyaki Chicken donburi",2024-07-02,07:17:30,pending,29.81
4727,1117,20,Pork sausage roll,2020-11-03,19:21:42,completed,6.84
4728,516,19,Caprese Salad,2021-05-20,09:44:36,pending,7.74
4729,1918,9,"Caprese Salad,Chicken wings",2024-09-05,13:31:17,completed,13.68
4730,601,8,"California maki,Pasta with Tomato and Basil,Souvlaki,Fish and chips,California maki",2022-09-09,16:16:49,completed,39.49
4731,2022,2,Mushroom Risotto,2024-03-22,18:55:21,completed,6.28
4732,2941,26,"Tiramisù,Teriyaki Chicken donburi",2021-06-26,19:45:09,completed,11.4
4733,2650,5,"Barbecue Ribs,Scotch eggs,Scotch eggs,Chicken milanese",2024-09-05,16:11:07,pending,32.1
4734,508,1,Salmon nigiri,2022-04-19,16:57:16,completed,8.84
4735,1635,29,"Chicken milanese,Caesar Salad",2022-12-29,07:14:38,completed,13.5
4736,918,18,"Chicken Fajitas,Meatballs with sauce,Philadelphia maki",2021-04-14,19:40:10,completed,22.23
4737,2093,12,"Pizza,Chilli con carne,Pappardelle alla Bolognese,Tuna sashimi",2022-01-22,11:10:00,completed,26.1
4738,1834,2,"Pasta and Beans,Vegetable Soup",2024-07-16,18:28:26,pending,14.57
4739,2819,30,"Souvlaki,Pasta Carbonara",2024-02-23,20:32:37,pending,13.2
4740,2913,15,"Califlower penne,Souvlaki",2025-02-18,15:06:35,completed,14.25
4741,75,24,Pork belly buns,2023-12-07,22:11:54,completed,7.25
4742,699,15,"Bruschette with Tomato,Chicken Fajitas,Pork belly buns",2022-06-08,16:30:08,completed,17.86
4743,2813,3,"Souvlaki,Ebiten maki",2021-11-01,08:17:47,completed,12.0
4744,2109,14,"Caprese Salad,Tuna sashimi,Meatballs with sauce,Philadelphia maki",2024-09-26,07:41:05,completed,25.65
4745,2586,20,"Lasagne,Cheeseburger",2023-08-09,17:08:07,completed,10.72
4746,2222,27,Scotch eggs,2024-06-15,08:17:12,completed,5.05
4747,192,4,Pork belly buns,2025-02-22,09:33:50,completed,5.34
4748,2962,24,Chilli con carne,2024-07-14,12:46:52,completed,5.04
4749,1933,2,Califlower penne,2024-03-25,16:32:17,completed,7.24
4750,2351,22,Tiramisù,2023-07-02,12:56:36,completed,8.36
4751,608,20,Souvlaki,2020-10-07,13:00:07,completed,4.26
4752,88,18,Pasta with Tomato and Basil,2021-01-17,11:21:32,completed,7.36
4753,1479,1,"Philadelphia maki,Pizza,Tuna sashimi,California maki",2025-02-04,13:32:08,cancelled,27.81
4754,628,23,Linguine with clams,2020-06-10,06:34:58,completed,5.8
4755,2919,12,"Chilli con carne,Lasagne,Mushroom Risotto",2024-01-19,16:47:15,completed,19.88
4756,1724,2,"Pasta with Tomato and Basil,Vegetable Soup",2025-03-01,12:21:24,completed,14.87
4757,80,5,Vegetable Soup,2023-08-12,12:46:34,completed,6.49
4758,92,9,"Cheeseburger,Pork sausage roll",2020-05-21,19:46:06,completed,9.51
4759,416,20,"Caesar Salad,Chicken wings,Linguine with clams,Linguine with clams",2023-09-15,22:35:38,completed,26.92
4760,2094,15,"Ebiten maki,Vegetable Soup,Souvlaki",2022-09-11,17:32:45,completed,19.13
4761,1083,12,"Teriyaki Chicken donburi,Scotch eggs,Caprese Salad",2021-04-06,11:21:00,pending,16.54
4762,778,21,"Caprese Salad,Ebiten maki",2025-06-17,07:27:54,completed,11.83
4763,2489,24,Fish and chips,2023-07-13,11:09:23,completed,5.2
4764,2055,6,Pasta Carbonara,2020-02-09,14:02:55,completed,5.6
4765,507,29,"Pork sausage roll,Tuna sashimi",2024-03-06,20:07:01,completed,16.41
4766,2299,22,Tuna sashimi,2022-10-20,16:46:39,completed,8.84
4767,1382,16,"Salmon nigiri,Meatballs with sauce,Caprese Salad,Pasta and Beans",2020-04-12,09:46:45,completed,30.71
4768,1435,10,Caprese Salad,2020-04-06,06:46:20,completed,4.12
4769,2969,3,"Ebiten maki,Vegetable Soup",2025-06-03,18:08:39,completed,10.53
4770,413,7,"Ebiten maki,Ebiten maki,Fish and chips,Chicken milanese",2021-04-12,07:02:09,completed,32.63
4771,853,9,"Chilli con carne,Caprese Salad",2023-01-28,13:49:59,completed,12.05
4772,652,14,"Pork belly buns,Tiramisù",2022-04-18,17:42:07,completed,14.55
4773,212,15,Chicken Fajitas,2021-09-30,06:40:50,completed,5.32
4774,1473,24,"California maki,Philadelphia maki",2021-03-08,11:45:36,completed,11.23
4775,2588,12,"Fettuccine Alfredo,Scotch eggs,Chicken Fajitas",2024-03-15,22:42:08,completed,16.85
4776,584,3,"Chicken milanese,Chicken wings,Chilli con carne",2025-09-07,06:06:54,completed,16.92
4777,1310,16,California maki,2024-09-29,08:14:09,completed,5.84
4778,1021,10,Philadelphia maki,2022-08-09,17:59:51,completed,4.87
4779,1075,9,Ebiten maki,2024-06-02,21:23:15,completed,5.4
4780,1035,11,"Vegetable Soup,Pizza",2023-05-30,18:21:09,completed,12.8
4781,935,6,"Tiramisù,Philadelphia maki,Chicken wings,Fish and chips,Pork sausage roll",2023-03-30,13:22:27,completed,30.35
4782,1276,27,Teriyaki Chicken donburi,2020-05-19,17:41:12,pending,6.32
4783,1467,16,Pappardelle alla Bolognese,2024-10-15,09:52:36,completed,6.21
4784,2974,15,Pork sausage roll,2024-03-06,19:25:42,completed,5.47
4785,2238,18,"Pasta with Tomato and Basil,Caesar Salad,Pasta with Tomato and Basil",2022-03-27,11:45:59,completed,17.74
4786,2855,27,"Ebiten maki,Pork belly buns,Fettuccine Alfredo,Caesar Salad,Risotto with seafood",2025-02-03,09:18:34,pending,24.2
4787,2026,28,Pappardelle alla Bolognese,2023-03-07,07:33:24,completed,6.5
4788,2657,4,Pasta and Beans,2023-03-07,11:48:32,cancelled,6.08
4789,599,27,Chicken Fajitas,2025-04-09,10:15:46,cancelled,5.39
4790,1553,30,"Pork belly buns,Pasta and Beans",2022-06-14,14:11:51,completed,11.0
4791,1730,28,Fettuccine Alfredo,2024-05-27,16:23:06,completed,4.15
4792,802,4,"Vegetable Soup,Lasagne,Teriyaki Chicken donburi,Ebiten maki",2021-12-05,14:05:58,completed,24.8
4793,2864,28,"Fish and chips,Fish and chips,Salmon nigiri",2023-09-07,16:48:44,completed,18.82
4794,1972,19,"Tuna sashimi,Pork sausage roll,Pasta Carbonara",2022-12-07,16:27:57,completed,18.07
4795,2914,29,"Tiramisù,Caesar Salad,Souvlaki,Pasta and Beans",2022-07-07,07:02:46,completed,27.03
4796,2967,8,"Lasagne,Ricotta stuffed Ravioli",2025-10-02,19:47:42,completed,11.59
4797,2210,25,Souvlaki,2022-04-12,14:45:40,completed,8.94
4798,2938,19,"Lasagne,Teriyaki Chicken donburi",2024-06-29,06:54:27,completed,12.46
4799,1158,20,Bruschette with Tomato,2022-01-15,13:49:35,completed,8.02
4800,1808,18,"Caprese Salad,Pork sausage roll,Salmon nigiri",2022-03-05,22:39:17,completed,16.49
4801,2677,11,"California maki,Philadelphia maki",2020-11-23,10:42:47,completed,16.57
4802,2505,1,Pork sausage roll,2023-05-20,08:54:28,completed,5.12
4803,2977,26,"Caesar Salad,Teriyaki Chicken donburi,Pizza",2024-06-10,15:16:52,completed,23.18
4804,827,15,Philadelphia maki,2024-03-03,11:41:07,completed,5.87
4805,2497,18,"Chicken Fajitas,California maki",2023-02-11,10:53:54,cancelled,13.58
4806,657,4,Tiramisù,2023-04-04,18:32:40,completed,5.45
4807,409,5,"Caesar Salad,Katsu Curry,Pork belly buns",2025-06-10,20:33:35,pending,14.56
4808,1652,11,Ricotta stuffed Ravioli,2020-04-09,20:29:32,completed,6.25
4809,611,8,"Mushroom Risotto,Pizza,Tuna sashimi",2022-01-29,12:51:37,completed,24.23
4810,2490,25,"Tiramisù,Lasagne,Linguine with clams,Vegetable Soup",2021-01-30,07:30:10,completed,24.96
4811,1101,14,"Chicken wings,Ebiten maki",2024-12-20,15:11:13,completed,14.27
4812,1211,24,Caesar Salad,2021-10-21,09:41:17,completed,6.5
4813,1937,1,Souvlaki,2021-04-04,14:46:35,completed,8.95
4814,1603,22,"Pork sausage roll,Chilli con carne,French fries with sausages,Pork belly buns,Pork belly buns",2020-11-18,08:53:24,completed,36.5
4815,1346,24,"Caprese Salad,Souvlaki,Tuna sashimi,Salmon nigiri,Califlower penne",2022-03-09,13:10:48,completed,31.12
4816,2442,18,"Califlower penne,Pasta Carbonara",2024-10-11,06:38:04,completed,13.52
4817,2772,25,"Pork sausage roll,Chicken milanese,Ricotta stuffed Ravioli",2023-09-30,07:29:18,completed,21.04
4818,197,15,Mushroom Risotto,2022-07-17,18:28:22,completed,6.52
4819,3,24,"Ricotta stuffed Ravioli,Salmon nigiri",2020-10-10,10:25:01,completed,11.5
4820,2282,4,"Pork belly buns,Chilli con carne,Chicken milanese,Ricotta stuffed Ravioli",2023-05-13,18:05:01,completed,21.85
4821,2316,17,Fettuccine Alfredo,2024-12-11,11:50:19,completed,4.25
4822,1292,26,"Pasta Carbonara,French fries with sausages",2025-03-23,18:29:16,completed,13.09
4823,2430,1,Vegetable Soup,2022-09-29,20:35:06,completed,5.79
4824,2560,22,Pappardelle alla Bolognese,2023-04-09,11:35:18,completed,5.5
4825,1781,14,"Pappardelle alla Bolognese,Cheeseburger",2021-12-28,22:36:02,pending,13.56
4826,1178,5,Pasta and Beans,2024-08-14,20:10:11,completed,6.23
4827,799,16,"Pork belly buns,Scotch eggs,Lasagne,Ricotta stuffed Ravioli,California maki",2021-12-07,13:13:23,completed,33.11
4828,711,19,Meatballs with sauce,2022-01-09,17:58:29,completed,5.78
4829,785,22,"Risotto with seafood,Ricotta stuffed Ravioli,Caprese Salad,Chicken Fajitas",2021-01-26,18:30:28,completed,26.87
4830,109,1,"French fries with sausages,Fish and chips",2021-06-07,18:53:05,pending,12.59
4831,711,1,"Chicken wings,Pasta with Tomato and Basil,Philadelphia maki,Tuna sashimi",2021-11-23,22:24:23,completed,24.66
4832,1270,21,Pork sausage roll,2025-03-22,09:27:55,completed,6.18
4833,2041,18,"Caesar Salad,Linguine with clams,Philadelphia maki",2022-09-28,21:43:17,completed,12.73
4834,139,30,Scotch eggs,2024-08-02,07:06:20,completed,6.37
4835,1465,29,"Fettuccine Alfredo,Fish and chips",2025-05-29,17:57:10,completed,13.84
4836,2949,14,Pasta with Tomato and Basil,2025-09-14,12:08:59,completed,6.14
4837,1583,11,"Salmon nigiri,Katsu Curry,Califlower penne,Pasta and Beans,Vegetable Soup",2023-09-05,22:22:43,completed,33.96
4838,2997,13,"Chilli con carne,Chicken milanese,Califlower penne,Linguine with clams",2021-10-25,21:57:24,completed,29.64
4839,400,17,"Califlower penne,Meatballs with sauce",2021-08-20,19:43:28,completed,11.91
4840,385,12,Caesar Salad,2023-05-24,17:55:23,cancelled,6.27
4841,2965,29,Teriyaki Chicken donburi,2023-10-02,22:03:51,completed,6.81
4842,2449,12,Fish and chips,2020-10-21,18:25:17,completed,4.75
4843,2557,13,"Katsu Curry,Linguine with clams,Mushroom Risotto,Ebiten maki",2025-01-08,20:44:35,completed,21.98
4844,988,21,Caesar Salad,2022-10-04,17:03:22,completed,7.32
4845,330,8,"Pork belly buns,Souvlaki,Katsu Curry",2025-05-13,20:08:24,completed,15.43
4846,772,10,Pasta with Tomato and Basil,2022-09-16,07:11:15,completed,7.04
4847,1466,6,Pizza,2023-03-14,07:20:47,completed,6.99
4848,1663,12,Pasta Carbonara,2021-12-26,21:15:51,completed,5.2
4849,2594,27,Chicken Fajitas,2024-10-28,18:41:26,completed,8.7
4850,660,16,Lasagne,2021-02-03,22:43:09,completed,6.62
4851,83,20,"Philadelphia maki,Souvlaki",2025-06-03,10:50:32,completed,12.16
4852,2737,30,"Tuna sashimi,Pizza,Cheeseburger",2022-02-21,15:23:39,completed,18.58
4853,2094,29,Tiramisù,2024-04-16,13:47:23,completed,7.3
4854,1854,19,Fettuccine Alfredo,2021-10-21,06:28:36,completed,4.32
4855,1739,3,"Pasta Carbonara,Risotto with seafood,Scotch eggs,Scotch eggs",2025-05-20,14:11:49,completed,19.21
4856,1446,19,"Tiramisù,Fish and chips,Cheeseburger,Fish and chips",2021-06-18,11:11:12,completed,26.55
4857,2670,20,Meatballs with sauce,2023-10-14,09:20:43,completed,6.57
4858,2285,28,Chilli con carne,2025-05-15,14:54:37,completed,4.12
4859,2050,30,"Teriyaki Chicken donburi,Fettuccine Alfredo",2020-04-18,20:17:25,completed,9.88
4860,1494,13,Salmon nigiri,2023-08-09,10:58:47,completed,8.47
4861,2386,20,"Pasta with Tomato and Basil,Katsu Curry",2022-10-12,06:59:55,completed,13.35
4862,2718,25,"Katsu Curry,Bruschette with Tomato,Chicken milanese,Katsu Curry",2024-02-13,18:10:31,completed,29.92
4863,1944,6,"Fish and chips,Ricotta stuffed Ravioli,Risotto with seafood",2020-04-15,22:31:13,completed,21.11
4864,1459,5,"Bruschette with Tomato,Souvlaki",2021-08-24,17:11:23,completed,13.54
4865,2033,4,Cheeseburger,2022-10-31,14:48:05,cancelled,5.23
4866,891,21,"Cheeseburger,Pork sausage roll,Fish and chips,French fries with sausages",2021-12-27,19:04:45,pending,25.74
4867,210,23,Souvlaki,2020-06-05,06:30:28,completed,4.42
4868,1429,28,"Risotto with seafood,Caprese Salad",2021-11-16,22:26:33,completed,9.06
4869,1952,9,"Chicken wings,Fish and chips,Tuna sashimi,Tuna sashimi",2024-03-28,17:32:40,pending,25.01
4870,1339,15,"Pasta and Beans,Souvlaki",2021-03-25,10:21:12,completed,8.5
4871,2500,25,Fish and chips,2024-02-25,15:03:12,pending,4.91
4872,904,5,"Meatballs with sauce,Califlower penne,Tuna sashimi,Vegetable Soup",2024-10-24,09:57:04,completed,26.94
4873,2671,30,Pork sausage roll,2021-07-02,21:57:01,pending,8.26
4874,1599,24,"Fish and chips,Philadelphia maki,California maki",2021-05-19,13:06:45,completed,20.87
4875,2419,16,Scotch eggs,2025-07-11,07:32:11,completed,8.71
4876,1956,9,Fish and chips,2021-12-21,13:39:29,completed,5.38
4877,166,9,"Caesar Salad,Pappardelle alla Bolognese",2023-11-11,10:16:23,completed,15.89
4878,2292,14,Mushroom Risotto,2022-09-30,19:28:03,completed,7.61
4879,2154,12,Chicken milanese,2023-07-22,07:36:52,completed,8.25
4880,935,4,Souvlaki,2023-10-02,19:16:42,pending,6.94
4881,2757,14,Philadelphia maki,2025-03-11,19:12:44,pending,4.73
4882,187,22,Risotto with seafood,2023-01-07,20:32:09,completed,8.75
4883,1406,24,"Chicken wings,Pasta and Beans,Tuna sashimi,Linguine with clams",2025-07-10,09:38:52,completed,23.94
4884,1494,16,Chicken milanese,2024-10-25,11:40:58,pending,5.26
4885,1652,2,Ebiten maki,2024-07-20,15:06:20,completed,4.49
4886,1558,6,"Vegetable Soup,Scotch eggs",2020-03-12,22:41:37,completed,10.86
4887,404,23,"Cheeseburger,Teriyaki Chicken donburi,Chicken milanese,Tiramisù",2021-11-05,08:43:54,pending,23.51
4888,2411,7,Chicken wings,2020-11-22,10:16:53,completed,8.73
4889,2286,12,"Salmon nigiri,Pasta and Beans,Pork belly buns",2021-08-04,12:14:10,pending,21.45
4890,2581,22,Barbecue Ribs,2025-08-24,20:45:16,completed,5.31
4891,1506,4,Chilli con carne,2022-12-11,10:40:48,completed,7.16
4892,1561,9,"Califlower penne,Chicken milanese,Pappardelle alla Bolognese",2022-02-22,13:37:26,completed,16.11
4893,1826,14,Chicken Fajitas,2022-06-10,12:55:40,completed,6.85
4894,829,27,Fish and chips,2021-09-14,18:13:41,pending,6.04
4895,1360,7,"Bruschette with Tomato,Souvlaki,Teriyaki Chicken donburi",2022-12-06,08:08:47,cancelled,20.08
4896,2152,19,Califlower penne,2023-04-08,15:29:46,completed,6.01
4897,1432,5,"Scotch eggs,Lasagne,Chicken Fajitas",2025-06-26,10:21:11,completed,20.35
4898,65,9,Fish and chips,2020-12-02,10:08:37,completed,7.08
4899,1032,2,"Caprese Salad,Chicken Fajitas,French fries with sausages,Caprese Salad,Risotto with seafood",2021-06-08,11:27:49,pending,30.86
4900,2673,29,"Tuna sashimi,Scotch eggs,Fish and chips",2021-07-17,21:16:57,completed,22.95
4901,919,1,"California maki,Mushroom Risotto,French fries with sausages,Tiramisù",2024-08-24,10:50:29,completed,21.02
4902,2718,20,Ebiten maki,2024-01-29,22:34:23,pending,8.7
4903,1071,3,Mushroom Risotto,2023-02-06,17:43:15,completed,4.35
4904,515,29,Fish and chips,2021-04-08,20:26:44,completed,5.64
4905,2302,16,Chilli con carne,2023-09-06,15:03:07,completed,5.01
4906,893,18,Teriyaki Chicken donburi,2025-08-05,16:55:49,completed,8.52
4907,1842,14,Scotch eggs,2025-03-15,13:43:34,completed,5.6
4908,1583,28,Barbecue Ribs,2022-01-10,19:39:36,completed,7.39
4909,265,22,"Scotch eggs,Pasta Carbonara,Chicken milanese",2020-12-08,18:27:56,completed,21.14
4910,1358,13,Barbecue Ribs,2024-06-12,20:08:06,completed,7.51
4911,2106,26,Barbecue Ribs,2021-11-30,18:26:23,completed,5.8
4912,1377,2,"Linguine with clams,Pork belly buns",2024-12-06,21:29:45,pending,12.34
4913,1179,29,Pork belly buns,2024-07-07,08:18:10,completed,8.15
4914,469,13,"Barbecue Ribs,Chicken Fajitas,Pasta and Beans,Caesar Salad",2020-04-06,07:13:32,cancelled,24.42
4915,718,6,"Pork belly buns,Teriyaki Chicken donburi,Scotch eggs,Barbecue Ribs",2022-12-31,06:12:15,completed,27.61
4916,603,2,"Califlower penne,Chicken wings,Katsu Curry",2025-09-16,21:07:35,completed,19.29
4917,789,21,Souvlaki,2022-11-13,08:35:37,pending,5.59
4918,913,19,"Cheeseburger,Scotch eggs,Pasta with Tomato and Basil,French fries with sausages",2024-05-17,20:02:00,completed,20.06
4919,1342,26,"Souvlaki,Caesar Salad,Fish and chips",2021-11-03,07:51:39,pending,20.67
4920,1209,19,"Pasta with Tomato and Basil,Pizza,Bruschette with Tomato",2020-11-10,10:33:26,completed,21.77
4921,2082,20,Risotto with seafood,2025-08-05,10:33:44,pending,8.02
4922,1516,6,Salmon nigiri,2023-05-17,10:30:13,pending,4.43
4923,1557,20,Califlower penne,2022-10-28,16:56:59,pending,6.22
4924,250,12,"Pasta Carbonara,Pappardelle alla Bolognese",2020-02-06,20:22:14,completed,10.68
4925,906,1,"Bruschette with Tomato,Pork belly buns,Risotto with seafood",2022-09-03,20:46:35,cancelled,14.33
4926,2272,24,Califlower penne,2020-07-25,06:29:22,completed,7.87
4927,82,30,Pizza,2021-05-26,06:28:19,pending,4.74
4928,60,6,Pasta and Beans,2023-08-13,18:18:54,completed,8.59
4929,448,22,"Katsu Curry,Vegetable Soup,Ebiten maki",2021-10-13,07:30:23,completed,17.51
4930,2593,14,"Bruschette with Tomato,Cheeseburger,Chilli con carne,Tuna sashimi",2020-05-06,11:16:56,completed,21.44
4931,1855,5,Teriyaki Chicken donburi,2024-08-27,07:34:25,completed,6.14
4932,1322,16,Tiramisù,2021-05-26,07:18:58,completed,6.6
4933,558,10,Califlower penne,2024-09-14,17:11:30,completed,5.23
4934,2134,24,"French fries with sausages,Fettuccine Alfredo,Barbecue Ribs",2023-05-10,19:33:40,completed,18.62
4935,816,27,Souvlaki,2024-07-31,20:06:52,cancelled,6.96
4936,2147,17,Pork sausage roll,2022-12-21,06:39:09,completed,6.41
4937,767,24,French fries with sausages,2020-02-09,22:14:09,completed,5.99
4938,1619,10,Lasagne,2021-02-04,08:11:27,completed,8.68
4939,2742,26,Chicken wings,2023-07-25,16:48:14,completed,6.06
4940,2246,6,"Tiramisù,French fries with sausages,Ricotta stuffed Ravioli,Vegetable Soup",2024-12-28,14:07:43,completed,26.35
4941,1244,15,Katsu Curry,2023-03-05,19:55:22,completed,6.39
4942,1773,19,Fish and chips,2022-08-22,21:05:54,completed,7.72
4943,910,30,Barbecue Ribs,2025-04-29,15:57:15,completed,5.63
4944,607,17,"Pizza,Mushroom Risotto,Pizza,Tuna sashimi",2024-11-26,22:53:58,completed,23.09
4945,2387,19,Ebiten maki,2022-05-15,15:38:54,completed,8.42
4946,18,13,Tiramisù,2023-10-14,20:56:52,pending,5.99
4947,1932,5,Mushroom Risotto,2021-09-28,10:31:56,completed,7.42
4948,2702,24,Chicken milanese,2020-08-31,15:50:03,completed,4.79
4949,2968,21,"Meatballs with sauce,Fish and chips,Risotto with seafood,Chilli con carne,Tuna sashimi",2023-04-25,20:05:17,completed,34.09
4950,1858,9,Chicken Fajitas,2023-05-04,19:26:11,completed,5.87
4951,2940,30,Fettuccine Alfredo,2022-04-24,19:25:36,pending,5.31
4952,2521,21,"Bruschette with Tomato,Meatballs with sauce,California maki",2021-07-02,13:50:24,completed,19.67
4953,1593,26,Fettuccine Alfredo,2022-01-19,13:32:57,completed,4.74
4954,713,17,Chilli con carne,2024-10-22,16:31:09,completed,5.28
4955,2610,11,Tuna sashimi,2022-10-01,16:43:34,pending,7.9
4956,126,12,"Pasta and Beans,Tiramisù",2021-07-23,17:57:15,completed,12.39
4957,1795,4,"Chicken milanese,Chicken Fajitas,Pasta and Beans",2021-02-26,06:48:13,completed,17.39
4958,2418,6,Pork belly buns,2025-06-28,15:38:37,completed,5.16
4959,2661,30,"Linguine with clams,Philadelphia maki,Lasagne",2023-08-21,10:18:41,completed,19.67
4960,980,18,"Cheeseburger,Ebiten maki,Pasta and Beans",2024-03-12,20:55:10,completed,22.11
4961,115,23,"Ebiten maki,Fish and chips",2025-06-28,20:08:35,completed,11.77
4962,1234,10,"Chilli con carne,Salmon nigiri",2022-04-29,08:47:20,completed,14.03
4963,1063,26,"Califlower penne,Pappardelle alla Bolognese,Tiramisù",2024-01-30,06:37:18,completed,17.8
4964,1958,19,"Philadelphia maki,Chicken Fajitas,Pasta and Beans",2022-09-16,22:16:40,completed,20.74
4965,934,28,"Philadelphia maki,Fish and chips,Pizza",2021-08-17,07:59:10,completed,17.83
4966,2381,27,"Ebiten maki,Souvlaki,Cheeseburger",2020-07-03,21:45:13,completed,18.75
4967,1546,26,"Fettuccine Alfredo,Scotch eggs,Pork sausage roll,French fries with sausages,Scotch eggs",2023-08-19,14:28:36,completed,30.91
4968,1839,24,Scotch eggs,2024-04-03,18:46:38,completed,5.31
4969,470,25,Scotch eggs,2022-02-15,10:30:53,completed,7.56
4970,831,29,Caesar Salad,2020-08-05,13:10:16,cancelled,8.2
4971,1268,29,Cheeseburger,2022-03-06,08:16:02,completed,8.76
4972,168,3,"Chicken milanese,Scotch eggs,Chicken wings,Meatballs with sauce,Cheeseburger",2023-05-24,11:21:16,completed,31.83
4973,2633,3,Califlower penne,2022-01-26,16:08:07,completed,4.45
4974,1702,28,"Caesar Salad,Ricotta stuffed Ravioli",2020-08-23,17:30:44,completed,13.0
4975,20,19,"Pizza,Fish and chips",2025-01-09,08:12:16,completed,11.81
4976,1230,28,"Pasta Carbonara,Lasagne,Fish and chips,Pasta and Beans",2023-02-08,16:57:14,completed,25.84
4977,536,18,Linguine with clams,2022-03-11,06:43:07,completed,4.22
4978,620,8,"Meatballs with sauce,Bruschette with Tomato",2021-01-28,09:42:33,completed,15.37
4979,555,30,"Scotch eggs,Pasta Carbonara,Pork belly buns",2025-07-25,19:11:03,pending,20.42
4980,1000,24,Cheeseburger,2021-05-21,19:22:15,completed,6.93
4981,804,5,Tuna sashimi,2020-11-05,09:22:43,completed,7.25
4982,2976,16,Salmon nigiri,2023-10-22,19:02:09,completed,8.24
4983,350,10,"Chicken Fajitas,Chicken Fajitas",2021-10-06,08:45:16,completed,12.47
4984,2440,18,"Linguine with clams,Risotto with seafood,Pasta with Tomato and Basil,Pasta with Tomato and Basil",2020-02-05,19:17:04,completed,29.23
4985,227,27,"Meatballs with sauce,Bruschette with Tomato",2022-09-16,15:20:56,completed,12.71
4986,1593,13,"Meatballs with sauce,Bruschette with Tomato,Barbecue Ribs,Tiramisù",2023-10-08,13:26:24,completed,30.74
4987,2919,30,Caesar Salad,2023-02-02,07:14:21,completed,4.71
4988,1937,13,"Pork belly buns,Chicken wings,Risotto with seafood",2021-12-20,07:19:50,completed,21.91
4989,1371,5,"Caesar Salad,Bruschette with Tomato,Lasagne",2021-05-01,17:25:04,pending,19.41
4990,2385,1,California maki,2021-07-23,06:33:24,completed,4.11
4991,1576,8,"Chilli con carne,French fries with sausages",2023-06-18,11:26:31,completed,15.33
4992,2152,1,Caesar Salad,2022-10-02,09:54:11,completed,7.31
4993,1420,11,"Ricotta stuffed Ravioli,Salmon nigiri",2020-05-17,06:46:55,completed,12.65
4994,1971,5,"Tuna sashimi,Chicken wings",2024-12-13,06:33:22,pending,9.75
4995,2175,24,"Pasta and Beans,Pork sausage roll,Ricotta stuffed Ravioli",2022-08-07,06:37:18,completed,23.79
4996,2819,16,"Lasagne,Risotto with seafood,Pasta with Tomato and Basil,Ricotta stuffed Ravioli",2025-09-12,15:12:25,completed,27.36
4997,153,15,"Mushroom Risotto,Katsu Curry,Tiramisù,Linguine with clams",2021-07-03,14:23:13,completed,31.49
4998,675,5,Pasta with Tomato and Basil,2025-04-12,13:42:08,completed,4.77
4999,569,13,Fish and chips,2024-09-13,08:39:20,completed,4.58
5000,1490,20,Pork belly buns,2020-03-03,11:16:43,completed,8.56
5001,781,28,"Pasta with Tomato and Basil,Salmon nigiri,Caesar Salad",2021-04-01,09:30:15,completed,19.0
5002,493,13,"Katsu Curry,Pasta and Beans",2021-10-14,18:04:49,completed,12.48
5003,2989,30,Pasta with Tomato and Basil,2023-04-18,16:11:56,completed,5.01
5004,1100,24,"Pasta Carbonara,Philadelphia maki",2024-12-20,19:49:36,completed,12.29
5005,2967,25,Chicken Fajitas,2023-02-20,09:51:24,completed,6.56
5006,1455,16,"California maki,Pizza,Tuna sashimi,Chicken Fajitas",2024-07-22,17:01:32,completed,28.44
5007,499,16,"Ricotta stuffed Ravioli,Chicken milanese",2023-09-20,17:09:58,completed,11.23
5008,182,22,"Chicken milanese,Philadelphia maki",2023-03-19,13:29:17,completed,9.68
5009,1115,1,"Linguine with clams,Ebiten maki",2020-12-18,14:38:21,completed,10.96
5010,873,6,Tuna sashimi,2024-02-05,22:07:22,completed,7.92
5011,1157,6,"Barbecue Ribs,Ebiten maki",2023-04-14,09:31:10,pending,10.55
5012,2249,15,"Pasta and Beans,Pasta Carbonara,Caprese Salad,Chicken Fajitas,Fish and chips",2024-02-10,18:09:12,completed,30.33
5013,229,14,"Tiramisù,Tiramisù",2025-02-02,17:34:18,completed,17.3
5014,1966,20,Pasta Carbonara,2021-12-01,07:28:46,completed,8.32
5015,1462,10,"Risotto with seafood,Linguine with clams",2023-03-24,13:52:05,completed,12.12
5016,669,15,"Caprese Salad,Philadelphia maki",2022-08-03,13:13:24,completed,11.76
5017,2643,13,"Chilli con carne,Bruschette with Tomato",2021-01-10,17:35:54,pending,15.48
5018,1756,21,Fish and chips,2020-12-21,18:29:34,completed,5.02
5019,1815,4,Pork belly buns,2022-07-05,16:36:42,completed,8.16
5020,1477,10,Lasagne,2020-11-30,07:19:54,pending,4.72
5021,2704,22,Tuna sashimi,2021-07-14,11:40:49,pending,5.34
5022,1869,22,"Ricotta stuffed Ravioli,Chicken milanese",2025-04-26,09:14:29,completed,15.54
5023,1372,27,Caprese Salad,2023-08-03,09:27:52,completed,8.86
5024,781,29,"Meatballs with sauce,Chicken Fajitas,Fettuccine Alfredo",2020-03-19,10:42:05,completed,19.33
5025,130,3,"Califlower penne,French fries with sausages,Pappardelle alla Bolognese",2020-09-19,08:02:24,completed,18.6
5026,2935,26,"Chicken wings,Chicken Fajitas,Tuna sashimi",2023-07-19,22:18:11,completed,21.03
5027,266,15,"Katsu Curry,Lasagne,French fries with sausages",2024-07-16,21:45:49,completed,19.7
5028,1348,27,"Barbecue Ribs,Pasta with Tomato and Basil",2024-09-21,11:13:30,completed,9.57
5029,1986,17,"Pizza,Pork sausage roll,Mushroom Risotto",2021-06-21,10:59:44,completed,21.21
5030,1207,5,Fish and chips,2025-05-08,17:00:28,completed,6.5
5031,241,12,"Chilli con carne,Lasagne,Fettuccine Alfredo",2020-03-19,11:10:06,completed,16.53
5032,1165,5,"Ricotta stuffed Ravioli,Fettuccine Alfredo,Linguine with clams,Scotch eggs",2022-08-27,09:51:21,completed,26.2
5033,632,24,"Chilli con carne,Chicken wings,Pasta and Beans",2023-07-11,20:09:57,pending,17.67
5034,1360,29,California maki,2024-02-11,06:45:11,completed,7.93
5035,1893,10,Tiramisù,2023-09-26,09:49:05,completed,6.3
5036,2611,9,Souvlaki,2023-06-30,06:59:59,pending,6.95
5037,1232,1,Tiramisù,2022-09-05,11:32:01,pending,5.56
5038,39,4,Salmon nigiri,2022-05-06,08:56:52,pending,8.19
5039,1536,10,"Risotto with seafood,Fish and chips,Bruschette with Tomato",2022-02-08,13:25:28,completed,20.15
5040,623,29,"California maki,Barbecue Ribs",2025-01-06,07:06:35,pending,17.26
5041,413,9,"Tuna sashimi,Souvlaki,Caprese Salad",2021-04-06,10:45:26,completed,15.18
5042,2080,3,"Tiramisù,Califlower penne",2020-05-22,19:18:24,completed,14.49
5043,2838,5,Caprese Salad,2022-09-23,14:33:48,completed,4.34
5044,2184,8,"Salmon nigiri,French fries with sausages",2024-09-13,20:56:58,completed,14.98
5045,2,5,"Linguine with clams,Ricotta stuffed Ravioli,Salmon nigiri",2023-10-25,17:42:03,completed,19.59
5046,1176,28,"Risotto with seafood,Souvlaki,Pizza",2021-03-15,06:50:32,pending,17.6
5047,2345,15,Ricotta stuffed Ravioli,2020-09-03,14:25:04,pending,7.63
5048,1015,17,"Bruschette with Tomato,Chicken Fajitas,Chicken milanese,Pork belly buns,Fettuccine Alfredo",2020-03-13,17:48:09,completed,34.65
5049,443,1,"Risotto with seafood,French fries with sausages,Bruschette with Tomato,Pork sausage roll",2022-12-25,11:45:15,completed,27.13
5050,1910,12,Caprese Salad,2022-02-05,14:46:21,completed,6.66
5051,67,26,"Ricotta stuffed Ravioli,Chicken wings,Tuna sashimi",2020-05-19,15:40:16,completed,16.49
5052,1512,12,French fries with sausages,2021-04-24,12:53:00,completed,5.6
5053,1507,6,Pizza,2021-09-17,09:14:35,completed,6.96
5054,1275,29,"Scotch eggs,Califlower penne,Lasagne",2024-05-30,18:19:28,completed,17.07
5055,1245,14,Cheeseburger,2024-12-27,10:16:58,completed,7.91
5056,2619,11,Pizza,2020-05-04,20:49:00,pending,5.18
5057,53,15,"Scotch eggs,Ebiten maki",2022-01-13,13:00:37,pending,8.51
5058,943,18,Pasta and Beans,2022-08-01,15:33:15,completed,5.61
5059,298,3,Souvlaki,2025-01-24,15:22:11,pending,5.72
5060,1628,11,Pasta Carbonara,2025-02-12,12:04:30,completed,4.11
5061,1216,10,"California maki,Pork belly buns,Fish and chips,Pizza",2021-09-09,08:03:20,completed,20.38
5062,1032,8,Meatballs with sauce,2021-06-30,06:56:33,completed,5.25
5063,1653,15,"Philadelphia maki,California maki,California maki",2025-09-25,06:59:38,cancelled,22.81
5064,2804,4,"Salmon nigiri,Pasta with Tomato and Basil,Pasta and Beans",2025-07-24,22:22:16,pending,18.33
5065,1292,30,"Chicken Fajitas,Meatballs with sauce",2023-11-02,06:04:29,completed,16.35
5066,1718,22,Fettuccine Alfredo,2023-08-19,07:37:30,completed,4.15
5067,2586,28,"Philadelphia maki,Scotch eggs",2021-01-10,19:00:08,completed,17.07
5068,680,11,"Philadelphia maki,Ricotta stuffed Ravioli,Barbecue Ribs",2025-08-31,18:27:39,completed,20.5
5069,811,13,"Fettuccine Alfredo,Ebiten maki",2023-03-22,17:19:24,completed,15.39
5070,1691,21,"Chicken Fajitas,Califlower penne,Pasta and Beans,Pizza",2022-01-02,12:19:25,completed,26.23
5071,1027,19,Salmon nigiri,2023-08-22,07:31:18,completed,4.27
5072,1699,25,Pork belly buns,2020-03-22,10:04:33,completed,6.53
5073,573,12,"Mushroom Risotto,Ebiten maki,Philadelphia maki,Pasta with Tomato and Basil,Philadelphia maki",2023-05-15,19:43:35,completed,32.77
5074,1451,30,Vegetable Soup,2020-01-09,20:08:53,completed,5.12
5075,2817,13,Pasta and Beans,2021-12-25,15:03:10,completed,7.15
5076,2312,10,Souvlaki,2021-01-19,17:34:56,completed,7.94
5077,2965,23,"Vegetable Soup,Chicken wings",2021-01-30,08:44:34,completed,13.3
5078,1509,5,"Souvlaki,Caprese Salad,Pork sausage roll",2023-10-04,06:40:40,pending,17.97
5079,1101,15,Risotto with seafood,2020-03-29,22:06:11,cancelled,7.34
5080,2706,1,Philadelphia maki,2021-05-23,18:19:56,completed,4.12
5081,2201,5,"Meatballs with sauce,Pasta and Beans",2023-09-05,12:51:28,completed,17.26
5082,53,27,Pork sausage roll,2024-08-03,14:45:23,completed,7.45
5083,2998,4,Philadelphia maki,2024-11-03,16:09:25,completed,7.39
5084,402,2,Katsu Curry,2020-06-08,14:04:29,pending,7.73
5085,231,8,Souvlaki,2024-06-08,13:39:29,completed,8.73
5086,470,11,"Scotch eggs,Katsu Curry",2023-03-23,19:25:17,completed,10.69
5087,106,29,Linguine with clams,2020-04-04,11:07:34,completed,4.52
5088,2490,27,Risotto with seafood,2021-10-02,18:57:45,completed,7.81
5089,1063,24,"Cheeseburger,California maki",2023-10-18,10:07:04,completed,13.83
5090,1884,16,Lasagne,2022-02-15,11:45:05,cancelled,7.54
5091,1232,7,Pasta with Tomato and Basil,2020-08-08,20:45:42,completed,6.66
5092,1887,12,"Pappardelle alla Bolognese,Bruschette with Tomato,Pasta Carbonara",2020-06-03,15:47:48,completed,19.29
5093,1565,11,"Salmon nigiri,Chicken milanese",2020-03-08,17:06:23,completed,15.23
5094,1481,3,"Teriyaki Chicken donburi,Lasagne,Cheeseburger",2021-08-15,06:50:59,cancelled,18.18
5095,1485,3,Chilli con carne,2020-01-30,15:29:29,completed,4.96
5096,1409,15,Pasta and Beans,2022-09-08,15:27:42,completed,8.99
5097,1232,14,"Chilli con carne,Pasta with Tomato and Basil,Califlower penne,Cheeseburger",2023-11-06,07:53:59,completed,29.03
5098,1797,10,Bruschette with Tomato,2024-02-22,21:56:56,completed,6.17
5099,93,25,Cheeseburger,2025-03-28,21:12:07,completed,6.01
5100,1290,8,"Mushroom Risotto,Fettuccine Alfredo",2021-08-15,19:38:25,completed,16.76
5101,37,27,Lasagne,2025-06-17,11:03:07,completed,8.8
5102,2572,27,"Meatballs with sauce,Bruschette with Tomato",2024-05-11,21:35:48,cancelled,9.15
5103,2841,29,Tuna sashimi,2020-07-12,12:12:17,completed,6.24
5104,652,10,"Caprese Salad,Meatballs with sauce",2024-11-23,22:29:57,completed,14.32
5105,1620,9,Meatballs with sauce,2020-05-17,11:05:21,completed,8.36
5106,2687,17,Pasta with Tomato and Basil,2024-12-22,14:14:20,pending,5.79
5107,1556,10,Teriyaki Chicken donburi,2021-04-13,16:44:27,completed,5.69
5108,239,24,Ebiten maki,2021-04-03,13:23:15,completed,7.65
5109,2357,25,"Pasta with Tomato and Basil,Linguine with clams,Pasta with Tomato and Basil",2025-06-21,15:22:54,cancelled,22.66
5110,2387,25,Chicken Fajitas,2024-07-04,21:35:44,completed,6.12
5111,2535,27,Barbecue Ribs,2021-02-12,19:43:07,completed,4.17
5112,969,20,"Chicken milanese,Califlower penne,Cheeseburger",2020-12-03,11:08:45,completed,17.55
5113,2247,21,Chilli con carne,2024-12-11,13:38:26,pending,8.76
5114,1543,27,Vegetable Soup,2021-08-18,13:40:04,completed,4.73
5115,2150,8,"Tiramisù,Califlower penne,Fettuccine Alfredo,Lasagne",2022-06-12,21:18:36,completed,31.36
5116,223,3,Chicken Fajitas,2023-06-25,09:19:35,completed,6.99
5117,1029,23,Barbecue Ribs,2020-08-25,08:20:43,completed,8.65
5118,2520,26,Fish and chips,2022-01-22,07:50:35,completed,8.52
5119,1313,28,Philadelphia maki,2024-09-14,07:48:39,pending,6.15
5120,422,12,"Pork belly buns,Scotch eggs,Linguine with clams",2025-03-04,21:29:39,completed,12.54
5121,1383,9,"Tiramisù,Caprese Salad",2020-11-11,10:27:46,completed,11.88
5122,2149,16,Ebiten maki,2020-12-18,09:56:23,completed,4.59
5123,1449,25,Chicken Fajitas,2024-12-26,11:05:43,cancelled,5.87
5124,409,29,"Pork sausage roll,Teriyaki Chicken donburi,Risotto with seafood,Caesar Salad",2020-12-11,10:48:46,completed,23.55
5125,1634,28,Barbecue Ribs,2022-10-31,12:55:13,completed,4.98
5126,2598,28,"Pizza,Barbecue Ribs,Fish and chips,Risotto with seafood,Caesar Salad",2022-04-03,07:49:44,completed,32.06
5127,2610,27,"Tuna sashimi,Barbecue Ribs,Lasagne,French fries with sausages",2024-12-09,15:19:55,completed,27.06
5128,2340,19,"Tuna sashimi,Tuna sashimi",2021-08-12,16:15:31,completed,10.13
5129,815,22,Tiramisù,2023-05-21,10:20:32,completed,8.42
5130,37,19,Ebiten maki,2020-11-16,20:51:18,cancelled,6.3
5131,14,2,"French fries with sausages,Pork belly buns,Ricotta stuffed Ravioli",2021-12-07,19:49:45,pending,16.08
5132,610,15,"Chicken Fajitas,Katsu Curry,Caprese Salad",2020-11-21,16:27:25,completed,19.6
5133,268,2,"Vegetable Soup,Pasta with Tomato and Basil,French fries with sausages,Scotch eggs",2025-04-23,22:07:29,completed,24.81
5134,2629,21,"Risotto with seafood,Fish and chips,California maki,Chicken wings",2020-10-17,20:35:35,completed,24.5
5135,2840,24,"Caesar Salad,Teriyaki Chicken donburi,Tuna sashimi",2025-04-21,11:36:35,pending,16.76
5136,2317,30,Pasta and Beans,2020-08-12,07:41:53,completed,5.08
5137,1001,14,"Ricotta stuffed Ravioli,Katsu Curry,Tiramisù,Vegetable Soup",2021-10-12,07:35:40,completed,24.79
5138,2768,4,"Katsu Curry,Risotto with seafood,California maki",2021-01-05,13:10:03,completed,18.35
5139,1863,29,Souvlaki,2024-06-30,07:07:47,pending,8.19
5140,266,12,"Pasta Carbonara,Pasta with Tomato and Basil,Pasta with Tomato and Basil,Califlower penne",2023-05-19,12:19:38,completed,27.04
5141,1309,23,Chicken Fajitas,2023-10-09,12:06:32,completed,6.88
5142,1293,2,Pizza,2023-12-24,14:11:39,completed,7.84
5143,2189,19,"Risotto with seafood,Ricotta stuffed Ravioli",2020-07-17,19:49:44,completed,13.86
5144,1172,18,Teriyaki Chicken donburi,2025-09-16,21:31:51,completed,7.93
5145,838,30,Pappardelle alla Bolognese,2022-09-15,21:28:26,completed,8.89
5146,114,23,"Chilli con carne,Risotto with seafood,Fish and chips,Caesar Salad",2023-06-28,06:33:05,completed,24.15
5147,1939,30,Califlower penne,2021-11-14,19:49:36,completed,7.47
5148,1472,24,Ebiten maki,2024-05-27,09:10:22,completed,6.41
5149,276,19,Tiramisù,2022-03-20,09:56:59,completed,5.17
5150,2577,21,"Pasta and Beans,Caesar Salad,Salmon nigiri,Meatballs with sauce",2023-05-18,09:18:46,pending,29.72
5151,2922,25,"Pappardelle alla Bolognese,Pasta Carbonara,Souvlaki",2020-02-19,19:58:31,pending,23.23
5152,1367,27,Meatballs with sauce,2021-03-14,13:41:50,completed,8.16
5153,2434,25,French fries with sausages,2020-03-15,09:12:31,completed,6.98
5154,2841,1,"Mushroom Risotto,Bruschette with Tomato,Meatballs with sauce,Ricotta stuffed Ravioli,Pappardelle alla Bolognese",2025-02-07,19:55:56,completed,29.95
5155,277,27,Cheeseburger,2022-10-13,10:25:06,completed,4.7
5156,2152,13,Pasta Carbonara,2020-06-10,12:20:32,completed,5.94
5157,2833,11,Pasta Carbonara,2024-02-15,16:36:58,completed,8.78
5158,1823,8,French fries with sausages,2025-08-05,15:55:44,completed,5.72
5159,1325,6,Chicken Fajitas,2023-01-17,18:42:45,completed,7.41
5160,2919,3,"Pasta and Beans,Pork sausage roll,Salmon nigiri",2023-04-10,06:32:17,completed,25.34
5161,72,15,"Pasta with Tomato and Basil,Lasagne",2021-04-14,19:08:34,completed,12.91
5162,2971,5,"Ebiten maki,Meatballs with sauce,Pasta and Beans",2023-04-21,09:48:57,completed,16.96
5163,841,12,Fettuccine Alfredo,2021-05-28,06:18:36,completed,7.98
5164,92,29,Tuna sashimi,2023-03-02,19:59:47,pending,8.37
5165,863,8,Fettuccine Alfredo,2022-08-07,13:47:17,completed,5.47
5166,485,11,"Vegetable Soup,Ebiten maki,Pizza",2020-10-14,13:58:09,completed,24.49
5167,498,9,Vegetable Soup,2020-10-30,08:19:55,completed,4.29
5168,660,11,"Pork sausage roll,Pappardelle alla Bolognese",2020-11-25,22:03:42,completed,12.51
5169,919,19,Bruschette with Tomato,2023-10-01,16:11:36,pending,7.72
5170,878,4,Chicken Fajitas,2023-04-30,21:47:13,completed,5.93
5171,378,22,"Pork belly buns,Pork sausage roll",2020-09-03,20:56:08,pending,12.11
5172,2672,28,"Mushroom Risotto,California maki",2020-03-12,18:38:45,completed,12.48
5173,2788,21,"Pork belly buns,Cheeseburger",2023-11-21,06:04:06,completed,10.48
5174,1077,13,"Pasta with Tomato and Basil,Chilli con carne,Caprese Salad,Chicken Fajitas",2020-11-28,17:35:20,completed,28.41
5175,237,24,"Linguine with clams,Pizza",2022-09-09,19:33:13,pending,13.87
5176,13,28,"Chicken Fajitas,Souvlaki,Linguine with clams,Califlower penne,Meatballs with sauce",2021-11-11,08:09:08,completed,33.08
5177,971,19,"Chicken milanese,Cheeseburger",2021-11-13,06:41:15,completed,15.2
5178,2948,8,"Fish and chips,Chicken Fajitas",2024-09-08,19:32:38,completed,13.4
5179,1310,12,"Meatballs with sauce,California maki,Caprese Salad,Risotto with seafood",2020-05-18,08:26:26,completed,27.39
5180,1463,14,French fries with sausages,2024-09-04,08:17:51,completed,8.22
5181,2967,9,Meatballs with sauce,2020-11-28,17:42:31,completed,5.61
5182,175,5,Teriyaki Chicken donburi,2024-02-16,10:42:39,completed,6.75
5183,134,20,Vegetable Soup,2024-01-20,22:37:27,completed,5.22
5184,1631,4,"Califlower penne,Califlower penne,Pappardelle alla Bolognese",2020-10-02,14:57:32,pending,20.87
5185,2913,25,"Philadelphia maki,Chicken milanese",2020-04-02,21:51:08,completed,13.75
5186,705,11,"Chicken wings,Pasta with Tomato and Basil",2023-12-02,18:17:58,cancelled,10.04
5187,1558,10,"Teriyaki Chicken donburi,Pizza,Teriyaki Chicken donburi,California maki",2024-01-27,06:49:08,pending,30.37
5188,1708,2,"Chicken milanese,Pork sausage roll",2020-04-20,19:26:33,completed,11.49
5189,269,14,Fettuccine Alfredo,2023-02-06,09:42:01,completed,5.88
5190,111,6,Caesar Salad,2023-09-02,10:17:21,completed,5.22
5191,1080,28,"Fish and chips,Fish and chips,Meatballs with sauce,Fish and chips",2024-08-11,22:35:13,completed,26.94
5192,1908,25,California maki,2022-03-26,11:11:58,completed,7.24
5193,1987,12,"Mushroom Risotto,Pasta Carbonara",2021-12-09,08:32:00,completed,12.94
5194,687,13,Pasta and Beans,2020-03-11,20:13:17,completed,5.2
5195,1217,25,"Ricotta stuffed Ravioli,Tuna sashimi",2024-08-26,08:26:24,completed,12.92
5196,296,26,"California maki,Lasagne,Pasta with Tomato and Basil",2020-01-26,16:10:11,completed,18.82
5197,1963,13,"Philadelphia maki,Caprese Salad",2022-09-01,15:53:34,completed,10.73
5198,1710,29,Barbecue Ribs,2021-05-26,21:39:17,completed,6.0
5199,157,8,"Vegetable Soup,Chicken milanese,Pasta Carbonara,Tuna sashimi",2023-01-18,21:40:03,completed,28.04
5200,2536,4,Caesar Salad,2020-05-27,07:34:01,completed,5.98
5201,2016,10,Ebiten maki,2021-11-30,19:04:24,completed,7.98
5202,244,3,"Barbecue Ribs,Lasagne",2023-11-09,16:58:18,completed,12.95
5203,2428,3,"Pasta with Tomato and Basil,Caesar Salad",2025-01-19,16:09:48,completed,16.19
5204,2125,27,Scotch eggs,2021-03-03,20:41:00,pending,4.1
5205,76,2,"Salmon nigiri,Chicken Fajitas,Souvlaki",2023-11-11,15:17:12,completed,22.79
5206,133,11,California maki,2020-09-10,08:13:47,completed,5.25
5207,2916,23,Salmon nigiri,2023-08-17,14:32:30,completed,7.98
5208,235,21,"Ricotta stuffed Ravioli,Caprese Salad",2025-07-22,12:52:35,completed,15.64
5209,299,17,Risotto with seafood,2025-01-08,12:06:43,completed,5.77
5210,1723,5,"Chicken milanese,Chilli con carne,Pork belly buns",2020-02-14,07:17:03,completed,20.94
5211,2590,7,"Pasta Carbonara,Souvlaki",2021-02-07,06:10:02,completed,16.24
5212,449,24,"Souvlaki,Vegetable Soup",2023-10-20,07:13:42,completed,15.63
5213,2455,2,Pizza,2021-05-30,06:10:14,pending,5.06
5214,1261,16,"Salmon nigiri,Souvlaki",2024-10-20,20:15:55,completed,11.37
5215,1268,30,"Risotto with seafood,Salmon nigiri,Pork sausage roll",2021-02-25,08:00:20,cancelled,15.31
5216,1071,4,Caprese Salad,2024-11-17,11:34:14,pending,4.55
5217,1074,22,"Tuna sashimi,Ebiten maki,Ebiten maki,Katsu Curry",2024-11-04,20:55:15,pending,25.53
5218,2755,23,Lasagne,2022-10-30,13:56:48,completed,8.45
5219,667,5,"Pasta with Tomato and Basil,Califlower penne,Cheeseburger,Tuna sashimi,Pasta and Beans",2021-10-13,16:26:44,completed,30.74
5220,870,29,Chilli con carne,2024-11-04,21:04:34,completed,4.64
5221,2712,27,Tuna sashimi,2024-09-20,12:59:25,completed,6.58
5222,2318,6,Ebiten maki,2022-12-31,20:28:43,completed,7.12
5223,1000,14,Chicken wings,2024-07-27,09:02:18,completed,5.71
5224,1429,3,"Caesar Salad,Pork sausage roll,Bruschette with Tomato",2021-08-17,11:33:44,completed,18.59
5225,764,30,Katsu Curry,2025-02-19,11:54:07,completed,6.64
5226,798,18,"Vegetable Soup,Chicken wings,California maki",2021-06-07,15:43:38,completed,18.27
5227,2541,27,Bruschette with Tomato,2020-10-25,21:09:55,completed,5.74
5228,2734,30,Chilli con carne,2025-05-07,18:29:20,completed,8.18
5229,1862,28,"Mushroom Risotto,Cheeseburger",2020-04-11,11:29:26,pending,11.62
5230,1050,8,Tiramisù,2023-11-20,11:47:07,completed,8.01
5231,1310,11,"French fries with sausages,Mushroom Risotto,Caesar Salad",2022-12-20,10:53:12,completed,20.17
5232,2741,28,"Pasta and Beans,Chicken wings,Scotch eggs",2022-07-31,21:57:06,completed,20.79
5233,1827,17,"Scotch eggs,Caesar Salad,Vegetable Soup,Philadelphia maki,Tuna sashimi",2020-01-04,21:53:31,completed,29.25
5234,105,21,Fettuccine Alfredo,2022-12-21,06:37:56,completed,8.23
5235,1491,24,Pork belly buns,2021-09-08,16:43:22,completed,4.82
5236,1355,4,Fettuccine Alfredo,2025-04-21,20:19:10,completed,4.27
5237,2969,2,"Fettuccine Alfredo,Pork sausage roll,Pizza,Pasta with Tomato and Basil",2021-08-11,20:42:19,pending,32.95
5238,1203,10,Fish and chips,2020-01-09,21:33:33,completed,8.04
5239,2648,13,Pasta Carbonara,2024-03-03,09:50:03,pending,5.19
5240,274,10,"Pasta Carbonara,Tiramisù",2021-04-02,20:26:18,completed,11.87
5241,2942,10,Meatballs with sauce,2022-04-22,09:42:35,completed,7.59
5242,2050,16,Mushroom Risotto,2025-05-14,10:08:45,completed,8.58
5243,782,18,Caprese Salad,2023-02-10,09:31:16,completed,4.05
5244,2634,15,Pasta and Beans,2020-11-25,12:05:40,completed,5.2
5245,1765,17,"Ricotta stuffed Ravioli,Souvlaki",2021-01-05,16:21:43,cancelled,11.71
5246,1453,23,"Fettuccine Alfredo,Teriyaki Chicken donburi,Chilli con carne,Teriyaki Chicken donburi,Pork sausage roll",2020-02-24,11:21:25,pending,33.58
5247,2085,28,"Philadelphia maki,Fettuccine Alfredo",2021-10-26,08:28:10,pending,17.5
5248,463,20,"Scotch eggs,Pork sausage roll",2025-05-09,07:35:54,pending,14.09
5249,2449,10,Chilli con carne,2025-01-26,10:15:45,completed,8.45
5250,1551,25,"Chicken milanese,Caprese Salad",2022-08-30,18:54:29,completed,11.43
5251,1264,25,"Chilli con carne,Ebiten maki,Linguine with clams",2024-03-31,17:41:42,completed,15.89
5252,2880,20,Meatballs with sauce,2020-11-08,16:40:30,completed,4.27
5253,2027,10,"Ebiten maki,California maki,Barbecue Ribs",2020-10-24,12:55:23,completed,16.31
5254,1356,20,Tuna sashimi,2023-01-23,15:18:44,completed,7.95
5255,29,27,Cheeseburger,2020-07-02,07:55:23,completed,8.02
5256,2234,20,Ricotta stuffed Ravioli,2023-12-28,20:14:26,completed,8.61
5257,1095,25,"Ricotta stuffed Ravioli,Fettuccine Alfredo,Cheeseburger",2023-10-04,09:56:48,completed,16.25
5258,1331,22,"Pasta Carbonara,Pork sausage roll",2022-12-27,17:17:12,completed,12.62
5259,2718,10,Scotch eggs,2021-06-21,16:46:30,completed,5.24
5260,2489,18,Philadelphia maki,2023-11-29,08:18:00,pending,7.92
5261,822,5,"Meatballs with sauce,Philadelphia maki,Salmon nigiri,Chicken milanese",2021-11-13,08:57:15,completed,28.92
5262,1031,11,"Ricotta stuffed Ravioli,Tuna sashimi",2022-04-26,16:27:59,pending,15.0
5263,2503,18,Bruschette with Tomato,2021-11-22,14:46:34,completed,7.63
5264,2016,12,"California maki,Califlower penne,Vegetable Soup",2023-12-25,19:45:28,cancelled,14.38
5265,925,20,Scotch eggs,2022-08-02,09:14:30,completed,7.24
5266,492,15,"Ricotta stuffed Ravioli,Philadelphia maki,Ricotta stuffed Ravioli",2021-03-08,11:57:47,completed,20.57
5267,2010,9,"Ricotta stuffed Ravioli,Vegetable Soup,Fettuccine Alfredo",2025-06-28,20:56:29,completed,22.53
5268,2939,2,Pappardelle alla Bolognese,2021-12-06,12:11:20,completed,4.39
5269,64,15,Ricotta stuffed Ravioli,2025-07-16,14:59:02,completed,6.86
5270,741,17,"Linguine with clams,Pizza,Chicken milanese",2024-12-19,21:26:35,cancelled,15.33
5271,2942,29,"Lasagne,Cheeseburger,Salmon nigiri",2020-07-30,07:02:56,completed,20.2
5272,923,2,Caprese Salad,2025-09-03,08:02:33,completed,5.99
5273,2081,24,"Cheeseburger,Tuna sashimi,Chicken milanese",2021-12-30,10:23:19,completed,22.19
5274,2960,6,"Linguine with clams,Pork sausage roll,Chicken wings,Katsu Curry",2024-01-24,20:32:48,completed,21.39
5275,2190,8,Mushroom Risotto,2025-03-21,09:28:52,completed,4.34
5276,92,3,Philadelphia maki,2021-06-16,06:19:10,completed,8.32
5277,2949,29,"Califlower penne,Philadelphia maki,Souvlaki,Vegetable Soup",2021-10-11,08:55:37,pending,18.48
5278,1254,6,Ricotta stuffed Ravioli,2024-12-16,07:48:40,completed,8.92
5279,796,3,Ebiten maki,2025-07-24,13:58:43,completed,8.92
5280,522,22,Pizza,2021-05-09,07:58:11,completed,8.6
5281,2563,17,"Mushroom Risotto,Souvlaki",2020-09-26,17:17:32,completed,9.94
5282,2259,8,Pork sausage roll,2025-01-06,14:54:02,pending,7.72
5283,2113,26,"Philadelphia maki,Pizza,Pasta Carbonara",2023-03-20,07:39:21,completed,19.93
5284,2058,6,Pappardelle alla Bolognese,2022-12-08,14:21:52,pending,7.04
5285,1281,18,Souvlaki,2024-06-26,07:35:14,cancelled,4.31
5286,960,15,"Pasta with Tomato and Basil,Chicken wings,Barbecue Ribs,Tuna sashimi,Pappardelle alla Bolognese",2023-11-24,13:53:11,cancelled,34.63
5287,1024,4,French fries with sausages,2025-02-04,06:09:57,completed,8.16
5288,482,16,"Philadelphia maki,Ricotta stuffed Ravioli,Tuna sashimi,Lasagne,Souvlaki",2024-07-18,17:03:33,completed,40.12
5289,501,19,"Ricotta stuffed Ravioli,Bruschette with Tomato,Scotch eggs",2023-08-08,07:54:48,pending,19.86
5290,1070,16,Risotto with seafood,2023-06-03,07:35:02,completed,8.24
5291,1650,3,Bruschette with Tomato,2021-08-08,12:04:52,cancelled,7.61
5292,1407,10,"Chicken wings,Linguine with clams,Salmon nigiri,California maki",2022-10-06,08:10:03,completed,18.89
5293,1802,3,"Barbecue Ribs,Salmon nigiri",2023-07-01,16:17:00,completed,12.06
5294,1691,23,"Ebiten maki,Mushroom Risotto,Caesar Salad",2023-05-07,09:59:28,completed,20.66
5295,200,9,Ricotta stuffed Ravioli,2020-04-18,10:21:45,completed,8.06
5296,2869,25,Cheeseburger,2025-04-18,12:38:06,completed,8.02
5297,2722,16,"Pork belly buns,Pork belly buns,Pasta with Tomato and Basil",2025-02-13,19:18:38,completed,16.26
5298,890,12,"Califlower penne,Philadelphia maki",2021-09-04,16:18:06,completed,13.92
5299,2598,13,Lasagne,2025-04-18,16:12:29,completed,5.5
5300,1236,10,"Pasta Carbonara,Ricotta stuffed Ravioli,Pizza,Caesar Salad",2020-08-09,18:04:03,completed,26.85
5301,2261,15,Risotto with seafood,2020-10-13,17:57:20,completed,7.95
5302,332,11,"Pasta with Tomato and Basil,French fries with sausages",2025-02-22,21:23:01,pending,14.88
5303,2586,29,Chicken wings,2023-06-24,12:44:12,completed,4.05
5304,1049,26,Chicken Fajitas,2023-08-24,22:06:22,cancelled,4.43
5305,794,4,Lasagne,2022-06-20,13:29:02,completed,8.41
5306,1176,1,"Fettuccine Alfredo,Cheeseburger",2021-10-19,19:35:46,completed,17.05
5307,930,4,Caprese Salad,2021-01-04,17:48:44,completed,4.76
5308,1148,7,Linguine with clams,2023-12-15,07:27:32,completed,7.24
5309,2440,11,Califlower penne,2020-01-27,06:00:50,pending,7.48
5310,136,5,Pasta Carbonara,2022-11-12,07:56:54,completed,4.64
5311,1437,5,Mushroom Risotto,2020-07-23,22:50:53,pending,6.46
5312,2447,6,"Fish and chips,Katsu Curry,Linguine with clams,Chicken milanese",2022-02-06,11:45:33,completed,25.21
5313,660,25,"Pizza,Pappardelle alla Bolognese,Salmon nigiri",2021-11-30,16:52:59,completed,19.36
5314,492,18,Risotto with seafood,2021-04-17,11:00:17,pending,6.69
5315,755,1,"Chilli con carne,Barbecue Ribs,California maki",2020-05-17,18:52:49,completed,20.11
5316,2887,23,"Cheeseburger,Bruschette with Tomato,French fries with sausages",2020-05-06,21:49:57,completed,20.3
5317,774,23,Fish and chips,2023-06-12,16:38:22,completed,8.44
5318,1120,5,"Linguine with clams,Caesar Salad",2023-01-29,19:56:02,completed,13.7
5319,2622,4,"Chicken wings,Chilli con carne,Salmon nigiri",2023-03-05,18:51:58,completed,19.22
5320,2568,1,"Fettuccine Alfredo,Linguine with clams,Pork belly buns,Caprese Salad",2020-10-17,22:24:20,completed,24.09
5321,694,1,Tiramisù,2025-02-24,07:39:37,pending,6.36
5322,1478,19,"Souvlaki,Bruschette with Tomato",2021-04-04,07:20:21,completed,13.2
5323,968,5,"Barbecue Ribs,French fries with sausages,Philadelphia maki",2020-10-10,13:26:46,completed,19.12
5324,422,14,"Scotch eggs,Pasta with Tomato and Basil",2020-08-28,11:36:04,completed,13.69
5325,1892,18,Caesar Salad,2023-08-02,10:32:14,pending,6.74
5326,1891,23,"Teriyaki Chicken donburi,Bruschette with Tomato,Ricotta stuffed Ravioli",2020-05-06,18:14:00,completed,18.94
5327,1712,10,"Mushroom Risotto,Ebiten maki,Salmon nigiri",2023-10-29,07:35:04,completed,22.96
5328,1549,11,"Lasagne,Tiramisù,Tuna sashimi",2021-02-03,09:44:46,completed,22.0
5329,386,9,"Tuna sashimi,Lasagne",2023-07-31,16:06:58,completed,9.27
5330,2749,6,"Teriyaki Chicken donburi,Scotch eggs,Meatballs with sauce",2025-08-02,22:21:31,completed,22.27
5331,1529,16,Caesar Salad,2023-06-20,12:30:42,cancelled,4.28
5332,272,11,"Pasta and Beans,Vegetable Soup",2024-04-01,07:13:51,completed,11.83
5333,833,29,"Risotto with seafood,Katsu Curry,Teriyaki Chicken donburi,Fish and chips,Tiramisù",2020-12-06,12:56:24,completed,38.44
5334,284,15,Pork sausage roll,2023-08-04,10:42:54,completed,8.51
5335,1115,18,"Pizza,French fries with sausages,Ricotta stuffed Ravioli",2021-10-26,17:49:09,completed,22.9
5336,1003,21,"Fish and chips,Risotto with seafood",2023-10-06,10:32:29,completed,15.03
5337,667,17,Tuna sashimi,2022-03-20,20:01:31,pending,7.03
5338,1029,24,"Fish and chips,Scotch eggs,Tiramisù",2020-06-09,07:11:09,cancelled,15.92
5339,1618,19,Chicken milanese,2021-07-13,09:56:26,completed,5.89
5340,1798,9,"Barbecue Ribs,Pasta with Tomato and Basil,Fettuccine Alfredo,Barbecue Ribs,Mushroom Risotto",2020-12-26,06:19:21,completed,38.26
5341,1146,5,"Fettuccine Alfredo,Pasta and Beans,Caprese Salad,Cheeseburger,Lasagne",2024-08-28,12:41:55,completed,34.31
5342,1318,15,Chicken wings,2020-01-22,11:12:45,completed,4.12
5343,2194,6,"Philadelphia maki,Chilli con carne,Pasta and Beans,Philadelphia maki",2020-03-09,20:16:19,completed,23.64
5344,1741,4,"Pork sausage roll,Philadelphia maki",2023-07-26,16:56:34,completed,13.51
5345,1232,25,"Ebiten maki,Chilli con carne",2024-09-30,08:52:27,completed,9.65
5346,2449,9,Califlower penne,2021-08-08,10:47:19,completed,6.27
5347,1564,22,"Pappardelle alla Bolognese,Pork sausage roll",2021-11-15,22:34:36,completed,12.13
5348,576,1,Barbecue Ribs,2023-04-19,08:18:19,completed,5.68
5349,55,5,"Pizza,Ebiten maki",2021-07-09,13:45:24,completed,15.75
5350,2191,28,Ricotta stuffed Ravioli,2021-01-18,10:00:19,completed,4.41
5351,946,24,Linguine with clams,2020-01-05,07:00:17,completed,5.17
5352,2324,18,"Caesar Salad,Risotto with seafood,Pasta and Beans,Pappardelle alla Bolognese,Philadelphia maki",2021-12-24,08:19:34,completed,31.25
5353,1714,24,Ebiten maki,2023-03-27,17:39:52,pending,4.69
5354,1736,20,"Chicken wings,Pasta Carbonara,California maki,Mushroom Risotto",2021-06-16,17:49:40,completed,23.33
5355,2383,19,"Linguine with clams,Pasta with Tomato and Basil,Cheeseburger,Katsu Curry",2022-11-07,13:28:25,completed,26.25
5356,1694,15,Chicken milanese,2020-02-17,15:52:28,pending,7.75
5357,273,4,"French fries with sausages,Chicken milanese",2022-10-14,13:37:00,completed,14.32
5358,2876,16,"Katsu Curry,Ricotta stuffed Ravioli,Lasagne",2025-06-19,17:37:54,completed,18.34
5359,59,26,Bruschette with Tomato,2025-02-19,12:53:13,completed,8.15
5360,189,5,"Mushroom Risotto,Meatballs with sauce,Tuna sashimi,Ricotta stuffed Ravioli,Chicken Fajitas",2020-10-06,15:43:28,completed,26.57
5361,2372,16,Pizza,2024-05-11,08:33:12,completed,8.46
5362,1609,11,"Pasta Carbonara,Pasta and Beans,Pizza,Caprese Salad,Pork belly buns",2022-11-02,13:39:18,completed,35.29
5363,895,1,Tuna sashimi,2024-01-28,13:26:58,completed,8.55
5364,1826,24,"Salmon nigiri,Meatballs with sauce,Lasagne,Ebiten maki,Ricotta stuffed Ravioli",2021-05-17,12:17:09,completed,35.58
5365,1863,4,Linguine with clams,2020-10-28,10:31:15,completed,7.56
5366,998,17,"Chicken Fajitas,Risotto with seafood,Ebiten maki,Chicken Fajitas,Pork sausage roll",2023-01-29,09:59:46,completed,29.77
5367,342,5,Pork belly buns,2022-01-21,15:49:04,completed,5.83
5368,2572,7,Caesar Salad,2020-12-22,09:02:59,pending,5.95
5369,2500,3,"Lasagne,California maki,Pork sausage roll,Califlower penne",2021-07-14,13:50:34,completed,27.23
5370,2596,28,"Souvlaki,Pasta Carbonara",2024-11-26,21:08:55,completed,14.85
5371,314,19,Bruschette with Tomato,2021-05-31,15:49:38,completed,5.82
5372,1504,18,"Tiramisù,Califlower penne",2023-03-11,18:09:36,completed,12.5
5373,1088,23,Cheeseburger,2023-05-08,10:24:27,completed,6.61
5374,2901,4,Caprese Salad,2022-04-04,11:51:03,completed,5.95
5375,2349,19,Lasagne,2023-06-14,09:35:04,pending,6.97
5376,2647,3,"Chicken wings,Katsu Curry,Fettuccine Alfredo",2024-01-25,08:24:28,completed,19.71
5377,1650,8,Bruschette with Tomato,2023-04-01,19:33:45,completed,7.18
5378,1996,17,Barbecue Ribs,2020-11-14,15:04:52,completed,5.2
5379,2560,3,Scotch eggs,2022-06-11,22:19:55,completed,5.85
5380,1139,18,Fish and chips,2025-08-21,07:42:29,completed,6.72
5381,359,19,Cheeseburger,2024-11-02,08:46:44,completed,7.66
5382,170,22,Salmon nigiri,2024-05-14,18:35:27,completed,8.07
5383,2833,2,"Pizza,Fettuccine Alfredo",2021-06-20,08:41:43,completed,11.53
5384,2338,7,Tiramisù,2020-07-03,07:37:59,completed,4.38
5385,1025,15,"Pasta and Beans,Pizza,Vegetable Soup",2022-07-22,07:13:48,pending,21.49
5386,650,2,"Tuna sashimi,Pappardelle alla Bolognese,Vegetable Soup,Pasta with Tomato and Basil",2021-08-28,15:01:33,pending,30.2
5387,1473,18,"Pasta with Tomato and Basil,Risotto with seafood",2020-06-25,10:07:11,completed,8.49
5388,1206,21,"Meatballs with sauce,Tuna sashimi,Souvlaki,Tiramisù",2021-07-06,09:44:27,pending,27.47
5389,1088,15,"Teriyaki Chicken donburi,Souvlaki,Pasta and Beans,Pasta Carbonara,Cheeseburger",2023-05-13,06:53:46,completed,32.45
5390,1937,21,"Bruschette with Tomato,Philadelphia maki",2020-09-15,22:21:04,completed,15.06
5391,1325,27,"Ebiten maki,French fries with sausages,Chicken milanese,Barbecue Ribs",2025-04-09,21:16:44,completed,24.97
5392,367,12,"Vegetable Soup,Chicken milanese,Pork sausage roll,Chilli con carne",2024-04-27,06:46:03,completed,25.68
5393,1073,28,Califlower penne,2020-05-04,09:35:16,completed,6.23
5394,1077,12,Salmon nigiri,2021-09-25,22:06:37,completed,4.5
5395,2455,5,"Bruschette with Tomato,Pasta Carbonara",2021-06-25,18:59:34,completed,12.85
5396,1662,27,Chilli con carne,2023-06-30,14:41:44,completed,4.88
5397,2426,16,"Ebiten maki,Califlower penne,Cheeseburger,Bruschette with Tomato,Souvlaki",2024-08-30,22:40:49,cancelled,28.78
5398,6,19,Risotto with seafood,2023-10-21,22:15:54,completed,5.15
5399,561,7,"Barbecue Ribs,Chicken wings,Pasta Carbonara,Linguine with clams",2024-05-31,06:01:05,pending,28.99
5400,1537,27,Chicken Fajitas,2021-01-23,08:56:10,completed,6.95
5401,472,26,Califlower penne,2022-08-20,11:53:18,completed,8.92
5402,1040,29,Chicken milanese,2025-03-17,11:15:19,pending,7.33
5403,873,20,Pizza,2020-10-01,08:35:26,completed,6.03
5404,865,16,"Ebiten maki,Pork sausage roll,Meatballs with sauce,Chilli con carne,Ricotta stuffed Ravioli",2022-02-28,22:00:55,completed,27.29
5405,1440,12,"Linguine with clams,Caesar Salad,Pasta Carbonara,Lasagne,Ebiten maki",2020-05-15,11:05:29,completed,33.08
5406,2483,27,"Teriyaki Chicken donburi,Chicken Fajitas",2024-07-04,11:11:36,completed,10.99
5407,203,6,Risotto with seafood,2020-10-07,18:18:34,completed,8.5
5408,2959,26,"Chicken Fajitas,Risotto with seafood,Pork belly buns",2022-07-13,20:21:41,completed,19.97
5409,412,13,"Risotto with seafood,Meatballs with sauce",2021-04-12,10:09:55,completed,12.37
5410,17,25,Chicken Fajitas,2025-01-02,22:04:57,completed,5.76
5411,2816,14,Ricotta stuffed Ravioli,2022-11-23,16:43:20,completed,6.83
5412,2362,2,"Cheeseburger,Chicken wings,Ricotta stuffed Ravioli,Vegetable Soup,Linguine with clams",2021-10-31,06:16:04,pending,35.03
5413,1448,22,Pizza,2025-06-26,09:47:07,pending,5.37
5414,675,17,Pork belly buns,2024-11-27,06:58:10,completed,4.51
5415,1298,29,Ricotta stuffed Ravioli,2020-05-15,11:01:03,completed,4.99
5416,2462,1,"Scotch eggs,Ebiten maki,Pasta with Tomato and Basil",2024-10-24,07:56:57,completed,17.94
5417,709,27,Pork belly buns,2023-04-03,14:24:01,completed,5.33
5418,63,4,Meatballs with sauce,2023-05-14,10:04:24,completed,8.14
5419,1730,1,"Mushroom Risotto,Philadelphia maki",2024-03-16,22:29:48,completed,13.95
5420,2280,30,Chicken wings,2020-03-12,11:19:52,completed,8.34
5421,1983,13,"Pork belly buns,Ebiten maki,Salmon nigiri,Caesar Salad,Chicken milanese",2021-12-06,13:08:20,pending,33.24
5422,1538,23,Linguine with clams,2021-10-14,19:36:26,completed,4.05
5423,672,20,"Mushroom Risotto,Katsu Curry,Pasta and Beans",2024-12-20,09:30:49,completed,21.94
5424,448,2,"Chicken Fajitas,Tuna sashimi,Pork belly buns,Mushroom Risotto",2024-09-27,09:24:09,pending,25.7
5425,231,21,"Barbecue Ribs,Ebiten maki,Risotto with seafood",2023-06-07,21:40:16,completed,16.44
5426,2582,6,"Lasagne,California maki,Pasta and Beans,Meatballs with sauce",2020-01-23,20:59:20,completed,24.5
5427,735,2,"Meatballs with sauce,Bruschette with Tomato,Caprese Salad,Chicken wings,Chilli con carne",2021-06-17,08:25:08,completed,37.81
5428,1478,11,"Scotch eggs,Ricotta stuffed Ravioli",2021-01-18,12:31:14,cancelled,14.3
5429,222,24,"California maki,Tuna sashimi,Califlower penne,Salmon nigiri",2020-06-17,22:43:26,completed,27.25
5430,2729,1,"Caesar Salad,Pasta with Tomato and Basil",2021-10-16,17:01:27,completed,12.2
5431,1300,11,Ricotta stuffed Ravioli,2022-02-28,20:39:48,completed,6.54
5432,2611,23,"Salmon nigiri,California maki,Cheeseburger",2024-08-29,14:46:54,completed,20.78
5433,624,12,"Pasta Carbonara,Pork belly buns,Pasta with Tomato and Basil,Caesar Salad",2022-11-28,20:18:54,pending,22.96
5434,792,8,"French fries with sausages,Chicken wings",2025-06-12,19:49:57,completed,15.36
5435,1680,29,"Barbecue Ribs,Mushroom Risotto,Barbecue Ribs,Pizza",2024-08-27,19:27:18,pending,26.8
5436,2128,28,Pizza,2022-09-28,15:44:45,pending,4.01
5437,573,3,"Salmon nigiri,Tuna sashimi",2024-03-22,18:13:05,completed,13.18
5438,124,3,"Ebiten maki,Vegetable Soup,Philadelphia maki,Bruschette with Tomato",2022-06-07,18:55:55,completed,30.86
5439,2651,9,"Risotto with seafood,Chicken Fajitas",2021-09-24,18:52:50,completed,15.7
5440,2072,11,"Pork sausage roll,Pasta with Tomato and Basil",2022-07-09,11:00:30,completed,12.13
5441,2279,20,"Katsu Curry,Bruschette with Tomato,Katsu Curry,Meatballs with sauce,Pappardelle alla Bolognese",2022-12-10,06:47:11,completed,35.97
5442,1058,8,Pork belly buns,2025-09-05,10:58:28,completed,8.21
5443,1899,22,"Linguine with clams,Pizza,Caprese Salad",2022-02-04,09:42:01,completed,20.74
5444,380,14,"Katsu Curry,Fettuccine Alfredo",2025-07-21,06:21:29,completed,12.72
5445,1391,22,"Ebiten maki,Pizza,Pasta and Beans,Chilli con carne,Caesar Salad",2025-04-16,20:48:24,completed,34.83
5446,891,11,Risotto with seafood,2025-02-25,12:06:57,completed,5.36
5447,2474,17,Califlower penne,2024-07-16,16:30:11,cancelled,8.33
5448,1779,11,Philadelphia maki,2024-06-10,19:03:06,completed,5.57
5449,625,16,Teriyaki Chicken donburi,2023-02-13,10:34:11,pending,4.61
5450,952,4,"Fettuccine Alfredo,Souvlaki,Teriyaki Chicken donburi",2025-07-07,10:35:31,completed,24.77
5451,441,2,Pork sausage roll,2023-01-30,09:34:20,completed,5.14
5452,2861,20,"Fish and chips,Meatballs with sauce,Katsu Curry,Lasagne",2024-03-17,11:44:14,pending,24.5
5453,77,19,Pork belly buns,2020-06-24,17:11:22,completed,5.62
5454,1246,19,"Scotch eggs,Barbecue Ribs,Bruschette with Tomato",2020-07-25,17:30:44,completed,19.7
5455,1879,14,"Vegetable Soup,Fish and chips,Salmon nigiri,Lasagne",2022-11-06,06:31:35,completed,28.31
5456,1907,5,Caprese Salad,2025-05-15,19:22:20,pending,8.54
5457,668,28,Mushroom Risotto,2022-07-16,11:07:51,completed,4.52
5458,1991,13,Pizza,2022-02-11,17:45:57,completed,5.93
5459,764,23,Meatballs with sauce,2024-12-13,22:01:42,completed,6.51
5460,2882,24,Cheeseburger,2023-12-12,20:01:29,pending,4.11
5461,2425,22,"Chicken milanese,Pasta with Tomato and Basil,Pizza",2020-11-15,14:48:00,completed,19.08
5462,294,11,Pasta with Tomato and Basil,2022-06-21,22:52:27,completed,4.46
5463,1938,9,Tuna sashimi,2022-12-05,11:41:00,pending,7.33
5464,1822,22,Linguine with clams,2024-09-25,16:01:20,completed,6.16
5465,117,16,"Fish and chips,Salmon nigiri",2023-05-09,15:25:30,completed,10.95
5466,232,2,Teriyaki Chicken donburi,2025-08-25,21:24:49,completed,7.47
5467,287,30,"French fries with sausages,Katsu Curry,Pizza,Chicken milanese",2021-12-23,18:31:44,cancelled,25.73
5468,110,1,Lasagne,2020-10-21,20:26:50,completed,8.46
5469,1397,4,Chicken Fajitas,2023-08-09,08:49:56,completed,4.9
5470,1889,27,"Pappardelle alla Bolognese,Teriyaki Chicken donburi",2020-05-29,15:19:25,completed,10.17
5471,2409,14,California maki,2021-11-16,19:57:22,cancelled,7.16
5472,229,22,French fries with sausages,2023-02-28,07:27:49,pending,8.72
5473,425,25,"French fries with sausages,Pork sausage roll",2021-11-06,09:51:58,completed,11.46
5474,734,3,Fish and chips,2024-04-15,10:04:43,completed,5.63
5475,1710,29,"Pasta with Tomato and Basil,Teriyaki Chicken donburi,Chilli con carne,Chilli con carne,Pizza",2025-06-09,19:44:45,completed,32.74
5476,1850,14,"Bruschette with Tomato,Chicken Fajitas,Ebiten maki",2025-05-29,22:54:33,completed,20.81
5477,646,8,Caesar Salad,2024-03-25,17:37:00,cancelled,6.73
5478,697,10,"Chilli con carne,Chicken wings",2024-04-16,20:34:08,completed,11.95
5479,1263,13,"Meatballs with sauce,Ebiten maki",2025-06-23,13:15:35,completed,14.14
5480,1584,28,Fish and chips,2020-06-13,18:12:46,completed,8.53
5481,1634,2,Ebiten maki,2024-01-12,12:37:50,completed,6.25
5482,730,17,Tiramisù,2024-01-11,07:09:56,completed,5.66
5483,20,12,Risotto with seafood,2024-07-11,11:21:10,completed,6.48
5484,446,23,"Fish and chips,Katsu Curry",2023-06-20,15:46:52,completed,16.47
5485,1365,8,French fries with sausages,2025-08-04,10:33:26,pending,6.96
5486,1353,30,Linguine with clams,2025-08-07,10:13:24,cancelled,7.04
5487,2006,16,"Philadelphia maki,Caesar Salad,French fries with sausages",2020-03-04,22:22:08,completed,19.85
5488,1527,7,Souvlaki,2024-12-22,08:56:08,completed,7.15
5489,1327,28,Cheeseburger,2022-04-24,09:02:48,completed,9.0
5490,2422,25,"Pasta and Beans,Caprese Salad,Califlower penne",2024-11-06,18:54:13,completed,15.74
5491,174,13,California maki,2025-02-07,19:18:07,completed,8.51
5492,1667,25,Risotto with seafood,2023-03-17,21:26:27,completed,4.01
5493,615,16,"Fish and chips,Chicken wings,Katsu Curry",2025-05-15,18:12:21,cancelled,19.78
5494,1407,19,Chicken wings,2023-06-17,21:15:11,completed,7.28
5495,2451,14,"Pappardelle alla Bolognese,Ebiten maki",2022-08-08,10:36:12,completed,10.25
5496,2705,21,Chicken wings,2022-09-28,20:46:21,pending,5.64
5497,991,11,"Cheeseburger,Souvlaki",2022-06-25,10:42:30,completed,11.8
5498,857,3,Lasagne,2022-05-16,08:27:41,cancelled,8.59
5499,1028,6,Mushroom Risotto,2023-09-08,13:44:20,completed,4.03
5500,2133,9,Pasta with Tomato and Basil,2022-05-18,09:31:18,cancelled,7.76
5501,1658,20,Pork sausage roll,2024-11-07,19:40:50,completed,5.91
5502,457,7,Pasta and Beans,2024-12-28,12:36:58,completed,8.4
5503,2465,25,"Pappardelle alla Bolognese,Ricotta stuffed Ravioli",2020-03-15,06:22:11,completed,15.41
5504,1636,3,"Chicken milanese,Tiramisù",2022-09-03,16:16:41,completed,11.1
5505,2918,3,Cheeseburger,2023-11-23,17:52:07,completed,7.67
5506,353,25,Fish and chips,2022-06-26,09:55:21,completed,6.2
5507,1542,11,"Tuna sashimi,Fish and chips,Chicken Fajitas",2023-04-25,15:19:42,completed,16.31
5508,1366,12,Cheeseburger,2023-05-18,17:37:20,completed,5.03
5509,299,25,"California maki,Salmon nigiri,Chicken Fajitas,Meatballs with sauce",2022-04-27,15:13:53,pending,29.15
5510,522,16,Ricotta stuffed Ravioli,2020-03-23,21:40:03,completed,8.45
5511,340,24,"Tuna sashimi,French fries with sausages,Pappardelle alla Bolognese",2024-09-25,08:02:51,completed,18.49
5512,2080,14,"Fish and chips,Teriyaki Chicken donburi",2021-10-22,19:41:38,completed,15.11
5513,762,6,"Salmon nigiri,Bruschette with Tomato,Barbecue Ribs",2023-06-20,13:30:18,completed,21.39
5514,64,16,Chicken wings,2025-07-15,16:47:56,completed,4.7
5515,1209,17,Meatballs with sauce,2024-12-24,13:35:21,completed,7.67
5516,350,30,"California maki,Pappardelle alla Bolognese",2023-08-04,07:58:07,completed,12.57
5517,156,15,"Meatballs with sauce,California maki,Katsu Curry,Fettuccine Alfredo,Lasagne",2022-02-23,10:27:30,completed,32.07
5518,2738,11,Cheeseburger,2020-12-08,16:42:09,completed,5.06
5519,958,11,"Chilli con carne,Chicken Fajitas,Califlower penne,Pasta with Tomato and Basil",2021-12-29,16:10:03,pending,28.49
5520,212,24,"Souvlaki,Tiramisù",2025-03-28,12:00:21,completed,12.0
5521,769,24,Meatballs with sauce,2020-03-20,20:58:39,completed,5.13
5522,468,25,"Caesar Salad,Califlower penne,Caprese Salad",2023-11-28,20:11:05,pending,17.91
5523,2170,3,Pasta Carbonara,2020-08-17,16:54:02,pending,8.04
5524,2910,12,Caesar Salad,2022-06-18,22:56:06,completed,6.46
5525,1424,16,Chicken wings,2024-08-27,16:11:32,completed,7.82
5526,1490,2,Fish and chips,2024-12-27,07:35:01,completed,4.52
5527,2450,10,"Pappardelle alla Bolognese,Tuna sashimi,Souvlaki,Pasta Carbonara,Risotto with seafood",2022-03-06,19:07:07,cancelled,29.01
5528,2532,21,Pork sausage roll,2020-03-23,19:24:09,completed,6.76
5529,1373,25,Pork belly buns,2024-05-30,17:14:02,completed,8.38
5530,90,13,"Califlower penne,Salmon nigiri,Chilli con carne,Chicken milanese,Chicken wings",2021-10-11,11:57:41,completed,28.76
5531,112,22,"Salmon nigiri,Tuna sashimi",2020-11-27,14:27:25,completed,15.13
5532,1867,18,"Ebiten maki,Salmon nigiri,Caprese Salad,Pork sausage roll",2023-05-14,19:49:05,completed,28.16
5533,2668,11,"Pasta with Tomato and Basil,Fish and chips,Meatballs with sauce,Fettuccine Alfredo",2020-11-14,19:42:56,completed,25.84
5534,563,10,"Caprese Salad,Tuna sashimi,Caesar Salad",2021-05-01,20:12:30,completed,19.29
5535,839,23,Bruschette with Tomato,2020-05-15,06:35:56,completed,8.33
5536,1182,18,"Pizza,Teriyaki Chicken donburi",2021-02-26,22:44:59,cancelled,13.18
5537,1538,23,Souvlaki,2022-04-08,13:13:10,completed,7.49
5538,2246,20,Barbecue Ribs,2023-04-06,22:00:59,pending,6.17
5539,1749,24,"Pizza,Lasagne,Pasta Carbonara,French fries with sausages",2021-03-27,10:13:35,completed,24.92
5540,2541,3,"Pappardelle alla Bolognese,Pasta and Beans,Mushroom Risotto",2021-03-20,13:35:22,completed,21.69
5541,2812,15,"Salmon nigiri,Linguine with clams,Pappardelle alla Bolognese",2020-09-19,11:12:51,completed,18.63
5542,280,19,"Chicken wings,Pasta and Beans",2021-10-07,18:55:49,completed,11.66
5543,1597,5,Lasagne,2025-08-31,22:50:01,completed,4.67
5544,1427,20,"Ricotta stuffed Ravioli,French fries with sausages,Ricotta stuffed Ravioli,Lasagne,Ebiten maki",2024-10-10,10:16:25,pending,33.83
5545,1314,21,Chicken wings,2020-01-20,09:43:03,pending,5.11
5546,2969,19,Bruschette with Tomato,2021-12-23,11:20:30,completed,6.13
5547,2645,13,Katsu Curry,2020-05-05,12:37:31,pending,6.62
5548,2617,30,"Chicken milanese,Salmon nigiri",2023-06-22,14:15:01,completed,14.9
5549,866,2,"Lasagne,Fish and chips,California maki,Pappardelle alla Bolognese",2023-09-19,22:58:28,completed,23.91
5550,501,28,Caesar Salad,2023-02-22,14:27:12,completed,6.11
5551,2240,27,Fish and chips,2022-03-13,19:02:51,completed,4.3
5552,1361,26,"Pasta and Beans,Pizza",2020-11-28,06:34:56,completed,11.86
5553,358,22,Teriyaki Chicken donburi,2021-03-06,14:28:42,completed,8.4
5554,2495,19,Chilli con carne,2020-07-09,10:38:44,pending,4.37
5555,2467,9,"Pork belly buns,Chilli con carne,California maki,Pasta and Beans",2021-07-11,10:18:51,completed,29.94
5556,2975,5,Chicken Fajitas,2023-08-16,21:38:18,completed,8.24
5557,1763,16,"Chicken milanese,Caesar Salad",2020-07-01,21:31:21,pending,10.15
5558,2042,22,Chilli con carne,2021-04-28,13:49:45,completed,5.29
5559,1002,13,"Mushroom Risotto,Pasta with Tomato and Basil,Pizza,California maki,Souvlaki",2025-05-05,13:31:24,completed,34.97
5560,278,5,"Bruschette with Tomato,California maki,Pork sausage roll,Tiramisù",2021-08-29,14:58:31,completed,29.51
5561,1389,1,"Meatballs with sauce,Souvlaki,Philadelphia maki,Pasta and Beans,Tuna sashimi",2021-02-14,07:14:25,pending,30.57
5562,2874,24,"Lasagne,Caprese Salad,Fish and chips,Chicken Fajitas",2021-08-17,07:45:54,cancelled,19.54
5563,1009,21,Lasagne,2020-09-12,16:23:09,cancelled,4.65
5564,956,19,"Tiramisù,Fish and chips",2020-05-16,14:23:55,completed,16.13
5565,364,25,Lasagne,2020-07-19,22:25:36,pending,7.18
5566,2948,24,Fettuccine Alfredo,2022-11-26,19:34:12,completed,8.79
5567,808,10,"Philadelphia maki,Chicken milanese",2024-04-22,11:42:18,cancelled,15.89
5568,2849,16,Califlower penne,2025-09-11,09:14:47,completed,4.01
5569,174,12,Chicken milanese,2022-01-29,19:56:47,completed,4.06
5570,269,17,Vegetable Soup,2024-03-22,07:18:52,completed,6.67
5571,1255,18,"French fries with sausages,Philadelphia maki",2022-11-19,08:46:21,completed,11.37
5572,1248,9,Pork sausage roll,2020-05-22,06:22:45,completed,4.61
5573,1390,28,Pasta and Beans,2024-09-19,08:16:58,completed,6.3
5574,1832,26,Philadelphia maki,2024-02-22,07:44:14,completed,4.7
5575,1566,20,"Pasta Carbonara,Califlower penne,Tuna sashimi",2021-10-05,15:38:26,completed,17.44
5576,1134,22,Chicken Fajitas,2020-10-04,09:15:32,pending,5.89
5577,1140,12,Cheeseburger,2020-02-17,10:52:39,completed,5.3
5578,1722,5,Lasagne,2022-09-13,15:39:10,completed,5.17
5579,751,21,French fries with sausages,2020-05-01,10:10:55,completed,8.05
5580,498,12,Fish and chips,2021-05-22,19:48:32,completed,6.46
5581,1086,29,"Caprese Salad,Califlower penne",2023-08-27,12:23:23,pending,11.91
5582,2992,14,"Scotch eggs,Linguine with clams,Pizza",2020-11-16,18:03:26,completed,18.62
5583,2570,14,Caesar Salad,2021-01-31,10:01:01,completed,4.79
5584,1818,24,Pasta and Beans,2025-02-20,18:49:27,completed,8.94
5585,1427,19,Katsu Curry,2024-08-14,08:06:09,completed,4.81
5586,1284,18,Chilli con carne,2024-09-09,12:04:04,completed,6.17
5587,572,15,Souvlaki,2025-04-23,18:42:07,completed,8.84
5588,578,23,"Pasta Carbonara,Tuna sashimi,Caprese Salad",2024-06-21,12:58:59,completed,13.23
5589,2930,4,"Califlower penne,Chicken milanese",2025-08-20,07:21:01,completed,15.44
5590,1594,25,"Califlower penne,French fries with sausages,Teriyaki Chicken donburi,Teriyaki Chicken donburi",2023-04-21,08:04:18,completed,26.08
5591,1071,5,French fries with sausages,2020-08-22,06:45:22,completed,5.24
5592,2926,11,Chicken wings,2024-05-29,18:53:16,completed,4.48
5593,1242,12,Pasta with Tomato and Basil,2021-08-13,17:38:23,completed,8.12
5594,2119,20,Tuna sashimi,2020-10-15,20:18:41,pending,5.92
5595,2344,28,"Ricotta stuffed Ravioli,Souvlaki",2024-04-06,11:00:13,completed,13.72
5596,914,4,Barbecue Ribs,2022-07-26,21:24:17,completed,7.91
5597,177,4,"Salmon nigiri,Chicken wings",2025-05-05,06:21:52,completed,12.15
5598,2400,2,Pork sausage roll,2022-08-23,10:16:04,completed,7.25
5599,1153,1,"Pork belly buns,Teriyaki Chicken donburi",2022-10-01,11:16:33,completed,15.4
5600,2699,25,"Souvlaki,Chicken Fajitas,California maki",2024-02-27,15:51:06,completed,21.71
5601,1138,10,"Salmon nigiri,Ricotta stuffed Ravioli,Cheeseburger",2021-01-18,07:09:52,completed,22.92
5602,1688,24,Chicken milanese,2023-01-27,15:00:10,completed,6.03
5603,553,19,Mushroom Risotto,2025-03-17,17:58:33,completed,8.44
5604,2879,11,"Ricotta stuffed Ravioli,Souvlaki",2021-05-14,17:11:34,completed,14.19
5605,2581,23,"Ricotta stuffed Ravioli,Vegetable Soup,Ebiten maki",2020-06-11,13:07:44,completed,18.96
5606,2374,21,Vegetable Soup,2021-07-11,06:19:55,completed,4.59
5607,445,26,Barbecue Ribs,2024-06-21,19:59:19,completed,7.51
5608,2642,23,"Risotto with seafood,Califlower penne",2025-08-20,06:16:21,completed,12.69
5609,1466,8,"Lasagne,Scotch eggs,Philadelphia maki",2024-07-03,15:31:41,completed,18.71
5610,2877,26,"Caprese Salad,Tiramisù,Fettuccine Alfredo",2025-09-30,12:55:09,completed,21.5
5611,1549,28,Caprese Salad,2023-08-26,17:57:09,completed,4.35
5612,2906,19,"California maki,California maki",2023-08-12,20:35:32,completed,11.14
5613,563,5,"Lasagne,Vegetable Soup,Barbecue Ribs,Lasagne",2024-02-05,15:31:24,completed,28.05
5614,2831,15,"Tuna sashimi,Salmon nigiri,California maki",2022-07-23,10:53:03,completed,18.59
5615,2434,11,"Katsu Curry,Lasagne,Meatballs with sauce,Scotch eggs",2025-08-25,15:08:35,completed,25.07
5616,2201,14,Vegetable Soup,2021-09-02,15:24:19,completed,4.36
5617,1902,7,"Vegetable Soup,Risotto with seafood,Chicken Fajitas,Philadelphia maki",2021-02-24,15:04:23,completed,27.27
5618,1432,23,"Chilli con carne,Mushroom Risotto,Chicken Fajitas",2022-07-12,17:06:45,completed,20.2
5619,433,20,Bruschette with Tomato,2022-02-24,16:30:57,completed,6.62
5620,2001,17,"Chicken milanese,Chicken milanese",2025-04-25,22:07:25,completed,12.66
5621,360,17,Califlower penne,2021-10-15,08:01:30,completed,6.13
5622,2797,3,Linguine with clams,2023-06-12,19:21:27,completed,6.5
5623,1596,27,Chicken Fajitas,2022-07-28,08:44:07,completed,4.17
5624,2063,25,"Teriyaki Chicken donburi,Philadelphia maki",2021-12-09,07:34:27,pending,11.71
5625,2011,26,"Califlower penne,Califlower penne,Katsu Curry,Katsu Curry",2020-08-24,15:25:12,completed,27.48
5626,2479,25,Souvlaki,2025-01-05,14:15:42,cancelled,7.76
5627,469,1,"Barbecue Ribs,Bruschette with Tomato,Ricotta stuffed Ravioli",2022-12-23,15:22:16,completed,23.75
5628,1979,20,"Barbecue Ribs,Barbecue Ribs",2020-02-17,08:32:27,cancelled,11.05
5629,258,8,Risotto with seafood,2024-08-01,20:05:47,completed,4.49
5630,2385,21,"Bruschette with Tomato,Chilli con carne,Pasta and Beans,Tuna sashimi",2021-09-08,16:48:52,completed,22.11
5631,1949,29,Pizza,2020-12-10,18:06:37,completed,7.33
5632,2869,11,"Meatballs with sauce,Meatballs with sauce,Fish and chips",2024-08-21,12:00:26,completed,16.94
5633,11,1,"California maki,Vegetable Soup,Chilli con carne",2022-10-09,08:32:48,completed,14.34
5634,2751,21,"Pasta with Tomato and Basil,Risotto with seafood",2025-07-22,15:12:29,completed,11.75
5635,1936,19,Pork sausage roll,2021-12-22,08:59:36,completed,6.18
5636,305,2,Mushroom Risotto,2023-10-02,09:30:08,cancelled,6.01
5637,51,23,"Mushroom Risotto,California maki",2020-02-27,16:33:28,completed,12.51
5638,2224,12,California maki,2022-12-17,09:41:47,completed,4.72
5639,2860,1,"Vegetable Soup,Pasta Carbonara,Pork sausage roll,Vegetable Soup",2023-09-19,12:08:06,pending,25.35
5640,395,4,"Pasta Carbonara,French fries with sausages,Chicken wings,Tiramisù",2023-01-04,16:52:18,completed,24.99
5641,2467,12,"Meatballs with sauce,Pork belly buns,Vegetable Soup",2023-12-15,06:19:05,completed,21.07
5642,2166,17,"Scotch eggs,Bruschette with Tomato",2025-08-21,06:46:08,pending,14.91
5643,950,24,"Bruschette with Tomato,Pappardelle alla Bolognese,Katsu Curry",2020-08-29,22:08:07,pending,17.81
5644,626,27,"Tiramisù,Vegetable Soup",2021-09-30,15:15:35,completed,14.55
5645,2127,8,"Chilli con carne,Pasta with Tomato and Basil",2022-07-14,13:03:41,completed,11.71
5646,1556,2,Katsu Curry,2023-10-03,06:01:00,completed,6.53
5647,2000,14,"Linguine with clams,Pasta and Beans",2024-04-08,08:48:52,completed,11.43
5648,1049,30,"Pappardelle alla Bolognese,Pasta Carbonara,Pizza,Salmon nigiri",2025-03-20,21:14:23,completed,22.91
5649,1851,21,Pork sausage roll,2025-01-10,21:44:23,completed,5.84
5650,2025,29,"Philadelphia maki,Chilli con carne",2025-07-07,09:03:16,completed,15.21
5651,251,15,"Pork sausage roll,Scotch eggs,Risotto with seafood,Risotto with seafood",2022-12-27,14:56:28,completed,26.68
5652,2282,23,Teriyaki Chicken donburi,2023-11-19,11:44:17,completed,5.54
5653,279,12,"Vegetable Soup,Vegetable Soup",2022-04-03,13:32:45,completed,14.37
5654,1402,8,"Tiramisù,Califlower penne",2022-09-08,12:17:21,completed,11.53
5655,2606,14,"Caprese Salad,Caprese Salad,Pasta and Beans,Chicken wings",2024-08-05,15:10:34,completed,33.03
5656,1560,10,"Cheeseburger,Tiramisù,Souvlaki,Philadelphia maki",2020-10-12,10:08:47,completed,23.23
5657,913,30,Chilli con carne,2022-08-03,10:03:00,completed,8.31
5658,1147,23,Scotch eggs,2024-06-20,17:47:22,completed,7.32
5659,1494,11,Chilli con carne,2024-04-22,11:02:11,completed,4.27
5660,2133,28,"Mushroom Risotto,Risotto with seafood",2025-09-19,06:49:30,completed,11.15
5661,1259,2,Souvlaki,2021-02-23,21:54:51,completed,5.17
5662,2228,24,Chicken wings,2025-08-07,22:23:25,completed,7.77
5663,1072,6,"Meatballs with sauce,California maki,Tuna sashimi,Barbecue Ribs",2025-07-13,08:14:01,completed,26.74
5664,292,20,"Lasagne,Souvlaki",2023-03-15,16:42:26,pending,12.31
5665,2128,29,Pasta with Tomato and Basil,2020-01-01,17:13:38,completed,7.35
5666,16,22,"Philadelphia maki,Pasta with Tomato and Basil",2021-01-13,14:11:39,completed,15.16
5667,1908,13,"Ebiten maki,Pasta Carbonara,Pasta Carbonara,Pasta and Beans,Fish and chips",2023-01-25,19:35:22,completed,31.43
5668,441,30,"Chilli con carne,Pasta with Tomato and Basil,California maki,Ebiten maki,Lasagne",2022-06-06,07:34:06,pending,31.68
5669,1930,4,Chicken milanese,2024-04-25,20:58:54,pending,8.21
5670,1658,10,"Pasta with Tomato and Basil,Barbecue Ribs,Pork belly buns",2023-05-31,12:29:31,completed,18.9
5671,1475,26,"Scotch eggs,Vegetable Soup",2022-12-26,08:06:54,pending,14.58
5672,2659,27,Pasta and Beans,2023-06-08,18:04:55,completed,7.18
5673,140,15,Bruschette with Tomato,2024-11-03,09:22:33,completed,7.46
5674,1371,16,"Pasta and Beans,Chicken milanese,Pork sausage roll",2025-07-26,22:30:32,completed,13.08
5675,2919,27,"Chicken milanese,Pasta and Beans",2025-02-11,15:11:25,pending,13.31
5676,615,27,Pasta and Beans,2022-06-15,20:04:13,completed,7.25
5677,1783,4,"Salmon nigiri,Fish and chips,Fettuccine Alfredo",2022-07-11,09:49:15,completed,19.2
5678,49,18,"Pasta with Tomato and Basil,Chicken milanese,Chicken milanese",2025-07-01,12:20:55,completed,19.58
5679,1392,29,Pasta and Beans,2021-04-22,17:13:31,completed,6.64
5680,2478,5,Chicken milanese,2025-08-23,16:35:50,pending,4.06
5681,1223,28,"Linguine with clams,Fish and chips,Chicken Fajitas",2021-04-18,08:24:17,completed,17.17
5682,713,11,Fish and chips,2025-02-04,16:53:16,completed,5.05
5683,107,22,"Pork belly buns,Vegetable Soup,Pappardelle alla Bolognese",2020-01-04,21:46:56,completed,16.05
5684,1543,6,"Caprese Salad,Ricotta stuffed Ravioli,Risotto with seafood,Philadelphia maki,Pork belly buns",2021-11-23,12:32:39,completed,28.8
5685,2709,10,"Lasagne,Risotto with seafood,Meatballs with sauce",2020-11-22,21:06:02,completed,18.97
5686,1334,1,"Caprese Salad,Pasta Carbonara,Bruschette with Tomato,Fettuccine Alfredo",2020-12-23,06:06:55,pending,24.01
5687,149,16,Tuna sashimi,2020-10-21,17:25:15,completed,6.71
5688,489,15,Pork belly buns,2020-09-08,13:48:31,completed,5.81
5689,2785,11,"Philadelphia maki,Salmon nigiri,Chilli con carne,Teriyaki Chicken donburi",2023-12-15,09:17:49,cancelled,23.2
5690,1997,22,Katsu Curry,2021-05-28,08:55:43,completed,4.92
5691,2392,27,Pasta with Tomato and Basil,2021-12-31,08:36:14,completed,6.88
5692,1739,16,Pasta and Beans,2023-08-02,17:53:38,completed,4.71
5693,302,18,Pasta Carbonara,2023-07-26,11:21:26,completed,6.91
5694,1350,4,"Pasta Carbonara,Pizza,Ebiten maki",2024-10-22,11:54:13,completed,16.93
5695,13,12,Pork belly buns,2022-10-12,14:56:46,completed,8.51
5696,1457,21,Tiramisù,2022-06-30,09:44:30,completed,5.98
5697,2154,30,"Fish and chips,Ebiten maki",2022-04-05,14:02:11,completed,14.76
5698,122,28,Vegetable Soup,2022-01-23,18:10:38,completed,4.29
5699,1183,28,"Pork belly buns,Ricotta stuffed Ravioli",2024-10-01,12:38:08,completed,14.07
5700,971,9,"Chicken wings,Pork sausage roll,Pappardelle alla Bolognese",2021-11-13,18:33:53,completed,19.53
5701,1086,29,California maki,2020-03-23,07:25:29,completed,5.38
5702,2116,5,Teriyaki Chicken donburi,2020-05-26,10:20:30,completed,5.53
5703,1667,25,Chilli con carne,2024-07-18,14:44:28,pending,7.09
5704,540,4,"Meatballs with sauce,Tuna sashimi",2020-12-06,09:15:25,completed,14.65
5705,2708,6,Chicken milanese,2021-08-30,19:55:56,cancelled,7.65
5706,1573,2,Chicken Fajitas,2024-04-02,15:33:37,completed,7.87
5707,437,23,"Pappardelle alla Bolognese,Pizza",2023-11-17,20:03:17,pending,15.19
5708,2010,23,Mushroom Risotto,2021-04-03,18:31:37,completed,5.46
5709,837,2,Califlower penne,2022-02-27,08:00:06,pending,5.58
5710,254,6,Califlower penne,2021-07-02,11:04:37,completed,5.24
5711,2429,15,"Linguine with clams,Pizza",2025-02-04,18:08:30,completed,14.02
5712,2525,4,"Chicken wings,Pasta Carbonara",2025-03-14,11:23:16,completed,9.19
5713,2334,18,Caesar Salad,2024-11-21,12:48:26,pending,5.16
5714,2799,5,Pork belly buns,2021-02-28,16:19:32,completed,5.59
5715,2194,24,"Teriyaki Chicken donburi,Barbecue Ribs,Caesar Salad,Fettuccine Alfredo",2022-03-31,11:10:45,completed,30.54
5716,1708,26,"Chicken wings,Tiramisù,Teriyaki Chicken donburi,Vegetable Soup",2021-02-14,13:12:17,completed,24.48
5717,1143,16,Tiramisù,2023-12-20,10:42:14,completed,4.99
5718,1494,8,California maki,2020-08-01,19:39:56,completed,7.13
5719,2326,19,"Salmon nigiri,Fettuccine Alfredo,Philadelphia maki",2020-10-25,09:09:01,completed,19.48
5720,200,17,Salmon nigiri,2023-02-24,20:46:46,completed,7.81
5721,3,29,"Mushroom Risotto,Pappardelle alla Bolognese",2021-10-20,15:05:17,completed,12.74
5722,881,30,Philadelphia maki,2020-11-28,12:51:43,cancelled,7.79
5723,717,18,"Scotch eggs,Pasta with Tomato and Basil,Caesar Salad",2022-06-09,19:06:18,completed,17.37
5724,750,1,Katsu Curry,2023-04-08,09:16:21,completed,7.67
5725,920,26,"Chicken Fajitas,Pasta Carbonara",2023-06-29,19:58:14,completed,12.71
5726,121,24,"Pasta Carbonara,Risotto with seafood,Fettuccine Alfredo",2020-02-25,11:06:03,completed,20.53
5727,266,8,Pappardelle alla Bolognese,2023-05-29,14:54:40,pending,4.91
5728,1637,11,"Linguine with clams,Meatballs with sauce,Chilli con carne,Scotch eggs",2020-07-17,20:01:08,completed,27.65
5729,868,19,"Caesar Salad,Tuna sashimi,Pappardelle alla Bolognese",2020-01-08,18:29:40,completed,12.92
5730,2162,21,"Chicken wings,Barbecue Ribs",2021-08-18,22:36:15,completed,13.94
5731,2259,7,Caprese Salad,2024-08-26,17:57:43,completed,4.45
5732,195,21,"Souvlaki,Souvlaki",2022-10-06,07:52:13,pending,10.98
5733,2809,6,"Pork sausage roll,Bruschette with Tomato",2023-11-30,08:14:10,completed,12.82
5734,1243,18,"Califlower penne,Chicken wings,Pizza,French fries with sausages",2024-09-04,13:27:19,completed,26.98
5735,292,30,Caprese Salad,2024-04-13,06:28:21,completed,6.71
5736,2706,17,"Lasagne,Vegetable Soup,Salmon nigiri,Caesar Salad",2025-08-21,07:42:24,completed,24.89
5737,1258,22,"Cheeseburger,Pasta with Tomato and Basil,Salmon nigiri,Pasta and Beans",2022-08-21,17:26:48,completed,25.82
5738,1022,23,"California maki,Ebiten maki,Caesar Salad,Souvlaki",2025-05-15,09:20:33,completed,22.04
5739,572,6,Califlower penne,2025-03-01,11:43:00,completed,8.29
5740,1389,5,"Pizza,Philadelphia maki",2025-07-05,13:26:57,pending,13.02
5741,581,26,Ricotta stuffed Ravioli,2022-09-11,14:48:05,pending,7.26
5742,868,15,Caprese Salad,2025-01-14,16:08:00,completed,4.36
5743,2619,30,"Ebiten maki,Chicken Fajitas,French fries with sausages,Bruschette with Tomato",2024-09-06,11:07:56,cancelled,28.08
5744,2905,25,Tuna sashimi,2021-09-08,15:22:25,completed,6.94
5745,1894,5,"Tuna sashimi,Risotto with seafood,Caprese Salad,Philadelphia maki",2025-02-07,15:25:51,completed,24.07
5746,1871,8,"Pasta and Beans,Pasta and Beans",2021-08-12,07:04:27,completed,13.55
5747,2085,9,"Pasta Carbonara,Ebiten maki,Caprese Salad",2025-03-17,21:23:11,completed,22.05
5748,1771,28,"Bruschette with Tomato,Fettuccine Alfredo,Chicken wings",2020-05-21,15:04:58,completed,17.97
5749,761,4,"Pork belly buns,Lasagne,Salmon nigiri",2022-03-28,08:53:52,pending,21.15
5750,2914,6,Philadelphia maki,2020-12-14,15:36:36,completed,8.0
5751,2499,12,"French fries with sausages,Pizza,Barbecue Ribs",2021-12-08,07:00:31,cancelled,18.4
5752,776,28,Caesar Salad,2021-05-10,10:20:46,completed,6.34
5753,2505,9,Fish and chips,2021-11-05,22:29:36,pending,4.59
5754,2622,11,Lasagne,2023-07-10,13:42:09,completed,4.88
5755,2907,20,Risotto with seafood,2025-01-20,11:52:28,completed,8.72
5756,902,8,"Fish and chips,Salmon nigiri,Bruschette with Tomato,Risotto with seafood",2021-02-14,21:14:26,completed,28.98
5757,2612,18,Tuna sashimi,2025-08-20,07:09:40,completed,7.27
5758,638,14,"Souvlaki,Teriyaki Chicken donburi",2024-11-19,19:28:09,cancelled,14.5
5759,2472,15,"Risotto with seafood,California maki",2023-09-13,17:19:01,completed,11.05
5760,2864,18,"Meatballs with sauce,Chilli con carne,Pizza,Souvlaki",2025-09-29,07:40:34,completed,27.26
5761,1604,17,"Salmon nigiri,Tuna sashimi",2023-07-10,10:19:49,completed,9.87
5762,2360,11,"Philadelphia maki,Chicken milanese,Katsu Curry,Pork belly buns,French fries with sausages",2023-10-30,17:51:29,completed,31.07
5763,2209,24,"Teriyaki Chicken donburi,Chilli con carne,Katsu Curry",2024-10-21,22:42:09,completed,19.62
5764,1230,3,"Caprese Salad,Scotch eggs,Mushroom Risotto",2022-01-13,06:45:57,completed,22.76
5765,1734,23,Chicken Fajitas,2023-05-25,19:17:02,completed,4.22
5766,2206,2,Cheeseburger,2024-01-25,13:25:34,completed,6.84
5767,1784,13,Scotch eggs,2025-03-10,17:42:04,completed,8.16
5768,356,22,Pasta with Tomato and Basil,2024-02-06,10:01:26,pending,5.54
5769,1084,30,Cheeseburger,2025-05-07,20:19:53,completed,8.75
5770,1933,21,Meatballs with sauce,2024-09-04,06:01:44,completed,6.75
5771,1331,1,Tiramisù,2022-05-12,20:36:29,completed,8.6
5772,2874,16,"Souvlaki,Chicken milanese,Fettuccine Alfredo,Teriyaki Chicken donburi",2024-05-12,14:06:21,completed,24.76
5773,1326,10,Salmon nigiri,2022-10-27,16:44:47,completed,6.15
5774,964,20,Teriyaki Chicken donburi,2025-04-22,08:06:21,completed,5.02
5775,2710,6,"Pork belly buns,Risotto with seafood",2023-08-31,20:22:41,completed,16.23
5776,1627,24,Pappardelle alla Bolognese,2020-05-07,19:38:19,completed,7.34
5777,2973,3,Mushroom Risotto,2023-08-05,09:38:39,completed,6.22
5778,524,15,"California maki,Mushroom Risotto,Pappardelle alla Bolognese",2025-03-16,21:02:03,completed,23.58
5779,852,12,Tiramisù,2024-04-18,08:31:59,pending,6.49
5780,464,28,Chicken milanese,2020-03-11,19:57:50,completed,5.09
5781,2226,14,"Pizza,Scotch eggs,Tiramisù,Ebiten maki",2021-05-24,12:39:12,pending,24.24
5782,1122,17,Katsu Curry,2024-05-31,20:48:40,completed,5.64
5783,824,27,Souvlaki,2022-03-01,14:45:36,completed,5.92
5784,2366,7,"Souvlaki,Barbecue Ribs",2022-11-12,19:50:16,completed,14.0
5785,1771,2,"Pork belly buns,Cheeseburger",2020-03-04,17:13:13,completed,12.86
5786,1245,30,Caesar Salad,2020-04-26,18:36:49,completed,7.93
5787,2864,10,"French fries with sausages,Salmon nigiri",2023-02-27,14:26:16,completed,17.34
5788,1221,25,Pizza,2021-06-24,22:14:41,pending,4.65
5789,692,10,Chicken Fajitas,2020-11-03,10:35:23,cancelled,4.2
5790,1933,18,Souvlaki,2022-09-16,10:59:26,completed,5.51
5791,2480,5,"Scotch eggs,Tuna sashimi,Fettuccine Alfredo",2023-07-10,21:55:47,completed,19.97
5792,2630,4,California maki,2024-05-25,22:31:59,completed,4.86
5793,1142,2,Ricotta stuffed Ravioli,2023-08-06,08:41:59,completed,4.21
5794,678,22,California maki,2020-07-26,20:58:42,completed,6.04
5795,328,27,"Fettuccine Alfredo,Philadelphia maki",2024-07-20,19:41:17,completed,13.24
5796,1891,22,"Tiramisù,Vegetable Soup",2021-10-11,12:53:21,pending,16.92
5797,763,11,"Pasta with Tomato and Basil,Caesar Salad",2021-06-30,19:21:47,completed,11.83
5798,692,3,"Vegetable Soup,Risotto with seafood",2025-02-21,21:04:24,completed,15.21
5799,133,15,"California maki,Caesar Salad,Ricotta stuffed Ravioli,Cheeseburger,Pappardelle alla Bolognese",2024-12-18,22:35:27,completed,33.16
5800,2654,8,Vegetable Soup,2021-11-21,19:37:34,cancelled,5.7
5801,2575,2,Pasta with Tomato and Basil,2020-01-26,20:41:45,pending,5.74
5802,2759,10,"Pappardelle alla Bolognese,Tuna sashimi",2020-09-25,18:58:07,completed,13.65
5803,1310,21,Pappardelle alla Bolognese,2024-03-15,11:24:30,completed,8.06
5804,1761,13,Philadelphia maki,2024-05-27,22:30:13,completed,6.09
5805,1830,12,"Salmon nigiri,Pappardelle alla Bolognese,Pork sausage roll,Souvlaki",2021-08-23,22:16:04,completed,29.14
5806,1816,30,"Pork sausage roll,California maki,Souvlaki,Chicken Fajitas",2022-06-19,11:36:42,completed,23.68
5807,2185,25,Pizza,2021-10-10,08:21:06,completed,8.3
5808,978,24,Fish and chips,2021-12-25,18:06:00,completed,6.91
5809,1069,25,"Teriyaki Chicken donburi,Pasta and Beans,Lasagne,Ebiten maki,Pasta and Beans",2020-06-03,16:26:13,completed,27.52
5810,1943,13,Chicken milanese,2023-05-10,13:36:04,completed,5.26
5811,2837,12,"Caesar Salad,Caesar Salad,Pasta and Beans",2021-07-22,15:39:16,completed,23.01
5812,2562,24,"Scotch eggs,Chicken Fajitas",2025-09-13,12:51:55,completed,11.03
5813,777,25,French fries with sausages,2020-02-06,22:02:14,completed,4.72
5814,886,11,"Ebiten maki,Caprese Salad,Philadelphia maki",2021-08-23,10:22:55,completed,16.83
5815,655,29,"Tiramisù,Tiramisù",2025-05-22,19:50:44,pending,10.52
5816,856,16,Katsu Curry,2021-01-09,22:42:14,completed,5.63
5817,1066,3,"Chilli con carne,Barbecue Ribs",2024-02-12,15:52:15,completed,15.72
5818,1648,25,Fettuccine Alfredo,2025-09-24,06:12:15,completed,4.71
5819,813,8,"Linguine with clams,Risotto with seafood,Bruschette with Tomato",2025-09-08,19:35:29,completed,14.76
5820,2356,13,"Barbecue Ribs,Ricotta stuffed Ravioli,Chilli con carne,Katsu Curry,Pork sausage roll",2020-10-19,20:02:55,completed,27.8
5821,1632,13,"Chicken Fajitas,Ricotta stuffed Ravioli,Cheeseburger",2024-05-02,08:22:04,completed,21.56
5822,2917,28,Pasta with Tomato and Basil,2021-04-25,06:47:36,pending,5.1
5823,1220,20,"Vegetable Soup,Tuna sashimi,Cheeseburger",2023-03-10,15:00:18,completed,20.45
5824,1799,4,Vegetable Soup,2024-07-14,11:40:55,completed,7.06
5825,2937,13,Chicken Fajitas,2021-01-30,15:37:58,completed,6.64
5826,2127,10,"Fish and chips,Chicken wings,Philadelphia maki,Meatballs with sauce",2022-08-01,12:55:52,completed,27.95
5827,2444,1,Pappardelle alla Bolognese,2025-06-22,20:43:59,completed,8.49
5828,1090,12,"Fish and chips,Tiramisù,Tiramisù",2023-08-10,12:00:14,completed,21.69
5829,2775,15,"Cheeseburger,Barbecue Ribs,Philadelphia maki,Vegetable Soup,Salmon nigiri",2021-12-14,18:52:32,completed,30.17
5830,2759,5,Tiramisù,2021-08-24,11:32:21,completed,6.31
5831,2894,16,Salmon nigiri,2021-12-18,19:19:42,cancelled,4.67
5832,246,9,"Tuna sashimi,Pappardelle alla Bolognese,Chilli con carne",2021-08-05,19:37:21,completed,19.33
5833,771,30,Cheeseburger,2020-03-20,08:53:44,completed,7.82
5834,2971,10,"Caprese Salad,Pork belly buns,Pasta Carbonara,Philadelphia maki,Chicken milanese",2020-03-15,15:42:25,completed,31.46
5835,1317,24,"Souvlaki,Salmon nigiri",2025-01-10,09:23:20,completed,14.3
5836,1100,11,"Pappardelle alla Bolognese,Scotch eggs",2021-02-04,20:38:44,completed,13.3
5837,1652,11,"Ricotta stuffed Ravioli,Teriyaki Chicken donburi,Pasta with Tomato and Basil",2024-09-13,12:48:58,pending,21.3
5838,113,3,Linguine with clams,2022-06-16,08:57:00,completed,7.75
5839,1713,20,"Chicken wings,Bruschette with Tomato,Scotch eggs",2024-09-15,20:59:05,completed,22.72
5840,1574,18,"Chicken Fajitas,Lasagne,Caesar Salad",2021-11-05,19:46:12,completed,18.2
5841,1567,18,"Pappardelle alla Bolognese,Lasagne",2024-04-02,11:06:42,completed,13.15
5842,2660,20,"Bruschette with Tomato,Pizza",2021-12-18,15:30:20,completed,12.96
5843,1817,15,"Chicken milanese,Philadelphia maki",2024-05-02,18:31:44,completed,13.74
5844,1524,12,"Tiramisù,Linguine with clams,Califlower penne",2020-12-18,20:33:08,completed,16.09
5845,2505,13,"Pappardelle alla Bolognese,Katsu Curry",2025-07-26,06:08:57,pending,11.77
5846,649,30,"Tiramisù,Pappardelle alla Bolognese",2024-09-19,10:05:13,completed,10.78
5847,2992,20,"Pork sausage roll,Philadelphia maki",2025-02-15,08:15:04,completed,8.62
5848,2227,8,"Teriyaki Chicken donburi,Califlower penne,Mushroom Risotto,Califlower penne,Teriyaki Chicken donburi",2023-02-07,21:39:18,pending,32.4
5849,2965,26,Pasta with Tomato and Basil,2022-01-27,22:31:23,completed,8.33
5850,1727,5,Fish and chips,2024-05-15,07:58:32,completed,6.31
5851,2933,27,Chicken milanese,2025-05-24,19:01:41,pending,5.01
5852,1348,10,Barbecue Ribs,2024-11-27,12:05:56,completed,7.6
5853,2676,2,Philadelphia maki,2025-08-08,12:37:28,completed,6.2
5854,1336,21,"Mushroom Risotto,Tiramisù",2021-07-19,12:12:07,completed,15.46
5855,2482,15,Salmon nigiri,2021-05-18,18:27:06,cancelled,7.48
5856,793,4,"Pork sausage roll,Pork sausage roll,Barbecue Ribs,Pork sausage roll,Ricotta stuffed Ravioli",2024-04-27,16:50:12,completed,31.11
5857,1572,7,"Pasta with Tomato and Basil,Pasta Carbonara,Pasta and Beans",2023-05-11,17:45:28,completed,17.84
5858,2180,6,Philadelphia maki,2020-05-05,18:33:04,completed,5.92
5859,548,27,Scotch eggs,2022-01-30,07:45:38,pending,8.95
5860,443,28,"Katsu Curry,Souvlaki",2021-08-25,07:58:12,completed,12.62
5861,2482,5,Chilli con carne,2023-11-17,07:30:32,completed,5.91
5862,329,17,"Tuna sashimi,Chicken wings,Pasta with Tomato and Basil",2020-03-21,20:42:05,completed,15.53
5863,1179,9,Chicken wings,2023-09-13,11:57:41,pending,7.97
5864,111,4,"Salmon nigiri,Fish and chips,Chilli con carne,California maki",2020-01-26,19:50:54,completed,24.05
5865,420,11,Philadelphia maki,2021-02-23,15:20:49,completed,6.5
5866,381,20,"Ricotta stuffed Ravioli,Ricotta stuffed Ravioli,Pasta with Tomato and Basil,Vegetable Soup",2022-11-14,18:31:35,completed,25.94
5867,1127,26,Souvlaki,2023-06-06,11:59:25,completed,5.21
5868,1397,20,Lasagne,2020-09-07,14:42:15,completed,6.2
5869,1895,2,"Pork sausage roll,Tiramisù,California maki,Chicken wings",2021-11-24,11:14:57,completed,26.48
5870,1163,17,Barbecue Ribs,2023-08-19,16:26:29,completed,4.88
5871,648,15,"Katsu Curry,Tiramisù,Salmon nigiri",2023-06-23,11:49:11,completed,18.24
5872,1223,12,"Katsu Curry,Scotch eggs,Tiramisù,Fettuccine Alfredo,Chicken Fajitas",2021-10-12,14:27:26,completed,34.97
5873,728,14,"Fettuccine Alfredo,Pork sausage roll,Cheeseburger",2022-04-18,16:52:05,pending,20.73
5874,1996,23,Linguine with clams,2023-07-17,15:07:50,pending,5.58
5875,977,28,"Philadelphia maki,Chicken Fajitas",2021-09-14,11:34:52,pending,11.15
5876,1607,5,Vegetable Soup,2021-05-04,20:16:54,completed,8.08
5877,236,29,"French fries with sausages,Pork belly buns",2024-07-12,20:50:46,cancelled,13.07
5878,2413,1,"Teriyaki Chicken donburi,Vegetable Soup",2022-06-10,11:15:19,completed,10.65
5879,836,8,"Tiramisù,Vegetable Soup",2022-04-22,10:23:07,completed,15.62
5880,433,19,Ricotta stuffed Ravioli,2021-05-25,22:13:50,completed,6.32
5881,1296,7,"Pork belly buns,California maki,Caprese Salad,Cheeseburger",2020-05-18,09:36:53,completed,22.74
5882,740,8,Ebiten maki,2023-04-16,06:12:14,completed,4.1
5883,998,16,Ebiten maki,2025-05-09,21:55:55,completed,7.02
5884,2485,25,Chicken milanese,2024-07-23,19:07:29,completed,4.01
5885,2471,19,"Tuna sashimi,California maki,Pizza,Ebiten maki",2024-03-19,18:49:53,pending,19.93
5886,711,10,Meatballs with sauce,2022-07-11,22:00:28,completed,4.82
5887,2522,20,"Katsu Curry,Katsu Curry",2022-03-12,17:11:46,completed,10.65
5888,684,23,"Chicken Fajitas,Tuna sashimi,Chilli con carne",2022-10-29,15:20:55,pending,17.65
5889,2771,21,"Pasta Carbonara,Pasta Carbonara,Scotch eggs,Chicken wings",2024-04-01,13:42:49,pending,24.8
5890,1595,5,"Chilli con carne,Caprese Salad",2023-11-10,22:25:55,pending,12.47
5891,2370,23,Chicken milanese,2023-01-20,16:03:45,completed,7.65
5892,2786,24,Salmon nigiri,2025-08-13,21:06:45,completed,6.5
5893,895,19,"Philadelphia maki,Lasagne,Fish and chips",2025-03-30,19:12:07,completed,19.96
5894,1466,16,Caesar Salad,2022-07-11,12:07:22,completed,4.81
5895,734,16,"Vegetable Soup,Fettuccine Alfredo",2022-09-02,06:58:58,completed,17.11
5896,2800,20,"Chicken Fajitas,California maki,Katsu Curry,California maki,Tuna sashimi",2025-06-07,21:09:40,completed,33.45
5897,603,16,Pasta and Beans,2024-10-04,06:35:28,pending,5.7
5898,1518,18,Chicken Fajitas,2022-10-23,20:37:45,completed,8.79
5899,2879,14,Cheeseburger,2023-07-11,13:21:38,completed,6.33
5900,567,12,Tiramisù,2020-12-16,13:02:20,completed,5.88
5901,2551,12,"Salmon nigiri,Chicken Fajitas,Caprese Salad,Pizza",2023-12-03,16:47:31,completed,23.28
5902,415,29,"Ricotta stuffed Ravioli,Pasta Carbonara,Pizza",2024-09-07,20:08:43,completed,17.77
5903,2263,16,"Tuna sashimi,Caprese Salad,Chicken wings,Chilli con carne",2020-08-12,18:27:53,completed,21.68
5904,1094,15,"Pork belly buns,Fettuccine Alfredo,California maki,Fettuccine Alfredo",2025-07-18,11:10:02,cancelled,25.83
5905,369,8,"Lasagne,Lasagne,Scotch eggs",2020-08-23,21:57:53,completed,18.41
5906,26,4,Katsu Curry,2023-03-11,20:29:49,completed,5.41
5907,2230,9,"Pasta and Beans,Salmon nigiri",2023-03-30,13:30:57,completed,14.8
5908,2026,25,Caprese Salad,2020-09-07,20:42:43,completed,5.99
5909,215,17,Meatballs with sauce,2024-04-24,16:24:12,completed,7.62
5910,2332,5,Teriyaki Chicken donburi,2023-06-11,15:07:08,completed,4.7
5911,635,30,Califlower penne,2024-02-29,13:42:13,completed,5.69
5912,2737,22,Ebiten maki,2022-06-07,11:18:12,completed,6.62
5913,555,24,"California maki,Vegetable Soup,Ricotta stuffed Ravioli,Pasta and Beans",2023-03-20,06:18:06,completed,28.06
5914,2008,8,Mushroom Risotto,2022-10-20,10:09:01,completed,8.55
5915,187,26,Caprese Salad,2021-09-23,08:16:21,completed,5.69
5916,966,11,French fries with sausages,2023-07-06,16:10:19,pending,6.21
5917,2634,17,Pappardelle alla Bolognese,2022-10-24,18:54:46,completed,4.17
5918,803,18,"Meatballs with sauce,Vegetable Soup",2022-11-28,17:05:20,completed,14.99
5919,1728,14,"Vegetable Soup,Linguine with clams,Teriyaki Chicken donburi,Barbecue Ribs,Linguine with clams",2024-01-16,20:32:12,completed,31.34
5920,902,25,"Pizza,Ricotta stuffed Ravioli",2023-09-17,10:12:41,completed,12.62
5921,1273,17,Chicken milanese,2020-08-19,18:35:58,completed,8.72
5922,1705,15,"Chilli con carne,Souvlaki",2024-03-08,11:30:01,pending,16.49
5923,1457,27,"Philadelphia maki,Chicken milanese",2022-09-19,19:40:00,completed,13.18
5924,2860,24,Pasta and Beans,2022-03-05,11:41:12,completed,6.6
5925,2139,14,"Ricotta stuffed Ravioli,Caesar Salad,Chicken Fajitas,Chicken milanese,Pappardelle alla Bolognese",2024-06-09,12:23:50,cancelled,29.73
5926,1558,4,"Mushroom Risotto,Ricotta stuffed Ravioli,Ricotta stuffed Ravioli,Pasta and Beans",2020-03-30,21:09:08,completed,29.67
5927,2319,13,"Bruschette with Tomato,Pork sausage roll,Fish and chips,Bruschette with Tomato",2023-07-05,17:28:36,completed,27.26
5928,2621,24,Pasta with Tomato and Basil,2020-08-08,09:17:58,completed,8.29
5929,1956,28,Pasta and Beans,2023-07-02,08:44:45,completed,6.38
5930,1240,13,"Ebiten maki,Lasagne,Linguine with clams,Ricotta stuffed Ravioli,Pappardelle alla Bolognese",2021-06-30,22:07:38,completed,29.83
5931,743,22,"Souvlaki,Risotto with seafood,Katsu Curry",2023-10-12,08:21:19,completed,16.87
5932,894,12,"Ebiten maki,Pork sausage roll,Pizza,Caesar Salad,Caprese Salad",2023-08-25,08:11:52,completed,39.44
5933,686,10,Caesar Salad,2024-08-04,19:53:56,completed,5.91
5934,2214,19,Teriyaki Chicken donburi,2020-07-10,10:06:16,completed,7.11
5935,618,22,Lasagne,2025-06-12,19:40:17,completed,8.78
5936,2375,16,"Pork belly buns,Bruschette with Tomato",2023-06-11,21:04:26,completed,11.3
5937,2667,2,Pizza,2022-12-18,08:12:47,completed,4.47
5938,561,1,Caesar Salad,2022-05-14,17:29:05,completed,4.17
5939,683,27,Barbecue Ribs,2025-07-29,11:14:00,completed,7.76
5940,2100,26,Caesar Salad,2020-01-15,17:29:57,completed,5.74
5941,2952,14,"Pasta Carbonara,Chicken wings",2022-11-18,18:22:03,completed,13.63
5942,228,24,"Pork belly buns,Ebiten maki",2025-04-04,12:41:06,completed,12.87
5943,616,9,Pasta with Tomato and Basil,2021-05-07,19:53:34,cancelled,5.34
5944,5,18,"Califlower penne,Pasta with Tomato and Basil,California maki",2020-01-30,17:24:28,completed,22.05
5945,615,24,Bruschette with Tomato,2020-12-19,06:47:37,completed,4.09
5946,537,1,"Chicken Fajitas,Chilli con carne,Chicken Fajitas",2022-12-02,10:42:49,completed,16.25
5947,2190,27,Salmon nigiri,2024-08-08,17:30:47,pending,4.45
5948,58,13,Philadelphia maki,2024-05-14,07:13:51,completed,8.09
5949,1016,1,"Linguine with clams,Caprese Salad,Bruschette with Tomato",2022-06-09,22:55:25,completed,18.96
5950,2885,7,"Pappardelle alla Bolognese,Chicken milanese,Fish and chips",2021-11-10,19:12:46,completed,21.63
5951,1394,8,Katsu Curry,2024-02-13,07:25:31,completed,8.3
5952,1349,20,"Pasta Carbonara,Katsu Curry,Souvlaki",2022-04-28,07:16:37,completed,15.98
5953,2257,16,Linguine with clams,2022-07-11,18:21:27,cancelled,4.95
5954,1501,13,Bruschette with Tomato,2023-07-22,11:33:43,completed,8.78
5955,491,11,Bruschette with Tomato,2022-11-18,18:43:18,completed,6.75
5956,2183,29,Pasta with Tomato and Basil,2024-10-10,14:43:18,completed,5.11
5957,2936,24,Pappardelle alla Bolognese,2022-06-22,13:29:31,pending,7.7
5958,2770,27,Scotch eggs,2021-08-16,07:17:52,completed,4.3
5959,2145,2,"Barbecue Ribs,Ricotta stuffed Ravioli,Tiramisù",2025-07-29,08:19:13,completed,22.06
5960,2765,17,"Chilli con carne,Caesar Salad,Pork sausage roll,French fries with sausages",2024-05-07,15:06:05,completed,23.06
5961,1558,17,"Pasta and Beans,Pork sausage roll",2025-03-26,14:40:30,completed,13.6
5962,412,2,Tiramisù,2022-12-23,09:54:48,completed,6.1
5963,296,30,Barbecue Ribs,2022-05-04,16:20:27,completed,7.78
5964,442,21,Fish and chips,2023-07-12,13:17:32,completed,6.98
5965,718,26,"Meatballs with sauce,Tiramisù,Katsu Curry,Salmon nigiri",2020-07-30,09:17:27,completed,22.88
5966,417,1,"Caprese Salad,Pizza,Caprese Salad,Barbecue Ribs,Pasta Carbonara",2021-09-18,16:08:17,completed,25.93
5967,344,8,Meatballs with sauce,2025-06-07,12:59:55,cancelled,4.59
5968,1079,26,Souvlaki,2023-11-18,15:55:42,completed,8.24
5969,327,2,"Tuna sashimi,Souvlaki",2022-01-16,18:21:51,pending,11.3
5970,2240,4,"Teriyaki Chicken donburi,Barbecue Ribs",2022-12-10,22:35:15,cancelled,11.09
5971,2128,12,Fish and chips,2020-12-28,11:58:16,completed,7.48
5972,2647,5,"Ebiten maki,Lasagne,California maki",2020-01-08,18:06:42,completed,16.28
5973,88,10,Risotto with seafood,2024-11-18,14:17:42,completed,6.71
5974,84,28,Scotch eggs,2024-12-10,13:51:57,completed,5.56
5975,2412,17,Chicken wings,2024-06-22,22:12:04,completed,8.85
5976,232,25,Bruschette with Tomato,2024-10-24,18:55:35,completed,6.61
5977,524,5,"California maki,French fries with sausages",2021-10-24,07:07:04,completed,13.51
5978,2834,25,"Tuna sashimi,Lasagne,Souvlaki,Califlower penne",2022-06-18,22:29:55,completed,22.86
5979,2164,6,Chicken milanese,2023-09-05,15:22:47,completed,5.74
5980,2475,18,Fish and chips,2021-10-10,12:36:36,pending,4.53
5981,566,26,Mushroom Risotto,2021-01-15,20:14:55,completed,8.94
5982,1149,8,"Chicken wings,Fettuccine Alfredo,Salmon nigiri,Chilli con carne,Ebiten maki",2025-09-30,15:50:25,completed,30.96
5983,1368,6,"Katsu Curry,Risotto with seafood,Ebiten maki",2020-04-21,09:57:17,completed,21.74
5984,286,25,Katsu Curry,2022-01-23,22:50:16,completed,8.29
5985,2642,17,"Chicken wings,California maki,Ebiten maki",2022-03-13,13:34:15,completed,22.77
5986,2530,27,Salmon nigiri,2023-05-13,21:27:58,completed,7.4
5987,2498,27,"Pork sausage roll,Tuna sashimi,Fish and chips",2022-12-04,07:58:53,completed,21.85
5988,2511,4,Pappardelle alla Bolognese,2023-02-05,08:54:40,completed,7.04
5989,645,17,"Chicken wings,California maki,Katsu Curry,Katsu Curry,Vegetable Soup",2022-07-01,11:30:25,pending,33.9
5990,1912,28,"Chicken wings,Vegetable Soup,Tiramisù",2020-02-20,16:04:50,completed,18.85
5991,235,14,Fish and chips,2021-01-26,22:34:25,completed,6.84
5992,1249,14,"Pasta with Tomato and Basil,Pasta and Beans,Pasta and Beans",2021-09-25,08:58:30,cancelled,20.68
5993,880,27,French fries with sausages,2020-11-27,14:22:40,cancelled,4.52
5994,64,9,"Meatballs with sauce,Chicken wings,Barbecue Ribs,Mushroom Risotto,Caesar Salad",2022-01-18,11:45:52,completed,29.87
5995,2944,8,Caprese Salad,2024-02-16,13:21:03,completed,6.45
5996,2422,12,"Teriyaki Chicken donburi,Souvlaki",2020-08-02,11:50:14,pending,12.95
5997,498,18,"Tuna sashimi,Chilli con carne,Souvlaki",2023-12-18,21:41:01,completed,19.48
5998,2346,20,Pizza,2021-02-12,19:51:47,completed,5.87
5999,2950,30,"Chilli con carne,Katsu Curry,Fish and chips",2025-09-23,18:55:23,pending,23.13
6000,788,17,"Pork belly buns,Salmon nigiri,Bruschette with Tomato",2021-01-04,09:32:13,completed,19.35
6001,1647,4,"Souvlaki,Barbecue Ribs,Fish and chips,Califlower penne",2025-08-22,11:56:43,completed,22.04
6002,2676,15,Barbecue Ribs,2024-03-27,14:44:36,completed,6.59
6003,233,2,"Cheeseburger,Linguine with clams",2023-06-20,21:58:38,completed,13.17
6004,2663,21,Chicken milanese,2022-09-01,07:00:51,completed,5.45
6005,1092,26,Souvlaki,2025-09-30,10:39:31,pending,5.75
6006,1203,15,Pizza,2020-03-25,22:16:21,completed,4.35
6007,529,20,California maki,2024-03-07,13:17:54,completed,6.11
6008,1098,9,"Cheeseburger,Caprese Salad",2021-04-04,09:00:00,completed,12.52
6009,695,29,"Pasta with Tomato and Basil,Tiramisù,Barbecue Ribs,Pasta and Beans,Pizza",2025-01-16,19:48:53,completed,34.37
6010,2250,17,"Bruschette with Tomato,Pork belly buns,Lasagne",2020-03-28,12:54:46,pending,18.85
6011,2948,10,Risotto with seafood,2021-11-24,07:26:41,completed,7.64
6012,795,12,"Cheeseburger,Fish and chips",2024-11-09,19:32:02,completed,14.15
6013,2666,3,Risotto with seafood,2021-07-18,21:45:30,pending,7.95
6014,1820,29,"Souvlaki,Ricotta stuffed Ravioli,Katsu Curry",2021-09-18,16:39:17,completed,17.47
6015,1765,22,"Pasta with Tomato and Basil,Barbecue Ribs",2025-01-11,15:48:18,completed,9.04
6016,1995,4,Mushroom Risotto,2020-01-02,06:53:03,completed,6.97
6017,2503,25,Salmon nigiri,2022-08-05,11:42:34,completed,5.53
6018,1266,14,Barbecue Ribs,2022-04-27,14:09:25,completed,7.87
6019,769,10,Philadelphia maki,2020-05-03,09:52:07,completed,6.75
6020,2058,19,"Caprese Salad,Ebiten maki",2020-08-22,08:47:10,completed,15.04
6021,912,21,"Risotto with seafood,Caesar Salad,Teriyaki Chicken donburi,Lasagne,Cheeseburger",2022-12-19,07:35:17,completed,36.54
6022,2144,18,"Fettuccine Alfredo,Chicken wings",2024-09-14,07:13:54,completed,10.96
6023,2548,9,Chilli con carne,2024-10-02,17:43:59,completed,6.45
6024,1901,17,Chilli con carne,2022-05-05,10:12:39,completed,8.71
6025,322,28,Caprese Salad,2021-05-11,20:12:42,pending,7.0
6026,2491,30,"Califlower penne,Cheeseburger,Vegetable Soup",2022-05-08,21:07:14,completed,22.49
6027,2375,4,"Scotch eggs,Chicken milanese,Risotto with seafood",2023-05-09,17:14:02,completed,17.67
6028,2844,12,"Ebiten maki,Fish and chips,French fries with sausages,Risotto with seafood",2023-10-17,12:41:30,completed,23.42
6029,2334,28,"Barbecue Ribs,Katsu Curry,Bruschette with Tomato",2024-02-19,16:52:15,completed,15.67
6030,1701,14,Risotto with seafood,2024-11-03,09:38:03,completed,5.51
6031,2150,20,Chicken wings,2023-12-25,14:33:10,completed,5.33
6032,2695,20,Tiramisù,2020-04-29,18:28:20,completed,8.64
6033,2270,1,Chicken Fajitas,2020-06-29,15:00:17,pending,6.17
6034,2731,16,Teriyaki Chicken donburi,2025-05-23,06:50:41,completed,8.81
6035,1798,27,"Pizza,Salmon nigiri",2022-05-15,09:29:00,completed,10.81
6036,2185,4,Philadelphia maki,2025-05-11,17:37:35,completed,5.33
6037,1436,30,"Katsu Curry,Califlower penne",2024-03-25,11:58:46,completed,11.19
6038,2370,5,"Chicken milanese,Fettuccine Alfredo,Pork belly buns,Barbecue Ribs,Pasta with Tomato and Basil",2021-11-09,06:44:20,pending,33.53
6039,2172,13,Chicken wings,2025-06-20,08:02:45,completed,4.08
6040,1375,5,"Mushroom Risotto,Meatballs with sauce",2022-03-12,14:42:39,completed,12.69
6041,1378,1,"Cheeseburger,Tuna sashimi,Pasta with Tomato and Basil",2022-07-08,09:34:13,pending,20.23
6042,2107,9,"Mushroom Risotto,California maki,Chicken wings",2023-10-18,17:33:38,completed,21.12
6043,916,8,Philadelphia maki,2023-02-26,07:44:13,completed,5.14
6044,818,5,Linguine with clams,2023-04-20,19:33:07,completed,7.32
6045,1724,29,"Tuna sashimi,Meatballs with sauce,Chicken Fajitas",2024-01-12,22:11:29,completed,20.54
6046,536,20,"Scotch eggs,Vegetable Soup",2021-02-05,07:38:57,completed,13.33
6047,737,28,Pasta Carbonara,2020-06-14,14:41:33,completed,8.75
6048,1511,30,"Salmon nigiri,Linguine with clams",2020-05-10,22:27:55,completed,12.24
6049,1999,19,"Lasagne,Katsu Curry",2020-03-01,07:22:31,completed,12.43
6050,1546,27,"Chilli con carne,Ebiten maki,Salmon nigiri,French fries with sausages,Teriyaki Chicken donburi",2025-05-06,22:59:14,completed,38.89
6051,1174,10,Teriyaki Chicken donburi,2024-10-03,08:15:40,completed,5.55
6052,699,2,"Pork belly buns,Katsu Curry",2024-01-22,16:33:06,pending,12.93
6053,2931,22,"Caesar Salad,California maki",2023-12-28,14:03:34,pending,13.69
6054,2671,5,Barbecue Ribs,2021-12-17,14:14:52,completed,6.97
6055,436,17,Tiramisù,2023-08-22,10:15:16,completed,7.24
6056,1311,16,"Katsu Curry,Califlower penne,Mushroom Risotto,Chilli con carne",2024-03-16,08:10:03,completed,30.32
6057,629,25,"Chicken wings,Souvlaki,Risotto with seafood",2022-03-07,19:48:42,completed,21.41
6058,2986,17,Barbecue Ribs,2025-05-24,22:23:41,completed,6.13
6059,2907,6,"Caesar Salad,Chicken wings,Pasta Carbonara,Lasagne,Pork belly buns",2022-04-26,17:34:16,completed,30.72
6060,78,28,"Pork sausage roll,Risotto with seafood,Pappardelle alla Bolognese,Caprese Salad",2022-05-16,13:23:34,completed,26.62
6061,212,29,California maki,2022-02-27,16:54:27,pending,4.48
6062,1516,28,"Souvlaki,Tiramisù,Scotch eggs",2021-12-18,12:13:32,completed,18.45
6063,975,3,Ebiten maki,2025-01-28,14:33:46,cancelled,5.59
6064,2817,5,Lasagne,2020-11-16,15:34:05,completed,7.21
6065,1584,13,"Souvlaki,Pork sausage roll,Risotto with seafood",2025-01-13,12:29:04,completed,22.82
6066,850,29,"Teriyaki Chicken donburi,Caesar Salad",2024-03-18,08:01:32,completed,10.86
6067,78,20,"Cheeseburger,Pappardelle alla Bolognese,Bruschette with Tomato",2023-07-17,21:26:43,completed,18.97
6068,2431,24,"Pasta and Beans,Linguine with clams",2022-08-01,16:09:14,completed,14.56
6069,1142,19,Souvlaki,2021-03-07,19:36:20,completed,8.21
6070,1874,21,Teriyaki Chicken donburi,2024-01-31,21:36:59,pending,4.63
6071,2357,17,"Pork sausage roll,Linguine with clams",2025-07-05,13:49:43,pending,16.09
6072,2842,26,"Pork belly buns,California maki,Caesar Salad,Pork sausage roll",2022-10-20,08:23:43,completed,22.77
6073,1505,9,"Vegetable Soup,Chicken wings,Pasta Carbonara",2022-02-01,18:59:37,completed,15.12
6074,1420,21,"Pork sausage roll,Bruschette with Tomato",2020-10-11,14:13:50,completed,14.23
6075,587,23,Chicken milanese,2023-02-10,21:54:49,completed,4.4
6076,1434,22,Linguine with clams,2021-08-17,16:52:36,completed,4.91
6077,100,7,"Souvlaki,Lasagne,Pork sausage roll",2021-05-28,16:26:52,completed,19.72
6078,413,11,Fish and chips,2025-02-26,10:21:03,completed,8.7
6079,559,28,"California maki,Caesar Salad,Chicken milanese,Tuna sashimi",2022-01-16,15:16:38,completed,25.03
6080,1058,28,Tuna sashimi,2023-05-31,17:06:19,completed,4.02
6081,2789,23,"Salmon nigiri,Pizza,Pizza,Linguine with clams",2021-06-11,18:15:11,pending,25.72
6082,995,23,"Caesar Salad,California maki",2025-06-10,09:40:16,completed,13.46
6083,175,8,Souvlaki,2021-01-17,06:37:32,completed,4.77
6084,2218,11,Meatballs with sauce,2020-10-18,22:50:57,completed,7.02
6085,1111,14,"Pasta and Beans,Chicken Fajitas,Souvlaki",2021-04-22,10:51:25,pending,15.26
6086,2147,29,Caesar Salad,2023-03-03,18:38:54,completed,8.84
6087,725,13,Fettuccine Alfredo,2021-06-22,09:58:23,completed,8.34
6088,418,14,Katsu Curry,2022-08-13,20:58:49,completed,4.62
6089,3,25,Linguine with clams,2020-04-19,08:19:46,completed,4.84
6090,546,22,Pork sausage roll,2024-09-20,15:35:40,completed,6.94
6091,303,4,Linguine with clams,2020-03-06,12:41:04,completed,4.97
6092,1663,3,Philadelphia maki,2023-10-02,21:35:10,completed,5.91
6093,1264,29,Pasta and Beans,2024-11-08,19:37:47,completed,4.25
6094,1471,19,"Linguine with clams,Scotch eggs",2022-08-02,18:39:41,completed,13.88
6095,88,26,Philadelphia maki,2023-10-16,20:22:19,completed,4.44
6096,789,6,Risotto with seafood,2021-01-16,10:05:09,completed,4.11
6097,2294,28,"Mushroom Risotto,Ebiten maki",2020-01-23,11:49:00,completed,11.11
6098,488,12,Pizza,2021-01-08,15:47:29,completed,4.86
6099,1277,5,Pork sausage roll,2021-09-12,10:31:35,completed,4.65
6100,1986,29,Souvlaki,2021-04-05,13:24:29,completed,8.02
6101,1012,21,French fries with sausages,2025-02-06,13:01:33,completed,5.3
6102,5,25,"Caesar Salad,Pasta and Beans",2023-05-17,06:25:39,pending,14.93
6103,73,30,Chicken wings,2024-02-12,22:21:06,completed,7.69
6104,2870,11,Lasagne,2022-07-28,09:24:43,cancelled,5.74
6105,563,23,Fettuccine Alfredo,2025-10-01,07:31:33,pending,4.95
6106,2286,14,"Pasta Carbonara,Teriyaki Chicken donburi,California maki,Mushroom Risotto",2020-11-22,11:54:46,completed,23.3
6107,1857,4,Lasagne,2022-09-02,09:43:18,completed,4.83
6108,1117,5,"Pasta with Tomato and Basil,Pizza,Mushroom Risotto,Ebiten maki",2025-07-27,16:03:03,pending,30.76
6109,2339,5,Caesar Salad,2020-11-07,19:49:17,completed,6.84
6110,580,22,"Lasagne,French fries with sausages,Meatballs with sauce,Pasta and Beans",2021-08-15,16:24:36,completed,30.25
6111,1829,25,"Teriyaki Chicken donburi,Caprese Salad,Pork belly buns",2022-03-08,18:33:08,cancelled,17.24
6112,1774,29,Linguine with clams,2025-05-20,14:05:57,completed,4.95
6113,2142,26,"Souvlaki,Pork belly buns,Philadelphia maki",2022-08-20,11:02:34,completed,20.54
6114,1227,16,Pork belly buns,2023-11-18,14:41:29,completed,4.29
6115,2703,26,"Teriyaki Chicken donburi,Pork belly buns,Pork belly buns",2020-05-09,18:55:28,completed,15.24
6116,1460,19,"Chilli con carne,Fettuccine Alfredo,Lasagne",2020-09-11,20:53:18,completed,20.16
6117,607,9,"Pasta Carbonara,Teriyaki Chicken donburi,Pasta with Tomato and Basil",2020-02-01,06:44:17,completed,20.6
6118,774,1,"Chicken Fajitas,Mushroom Risotto,Linguine with clams,Pasta and Beans",2020-12-06,08:59:47,completed,25.25
6119,1800,21,"Linguine with clams,Lasagne,Bruschette with Tomato,Caprese Salad,Scotch eggs",2021-11-26,17:14:39,completed,34.59
6120,1161,28,"French fries with sausages,Chilli con carne",2022-05-04,20:04:46,completed,11.01
6121,480,13,Salmon nigiri,2025-03-02,17:58:58,completed,5.6
6122,873,24,Scotch eggs,2022-07-01,19:31:24,pending,6.43
6123,2215,3,"Ebiten maki,Katsu Curry,Mushroom Risotto,Meatballs with sauce,French fries with sausages",2020-02-21,14:32:00,completed,30.3
6124,1493,21,Tuna sashimi,2023-05-10,15:30:21,completed,4.68
6125,2337,7,Pork sausage roll,2022-03-03,22:02:46,completed,6.32
6126,1975,10,"Chicken Fajitas,Philadelphia maki",2025-07-21,16:20:38,completed,11.08
6127,2735,23,"Pasta with Tomato and Basil,Ricotta stuffed Ravioli",2020-01-21,11:32:35,completed,14.54
6128,1138,10,Risotto with seafood,2025-09-14,21:59:10,pending,8.59
6129,275,27,"Fish and chips,Salmon nigiri",2025-06-01,22:40:49,completed,14.86
6130,1307,16,"Fish and chips,Chilli con carne",2021-04-09,08:49:11,completed,14.6
6131,360,6,"Pizza,Ebiten maki,Barbecue Ribs,Vegetable Soup,Chilli con carne",2024-08-04,07:28:12,completed,37.45
6132,1448,10,Pizza,2020-04-11,22:14:35,completed,5.84
6133,552,30,"Pasta with Tomato and Basil,Vegetable Soup",2021-04-13,10:22:27,completed,16.3
6134,1388,11,Chicken Fajitas,2020-05-14,20:06:05,pending,8.99
6135,2217,15,Tuna sashimi,2021-08-11,16:45:48,completed,5.65
6136,1038,7,"Philadelphia maki,Linguine with clams,Pork sausage roll",2024-07-12,07:57:47,completed,20.14
6137,1267,16,Risotto with seafood,2023-03-13,10:06:27,completed,6.0
6138,457,17,"Linguine with clams,Fettuccine Alfredo",2020-05-19,10:27:13,pending,12.27
6139,352,6,"Barbecue Ribs,Philadelphia maki",2021-12-04,22:40:53,completed,12.91
6140,873,6,"Pappardelle alla Bolognese,Vegetable Soup,Meatballs with sauce",2025-04-27,18:30:39,completed,15.53
6141,814,3,Mushroom Risotto,2022-08-01,09:56:17,completed,4.77
6142,1194,26,"Chicken Fajitas,Tuna sashimi",2022-03-10,13:16:54,completed,15.24
6143,150,7,"Bruschette with Tomato,Ricotta stuffed Ravioli,Katsu Curry",2025-09-15,09:12:49,completed,20.82
6144,65,2,California maki,2021-04-21,22:34:03,completed,7.97
6145,2645,11,Lasagne,2025-07-24,18:51:22,completed,4.52
6146,552,14,Chilli con carne,2024-02-20,10:09:48,completed,6.92
6147,1585,10,Cheeseburger,2020-08-28,20:23:01,completed,4.53
6148,824,12,Chilli con carne,2024-08-13,22:10:43,completed,7.23
6149,2236,25,"Cheeseburger,Chicken wings",2025-03-25,21:19:37,completed,17.24
6150,425,27,Barbecue Ribs,2021-12-16,06:57:06,completed,7.02
6151,1697,18,"Fettuccine Alfredo,Fish and chips,Souvlaki",2021-12-31,21:52:34,completed,16.97
6152,2023,1,"Meatballs with sauce,Risotto with seafood",2023-04-04,11:27:41,cancelled,13.42
6153,2127,20,"Cheeseburger,Pork sausage roll,Chicken Fajitas,Fish and chips",2024-04-27,08:15:51,pending,26.18
6154,1616,28,"Barbecue Ribs,Pasta Carbonara",2024-09-10,12:51:12,completed,13.11
6155,1645,25,"Chilli con carne,Pappardelle alla Bolognese,Fish and chips",2020-08-31,09:36:26,completed,20.75
6156,2630,15,Bruschette with Tomato,2024-03-08,10:48:39,completed,5.61
6157,367,27,"Califlower penne,Chicken Fajitas",2024-06-17,10:23:16,completed,15.88
6158,150,13,Pasta Carbonara,2024-05-07,16:55:00,completed,5.89
6159,49,30,Pizza,2025-04-03,21:50:18,completed,6.94
6160,169,13,"Fish and chips,Chicken Fajitas,Pork sausage roll,Pasta and Beans",2020-11-30,14:36:03,completed,25.54
6161,2129,28,Vegetable Soup,2023-11-10,17:45:54,completed,6.01
6162,743,2,Ebiten maki,2021-05-03,16:12:06,pending,4.25
6163,1570,14,"Meatballs with sauce,Pappardelle alla Bolognese",2024-02-19,08:54:57,pending,13.7
6164,1342,11,"Katsu Curry,Philadelphia maki,Ebiten maki,Linguine with clams",2021-09-10,21:29:37,completed,23.53
6165,200,17,"Meatballs with sauce,Linguine with clams,Tiramisù",2023-06-25,06:00:00,completed,18.86
6166,568,11,Tuna sashimi,2023-06-15,20:22:19,completed,8.56
6167,2838,2,"Pork sausage roll,Teriyaki Chicken donburi",2024-04-15,13:11:59,completed,10.18
6168,1111,1,Pasta and Beans,2025-07-10,11:58:43,pending,8.62
6169,1739,21,"Pork sausage roll,California maki",2024-06-04,21:06:49,completed,11.66
6170,2984,16,"Salmon nigiri,Pizza",2021-02-01,16:29:11,cancelled,12.68
6171,1644,25,"Cheeseburger,French fries with sausages,Ricotta stuffed Ravioli",2025-05-27,19:39:02,completed,20.05
6172,1450,20,Chicken Fajitas,2021-04-27,06:56:53,cancelled,7.18
6173,2639,28,Risotto with seafood,2023-11-13,06:48:42,completed,7.43
6174,2956,6,"Tuna sashimi,Pasta with Tomato and Basil,Souvlaki,Mushroom Risotto,Chicken milanese",2020-06-03,12:08:27,completed,35.02
6175,1844,9,"Philadelphia maki,Scotch eggs",2023-02-04,09:52:08,completed,9.69
6176,3000,25,Ebiten maki,2023-10-28,09:26:44,completed,7.46
6177,380,7,Fish and chips,2020-10-17,09:49:45,completed,6.59
6178,1888,13,Philadelphia maki,2024-02-08,07:27:48,completed,5.44
6179,1320,13,Chicken wings,2022-11-24,08:42:09,completed,5.11
6180,975,13,"Pasta with Tomato and Basil,Lasagne,Califlower penne",2025-05-27,16:37:53,completed,17.6
6181,2929,22,"Tuna sashimi,Bruschette with Tomato,French fries with sausages",2023-05-25,22:41:02,completed,21.58
6182,2893,8,"Souvlaki,Califlower penne",2020-08-28,11:59:23,completed,13.91
6183,2603,17,"Ebiten maki,Meatballs with sauce,Pappardelle alla Bolognese,Bruschette with Tomato",2020-06-24,17:18:44,completed,26.29
6184,907,14,"Chicken wings,Chicken milanese,Lasagne",2020-07-07,16:32:32,completed,21.61
6185,1081,13,Barbecue Ribs,2023-07-02,21:33:46,completed,7.1
6186,2223,13,"Pasta Carbonara,Chicken Fajitas,Teriyaki Chicken donburi,Lasagne",2021-08-07,11:27:21,completed,27.47
6187,1002,17,Souvlaki,2023-01-20,19:55:35,completed,4.48
6188,2278,24,Lasagne,2020-11-30,19:50:54,completed,4.01
6189,925,6,Meatballs with sauce,2021-07-14,21:34:03,pending,5.79
6190,1985,2,Mushroom Risotto,2023-07-02,10:20:20,completed,5.45
6191,2797,2,Salmon nigiri,2024-06-16,10:07:36,completed,8.81
6192,2784,26,Fish and chips,2024-05-24,20:42:32,completed,4.97
6193,1620,10,"Fettuccine Alfredo,Chicken Fajitas,Souvlaki,Caesar Salad",2022-11-14,10:55:38,cancelled,26.77
6194,2284,27,"Teriyaki Chicken donburi,Pork sausage roll,Pizza,Pork belly buns,Salmon nigiri",2022-04-20,20:49:17,completed,32.19
6195,108,25,Califlower penne,2024-10-24,15:31:04,completed,7.66
6196,282,24,"Chicken milanese,Caprese Salad,Ebiten maki,Tiramisù,Mushroom Risotto",2020-10-19,07:35:53,pending,32.41
6197,934,25,"Meatballs with sauce,Katsu Curry,Pasta with Tomato and Basil",2025-05-16,15:04:29,pending,21.98
6198,2282,13,"Salmon nigiri,Linguine with clams,Linguine with clams",2025-06-13,06:36:19,completed,15.41
6199,1101,17,French fries with sausages,2023-03-12,16:14:08,pending,4.6
6200,102,27,Caesar Salad,2024-12-27,06:19:41,completed,8.56
6201,364,27,Barbecue Ribs,2023-02-05,16:23:54,completed,4.47
6202,647,10,"Linguine with clams,Pork belly buns,Salmon nigiri,Philadelphia maki,Fish and chips",2021-04-21,17:27:19,completed,35.72
6203,2568,28,Pork sausage roll,2020-10-18,15:32:23,completed,5.22
6204,143,17,Pasta with Tomato and Basil,2023-06-06,21:19:59,completed,7.06
6205,2337,23,"Cheeseburger,Barbecue Ribs",2025-06-17,09:54:44,completed,13.66
6206,190,9,"Katsu Curry,Pasta and Beans",2022-10-19,22:10:05,completed,15.08
6207,1925,27,French fries with sausages,2025-04-09,20:54:21,completed,6.69
6208,560,26,"Souvlaki,Chilli con carne,Ebiten maki",2023-07-18,17:19:41,pending,20.43
6209,1590,25,"Risotto with seafood,Pasta Carbonara,Pappardelle alla Bolognese",2020-10-27,18:03:29,completed,22.62
6210,2300,30,Katsu Curry,2020-07-10,17:27:33,completed,6.87
6211,2367,17,Philadelphia maki,2021-11-08,07:37:33,completed,5.42
6212,80,24,California maki,2022-01-13,08:02:40,completed,4.64
6213,1998,16,"Pasta Carbonara,Pasta with Tomato and Basil,Chicken milanese,Pork belly buns",2023-04-15,08:43:40,cancelled,29.18
6214,390,30,Pasta and Beans,2020-11-10,09:39:55,completed,4.09
6215,496,1,Caprese Salad,2025-01-02,20:35:10,completed,8.73
6216,2390,17,Barbecue Ribs,2022-03-14,08:33:45,completed,6.62
6217,750,8,"Pappardelle alla Bolognese,French fries with sausages,Teriyaki Chicken donburi",2024-12-29,13:34:46,pending,21.83
6218,789,1,"Chicken Fajitas,Fish and chips,Cheeseburger",2022-03-08,11:16:44,completed,21.74
6219,2089,28,"California maki,Katsu Curry,Vegetable Soup,Pappardelle alla Bolognese",2024-01-07,19:35:34,completed,24.58
6220,887,11,Vegetable Soup,2022-06-25,11:42:23,completed,7.62
6221,613,5,Pizza,2025-08-02,18:38:14,pending,6.89
6222,719,11,Fettuccine Alfredo,2024-09-28,08:16:49,completed,5.84
6223,679,3,Fettuccine Alfredo,2021-07-08,09:05:42,completed,8.92
6224,843,26,Barbecue Ribs,2025-07-09,06:52:02,completed,5.31
6225,2733,4,Caprese Salad,2022-11-28,18:22:59,completed,8.72
6226,2399,24,Cheeseburger,2023-09-01,13:59:59,completed,7.16
6227,113,22,Tuna sashimi,2024-11-21,20:04:43,completed,8.58
6228,256,9,"Pork sausage roll,Philadelphia maki,Cheeseburger,Tiramisù,Ricotta stuffed Ravioli",2023-08-29,06:50:21,completed,34.64
6229,1122,6,"Lasagne,Teriyaki Chicken donburi,Katsu Curry",2020-12-20,14:30:22,completed,20.86
6230,2264,2,Tiramisù,2023-11-21,20:00:39,completed,6.15
6231,1934,5,"Scotch eggs,Pork belly buns",2024-12-17,17:07:06,completed,16.28
6232,444,14,Cheeseburger,2025-04-15,07:21:18,completed,5.35
6233,2329,8,Chicken milanese,2025-09-08,16:10:19,completed,6.77
6234,2144,20,"Philadelphia maki,California maki,Caprese Salad,Meatballs with sauce,Pasta and Beans",2020-08-16,06:22:50,completed,36.04
6235,2032,28,"Pappardelle alla Bolognese,Risotto with seafood",2025-04-18,11:14:02,pending,11.7
6236,2653,11,"Chicken wings,Pasta and Beans,California maki",2025-07-23,15:52:22,pending,19.08
6237,1003,23,"Risotto with seafood,Risotto with seafood,Risotto with seafood,Risotto with seafood,Linguine with clams",2020-11-09,19:38:41,completed,30.63
6238,2004,9,"Barbecue Ribs,Chicken Fajitas",2022-05-03,17:14:24,completed,15.87
6239,2859,6,"Chicken wings,Teriyaki Chicken donburi",2021-12-11,16:44:01,completed,14.05
6240,730,12,"Lasagne,Fish and chips",2022-03-29,16:52:06,pending,17.74
6241,26,12,Linguine with clams,2023-11-02,18:56:01,completed,4.35
6242,1035,28,"Chicken Fajitas,Pizza",2024-03-23,09:45:59,completed,13.68
6243,2650,3,"Bruschette with Tomato,Philadelphia maki,Pasta with Tomato and Basil",2021-09-27,17:59:17,completed,19.83
6244,1398,9,"Risotto with seafood,Bruschette with Tomato,Ebiten maki,Vegetable Soup",2024-08-06,07:53:49,completed,25.15
6245,214,9,Chicken milanese,2024-08-22,17:29:21,pending,8.46
6246,7,30,"Caprese Salad,Caprese Salad,California maki,Tuna sashimi",2021-01-22,22:32:05,pending,25.25
6247,1274,4,French fries with sausages,2020-08-08,13:10:10,completed,5.13
6248,971,8,"Vegetable Soup,Chicken wings,Ebiten maki,Vegetable Soup",2022-12-16,07:32:53,completed,23.54
6249,2599,20,"Meatballs with sauce,Caprese Salad,Risotto with seafood,Lasagne",2024-03-23,22:15:09,completed,27.62
6250,1355,12,"Katsu Curry,Lasagne,Katsu Curry,Bruschette with Tomato,Pork sausage roll",2020-08-13,07:23:10,completed,37.59
6251,1503,11,"Mushroom Risotto,Linguine with clams,Risotto with seafood,Katsu Curry",2020-04-08,07:05:28,completed,25.13
6252,1541,1,Fish and chips,2021-12-06,14:24:09,completed,5.65
6253,2133,26,Linguine with clams,2023-08-30,20:21:28,completed,5.08
6254,970,8,Risotto with seafood,2023-10-25,12:55:11,completed,4.83
6255,2303,1,"Meatballs with sauce,Caesar Salad",2020-06-24,16:33:14,completed,14.07
6256,2318,24,"Pork sausage roll,Fish and chips,Philadelphia maki,Mushroom Risotto",2024-10-11,11:22:47,completed,25.78
6257,426,13,"Califlower penne,Ricotta stuffed Ravioli,Chicken Fajitas,Caesar Salad",2023-06-11,20:31:19,completed,25.91
6258,2981,5,"Ebiten maki,Fettuccine Alfredo",2024-02-13,14:45:25,cancelled,12.2
6259,791,14,"Salmon nigiri,California maki",2021-07-19,09:26:42,completed,10.29
6260,2994,15,Scotch eggs,2022-05-19,09:14:44,pending,5.33
6261,2767,18,Pasta Carbonara,2024-09-05,15:44:29,completed,7.6
6262,34,10,"Katsu Curry,California maki",2022-03-11,10:42:31,completed,13.04
6263,2908,2,"Risotto with seafood,Caesar Salad,Chicken Fajitas,Fish and chips",2025-07-28,13:28:17,completed,26.98
6264,580,3,Ricotta stuffed Ravioli,2024-07-14,10:54:17,pending,6.85
6265,1420,23,"Bruschette with Tomato,Bruschette with Tomato",2020-04-10,15:47:59,completed,10.94
6266,2667,26,French fries with sausages,2025-04-25,09:15:42,completed,6.44
6267,1890,21,Scotch eggs,2020-01-12,19:04:35,completed,5.12
6268,1118,10,Ebiten maki,2023-03-04,10:10:17,completed,4.47
6269,1655,3,"Risotto with seafood,Califlower penne",2025-04-14,08:49:27,completed,13.4
6270,204,5,"Cheeseburger,Caesar Salad,Califlower penne",2024-06-14,21:49:45,completed,21.83
6271,1644,7,"French fries with sausages,Pork sausage roll",2022-09-11,13:52:37,completed,17.25
6272,2120,3,"Risotto with seafood,Scotch eggs",2025-04-18,16:15:47,completed,12.45
6273,2808,6,"Ebiten maki,Tuna sashimi,Pasta with Tomato and Basil,Chicken milanese",2024-08-07,07:34:37,completed,24.83
6274,1218,11,Cheeseburger,2021-01-08,17:01:51,pending,7.24
6275,2598,1,"Souvlaki,Fish and chips,Bruschette with Tomato,Tiramisù,Mushroom Risotto",2021-08-18,16:02:24,completed,32.77
6276,2876,8,Pork sausage roll,2020-12-06,12:22:38,completed,7.4
6277,1425,2,"Pappardelle alla Bolognese,Ricotta stuffed Ravioli,Meatballs with sauce",2023-08-20,12:50:36,completed,21.89
6278,2905,2,"Chicken milanese,Caprese Salad",2024-07-04,17:38:30,completed,16.74
6279,178,26,"Califlower penne,Risotto with seafood,Caprese Salad",2024-07-23,17:16:31,completed,20.47
6280,1140,22,"Barbecue Ribs,Barbecue Ribs,Pork belly buns,Tiramisù,Pork sausage roll",2020-08-28,20:28:42,completed,37.75
6281,1083,20,"Katsu Curry,Katsu Curry,Pasta with Tomato and Basil,Vegetable Soup",2021-04-21,13:32:45,completed,25.38
6282,2643,24,Meatballs with sauce,2023-12-02,22:48:38,completed,4.84
6283,1319,23,"Katsu Curry,Tiramisù,Katsu Curry",2025-02-25,10:22:23,completed,19.3
6284,2927,24,"Risotto with seafood,Caesar Salad,Vegetable Soup,Mushroom Risotto,Vegetable Soup",2021-08-06,08:54:35,completed,38.79
6285,242,9,"Vegetable Soup,Teriyaki Chicken donburi,Lasagne",2025-04-13,06:44:12,completed,16.06
6286,128,20,"French fries with sausages,Salmon nigiri",2023-12-14,17:25:10,completed,16.16
6287,2204,18,Pappardelle alla Bolognese,2020-09-16,14:15:18,completed,6.32
6288,962,19,Fettuccine Alfredo,2024-05-17,11:36:29,completed,7.56
6289,2633,24,"Pappardelle alla Bolognese,Pappardelle alla Bolognese",2024-11-02,08:34:25,completed,13.5
6290,2397,15,Mushroom Risotto,2024-12-14,15:23:25,completed,7.17
6291,1600,26,French fries with sausages,2023-03-25,07:40:56,pending,4.69
6292,871,2,California maki,2023-03-12,17:43:48,completed,7.85
6293,2906,12,"Souvlaki,Chicken milanese",2024-01-18,22:41:57,completed,15.85
6294,1765,9,Pappardelle alla Bolognese,2022-02-15,07:11:54,cancelled,7.79
6295,830,2,"Linguine with clams,Teriyaki Chicken donburi,Ricotta stuffed Ravioli,California maki",2023-02-14,20:11:22,pending,28.18
6296,2025,9,Ricotta stuffed Ravioli,2020-10-02,06:45:40,cancelled,8.86
6297,2397,28,"Vegetable Soup,Barbecue Ribs,Chicken wings",2022-07-28,06:12:57,completed,22.48
6298,1983,17,"Pizza,Caprese Salad",2020-02-27,07:35:18,pending,10.7
6299,2535,11,Chicken Fajitas,2023-07-24,09:43:57,completed,5.09
6300,189,24,Pasta Carbonara,2020-10-29,16:01:06,completed,6.9
6301,1373,15,"Cheeseburger,Mushroom Risotto",2023-10-25,21:14:32,completed,16.12
6302,2281,15,Tiramisù,2021-09-28,19:14:32,completed,7.03
6303,662,14,Ebiten maki,2025-05-17,19:02:11,pending,4.87
6304,2894,19,"Pasta and Beans,Pasta with Tomato and Basil,Cheeseburger",2025-03-24,07:35:56,pending,24.05
6305,2144,28,"Philadelphia maki,Chicken wings,Mushroom Risotto,Teriyaki Chicken donburi",2022-08-26,06:42:17,completed,25.98
6306,625,11,Souvlaki,2023-12-02,08:10:41,completed,6.19
6307,2454,19,Fish and chips,2023-04-18,08:14:49,pending,4.99
6308,262,13,"Fish and chips,Caesar Salad",2025-03-01,10:56:30,completed,10.89
6309,2994,19,Risotto with seafood,2023-05-14,10:16:02,completed,6.78
6310,208,6,"Chilli con carne,Chicken Fajitas,Pappardelle alla Bolognese,Barbecue Ribs,Pork sausage roll",2025-06-17,16:58:10,completed,36.63
6311,2492,2,Katsu Curry,2020-07-10,18:16:04,completed,6.22
6312,2740,24,"Pasta with Tomato and Basil,Caesar Salad,Souvlaki",2025-06-11,17:44:22,pending,18.9
6313,2463,16,Tuna sashimi,2025-07-07,08:50:51,completed,6.87
6314,1671,9,"Ricotta stuffed Ravioli,Salmon nigiri,French fries with sausages",2023-05-04,12:44:06,completed,19.96
6315,1125,30,Fish and chips,2021-08-02,13:37:52,completed,7.97
6316,1516,10,Bruschette with Tomato,2024-07-30,06:09:51,completed,4.54
6317,2726,30,Lasagne,2024-03-25,14:36:48,pending,5.36
6318,1300,6,Meatballs with sauce,2020-05-01,15:59:07,cancelled,5.23
6319,2613,10,Meatballs with sauce,2023-07-16,19:24:22,completed,4.62
6320,2275,17,French fries with sausages,2020-11-11,14:12:09,pending,6.18
6321,2312,1,"Pork sausage roll,Bruschette with Tomato",2024-06-12,12:42:26,completed,13.06
6322,1788,29,Fish and chips,2025-06-09,15:06:14,pending,8.95
6323,2789,10,"California maki,Katsu Curry,Tiramisù,Souvlaki",2022-05-16,10:07:03,completed,28.21
6324,1971,23,Vegetable Soup,2022-04-30,22:24:27,completed,8.48
6325,691,2,"Pasta Carbonara,Souvlaki,Scotch eggs",2022-04-15,16:09:28,completed,16.17
6326,400,3,"Pork belly buns,Caprese Salad,Philadelphia maki",2024-06-17,14:33:54,completed,21.2
6327,801,17,"Ricotta stuffed Ravioli,Caesar Salad,Cheeseburger",2024-09-23,08:42:41,pending,17.71
6328,2172,5,Califlower penne,2023-11-29,21:07:44,completed,5.61
6329,1077,20,"Pork sausage roll,Linguine with clams,Pappardelle alla Bolognese,Chicken wings",2025-07-23,15:10:01,cancelled,27.23
6330,624,18,Chicken Fajitas,2023-06-18,22:54:07,pending,5.48
6331,373,10,Pork belly buns,2024-07-28,14:45:25,pending,7.61
6332,1700,19,"Mushroom Risotto,Chicken wings,Cheeseburger",2020-09-28,06:47:08,completed,19.3
6333,2966,6,"Chilli con carne,Linguine with clams",2025-09-25,07:23:58,completed,9.0
6334,2592,6,Pasta with Tomato and Basil,2021-12-18,18:38:21,completed,8.1
6335,275,29,"Vegetable Soup,Lasagne",2022-01-21,09:22:13,completed,17.29
6336,2008,17,Scotch eggs,2023-06-23,13:05:40,completed,8.03
6337,2259,11,"Cheeseburger,Mushroom Risotto,Linguine with clams",2024-03-27,19:21:00,completed,17.22
6338,2496,17,"Chicken wings,California maki,Bruschette with Tomato",2023-09-03,08:58:23,completed,19.15
6339,1738,27,"Katsu Curry,Vegetable Soup,Chicken wings,Pasta Carbonara",2022-06-27,16:15:43,completed,29.14
6340,1743,23,"Lasagne,Pizza",2022-02-12,15:37:04,completed,10.1
6341,2580,20,"Pasta and Beans,California maki,Califlower penne",2024-10-10,07:58:35,completed,18.59
6342,2528,17,Pasta with Tomato and Basil,2022-09-08,06:17:28,completed,7.2
6343,1549,5,Philadelphia maki,2024-03-25,15:35:28,pending,5.18
6344,252,15,"Caprese Salad,Tuna sashimi",2020-09-24,11:14:10,cancelled,11.47
6345,1590,27,Fish and chips,2023-03-22,16:56:30,completed,8.81
6346,1848,24,"Linguine with clams,Philadelphia maki",2024-08-16,14:55:58,completed,11.27
6347,2553,9,"Chicken wings,Pizza,Caesar Salad,Meatballs with sauce",2020-01-14,11:05:57,completed,26.43
6348,2173,18,"California maki,Tiramisù,Ricotta stuffed Ravioli",2024-06-01,13:35:13,cancelled,16.95
6349,1653,10,Caprese Salad,2024-02-22,18:26:46,completed,4.29
6350,970,29,"Fettuccine Alfredo,Califlower penne,Pork sausage roll",2024-03-21,19:28:18,completed,23.41
6351,2630,17,"Chicken milanese,Chicken Fajitas",2025-08-11,07:26:54,completed,13.16
6352,2284,5,Pizza,2022-01-23,13:33:08,completed,5.09
6353,1618,12,"Fish and chips,Ebiten maki,Pork belly buns",2025-04-21,07:15:56,completed,21.65
6354,2158,30,"Fettuccine Alfredo,Fettuccine Alfredo,Scotch eggs,Caprese Salad,Caesar Salad",2020-02-04,14:03:11,pending,30.09
6355,2436,1,French fries with sausages,2021-01-06,10:42:45,pending,8.29
6356,1142,25,"Lasagne,Pasta and Beans,Pasta with Tomato and Basil,Teriyaki Chicken donburi",2022-03-23,10:39:14,completed,25.27
6357,143,27,"Ebiten maki,Ricotta stuffed Ravioli",2020-12-29,19:31:09,completed,15.32
6358,1666,28,French fries with sausages,2022-09-01,20:06:15,completed,8.32
6359,2683,16,"Ebiten maki,Pasta and Beans,Risotto with seafood",2025-05-15,11:00:06,pending,18.89
6360,183,14,Fettuccine Alfredo,2021-11-24,20:04:34,completed,8.48
6361,903,26,"Pasta and Beans,California maki,Fish and chips",2022-01-07,06:58:48,completed,19.04
6362,2533,27,Pappardelle alla Bolognese,2025-09-01,13:38:23,completed,6.41
6363,1808,18,Pasta and Beans,2021-08-02,17:40:59,pending,7.0
6364,2194,23,Pizza,2023-01-07,19:23:03,pending,5.57
6365,2762,7,"Mushroom Risotto,Barbecue Ribs",2024-01-30,13:40:30,cancelled,11.07
6366,207,3,"Caprese Salad,Pappardelle alla Bolognese",2020-10-22,06:23:35,completed,9.85
6367,2032,28,Caesar Salad,2020-07-04,11:33:26,pending,8.03
6368,245,15,"Chilli con carne,Lasagne,Linguine with clams,Bruschette with Tomato",2024-05-11,12:39:43,completed,31.26
6369,1705,3,"Ebiten maki,Linguine with clams",2025-09-30,11:08:41,completed,13.2
6370,1987,24,"Chicken Fajitas,Chilli con carne",2022-09-13,13:32:28,completed,12.11
6371,286,16,"Pasta and Beans,Fish and chips",2025-06-27,12:08:12,pending,11.59
6372,419,28,"Mushroom Risotto,Chicken milanese",2022-12-02,07:47:27,completed,11.36
6373,1818,26,"Fish and chips,Chicken wings,Philadelphia maki,Pasta with Tomato and Basil,Pizza",2025-03-08,20:22:55,completed,33.48
6374,820,2,"Pork belly buns,Teriyaki Chicken donburi",2023-01-08,17:09:32,completed,12.89
6375,1090,30,"Cheeseburger,Pasta and Beans",2020-01-26,06:08:35,pending,12.2
6376,505,26,Scotch eggs,2022-04-19,17:47:42,completed,7.91
6377,2110,9,"Bruschette with Tomato,Scotch eggs",2024-03-09,13:41:44,completed,9.14
6378,2877,9,Pizza,2023-06-15,15:52:24,completed,6.77
6379,1073,6,Philadelphia maki,2025-02-08,20:55:41,completed,7.6
6380,2077,5,"Philadelphia maki,Linguine with clams,Salmon nigiri",2023-09-19,21:57:51,pending,20.11
6381,395,23,Cheeseburger,2021-08-06,20:53:06,completed,6.87
6382,2975,21,"Tuna sashimi,Meatballs with sauce,Ricotta stuffed Ravioli,Chicken wings,Fettuccine Alfredo",2024-09-25,07:06:01,completed,31.51
6383,2354,4,"Pasta with Tomato and Basil,Risotto with seafood,Barbecue Ribs",2021-03-28,14:21:28,pending,21.94
6384,108,25,"Chicken wings,Mushroom Risotto",2025-06-19,16:22:52,completed,13.17
6385,1775,20,"Ebiten maki,Cheeseburger,Tiramisù",2024-02-10,22:53:32,completed,21.99
6386,655,22,Fish and chips,2023-02-15,17:52:37,completed,4.7
6387,1161,20,"Chicken milanese,Chicken Fajitas",2021-07-02,19:25:37,pending,11.35
6388,1876,11,Salmon nigiri,2024-02-19,18:25:22,completed,5.22
6389,2173,8,"Chilli con carne,French fries with sausages,Cheeseburger",2022-02-23,17:07:01,completed,20.86
6390,812,25,Tiramisù,2020-02-10,12:19:28,completed,4.06
6391,2063,2,Pizza,2025-03-04,18:47:25,completed,6.81
6392,125,4,"California maki,Pasta Carbonara,Risotto with seafood",2023-12-06,16:14:37,completed,18.48
6393,2264,17,Chicken Fajitas,2025-05-31,11:51:38,completed,8.88
6394,1876,27,"Salmon nigiri,Mushroom Risotto,Teriyaki Chicken donburi,Pasta Carbonara,Tuna sashimi",2023-10-04,17:16:09,completed,28.74
6395,2392,11,"Cheeseburger,Califlower penne",2020-06-08,21:05:09,completed,13.3
6396,1219,23,"Bruschette with Tomato,Califlower penne,Pizza,Pappardelle alla Bolognese,Caesar Salad",2024-08-17,21:37:40,completed,34.49
6397,2836,10,"Pappardelle alla Bolognese,Mushroom Risotto,Pasta and Beans,Tuna sashimi,Pappardelle alla Bolognese",2025-06-24,06:56:03,completed,30.9
6398,1560,7,"Chilli con carne,Katsu Curry,Caesar Salad",2020-07-22,13:52:24,completed,21.37
6399,1645,25,California maki,2021-07-29,13:42:43,completed,5.47
6400,1597,24,Cheeseburger,2024-08-29,12:11:16,pending,4.71
6401,2829,5,"Pappardelle alla Bolognese,Caprese Salad,Pizza",2025-04-09,08:14:45,completed,21.34
6402,1923,30,Tiramisù,2024-03-14,15:14:06,completed,8.94
6403,1852,18,Ricotta stuffed Ravioli,2023-06-16,11:35:32,completed,8.88
6404,276,28,Philadelphia maki,2020-11-22,13:36:00,completed,6.41
6405,1196,7,Califlower penne,2023-08-21,17:32:02,completed,7.04
6406,1479,20,Philadelphia maki,2021-12-13,11:44:56,completed,6.38
6407,2016,13,French fries with sausages,2024-01-09,16:42:37,completed,4.34
6408,2764,15,Meatballs with sauce,2023-07-12,15:13:25,completed,5.67
6409,33,10,"Katsu Curry,Ebiten maki,Pasta Carbonara",2020-06-09,18:00:48,completed,22.11
6410,1236,3,Barbecue Ribs,2023-07-12,13:58:46,pending,7.39
6411,416,29,Philadelphia maki,2020-10-02,10:14:15,completed,7.35
6412,2468,19,"Fish and chips,Califlower penne,Cheeseburger",2022-04-06,19:51:07,completed,22.93
6413,563,17,Ebiten maki,2021-03-02,20:45:58,completed,4.94
6414,742,22,"Souvlaki,Ricotta stuffed Ravioli,Califlower penne,Cheeseburger",2025-03-23,08:04:28,completed,23.34
6415,1553,25,Barbecue Ribs,2023-09-24,08:50:38,completed,5.7
6416,2787,27,California maki,2023-11-28,14:55:38,completed,6.47
6417,562,8,Pasta and Beans,2020-01-06,14:05:07,completed,6.47
6418,273,15,Mushroom Risotto,2020-02-24,15:30:52,completed,7.3
6419,1863,24,Pork sausage roll,2022-05-08,09:14:54,completed,8.42
6420,458,3,Pasta Carbonara,2025-09-16,10:02:08,pending,8.41
6421,2273,15,"Pasta and Beans,Katsu Curry,Risotto with seafood",2021-11-30,07:05:28,completed,19.86
6422,2110,3,"Katsu Curry,Mushroom Risotto,Ricotta stuffed Ravioli,Cheeseburger,Vegetable Soup",2023-07-10,10:29:57,completed,37.31
6423,661,7,Risotto with seafood,2021-06-15,12:35:47,completed,8.46
6424,2227,23,Salmon nigiri,2020-06-09,19:35:42,cancelled,7.41
6425,1278,10,Tuna sashimi,2023-01-05,18:52:18,completed,7.74
6426,2457,13,"Teriyaki Chicken donburi,Chicken Fajitas,Pasta and Beans",2020-07-17,18:43:13,completed,18.61
6427,1747,17,"Chicken wings,Souvlaki",2022-12-27,18:02:23,pending,10.36
6428,796,10,Chilli con carne,2022-12-19,19:40:47,pending,4.24
6429,1082,22,"Tuna sashimi,Philadelphia maki,Pork sausage roll,Tiramisù",2024-12-18,13:38:14,completed,22.56
6430,1880,12,"Bruschette with Tomato,Ebiten maki",2022-04-01,07:16:23,completed,16.2
6431,2807,3,Fettuccine Alfredo,2022-05-27,14:39:36,completed,8.36
6432,1368,6,"Caesar Salad,Pork belly buns",2023-10-27,13:40:25,pending,14.76
6433,2371,26,"Philadelphia maki,Caesar Salad,Caesar Salad,Teriyaki Chicken donburi",2020-11-01,15:21:29,completed,25.18
6434,2622,17,Chicken Fajitas,2020-07-16,08:07:27,completed,4.33
6435,779,3,Barbecue Ribs,2022-04-14,20:34:13,completed,4.5
6436,2201,29,"Risotto with seafood,Pork belly buns",2020-08-16,06:46:55,completed,15.17
6437,1910,27,Lasagne,2024-05-25,22:34:41,completed,7.49
6438,2852,5,"Fish and chips,Caesar Salad",2020-08-18,13:08:28,completed,12.8
6439,1241,13,Califlower penne,2023-04-01,10:04:26,completed,6.26
6440,1411,21,"Cheeseburger,Barbecue Ribs",2023-05-30,20:31:19,pending,12.99
6441,343,2,Mushroom Risotto,2025-03-05,19:11:40,completed,6.15
6442,1327,4,Meatballs with sauce,2024-06-30,17:35:34,completed,6.12
6443,2975,24,Fish and chips,2024-02-24,17:08:42,completed,7.96
6444,2713,3,Barbecue Ribs,2022-02-10,09:22:33,completed,6.68
6445,1146,1,"Tiramisù,Caesar Salad",2024-12-08,17:08:48,completed,13.35
6446,2316,11,Tuna sashimi,2023-01-12,11:41:58,completed,4.75
6447,2998,10,Pasta with Tomato and Basil,2021-11-02,17:04:21,completed,6.13
6448,70,26,Bruschette with Tomato,2024-11-08,18:35:15,completed,4.08
6449,1670,17,Ricotta stuffed Ravioli,2021-02-07,10:28:28,completed,6.91
6450,202,1,Pasta and Beans,2022-05-03,12:22:25,completed,7.15
6451,1014,17,Chilli con carne,2025-02-07,06:41:59,completed,4.94
6452,1716,28,"Chicken milanese,Barbecue Ribs",2023-08-28,15:45:06,completed,17.0
6453,2508,24,"Pizza,Chilli con carne",2020-05-09,07:25:17,completed,9.31
6454,2963,22,"Chilli con carne,Ricotta stuffed Ravioli",2024-01-11,11:29:09,pending,15.84
6455,66,3,Chicken wings,2024-04-01,20:30:38,completed,4.56
6456,1551,23,Philadelphia maki,2020-01-01,06:05:47,completed,7.78
6457,1741,1,"Scotch eggs,French fries with sausages",2021-09-12,12:41:14,completed,13.62
6458,1315,28,Pork belly buns,2022-03-16,16:49:20,completed,4.83
6459,376,3,"Linguine with clams,Pasta Carbonara",2024-12-24,18:06:33,completed,11.35
6460,1664,11,Teriyaki Chicken donburi,2020-11-14,11:43:00,pending,6.17
6461,2144,12,"Ebiten maki,Lasagne",2021-12-03,09:43:58,completed,14.4
6462,300,10,"Califlower penne,Chilli con carne",2025-05-31,11:49:25,completed,12.71
6463,1271,16,"Pasta Carbonara,Chilli con carne,Scotch eggs,Vegetable Soup,Cheeseburger",2022-02-06,18:08:05,completed,33.07
6464,86,29,"Lasagne,Pork sausage roll",2021-02-18,10:15:27,completed,11.16
6465,2889,11,Chicken milanese,2023-02-22,06:36:27,completed,4.54
6466,948,16,"Pasta Carbonara,Fish and chips,Pizza",2025-05-11,07:02:29,completed,16.81
6467,1902,10,"Linguine with clams,Linguine with clams,Souvlaki,California maki",2021-10-26,18:24:55,pending,30.54
6468,2762,27,"Fish and chips,Pappardelle alla Bolognese,Barbecue Ribs,Pizza,Pasta and Beans",2022-12-22,20:32:28,completed,30.54
6469,722,30,"Cheeseburger,California maki,Linguine with clams,Philadelphia maki,Pasta and Beans",2020-03-22,15:11:10,completed,33.67
6470,2667,6,Bruschette with Tomato,2021-07-01,08:01:47,completed,5.55
6471,2462,25,"Tuna sashimi,Caprese Salad,Fish and chips,Pasta and Beans",2025-01-08,11:45:00,completed,28.83
6472,2543,27,California maki,2021-07-09,18:42:55,completed,8.96
6473,1608,12,Risotto with seafood,2020-01-02,15:16:40,cancelled,6.66
6474,2384,4,"Katsu Curry,Pappardelle alla Bolognese,Tuna sashimi,Scotch eggs,Califlower penne",2021-11-28,22:31:43,completed,38.45
6475,2482,7,"Bruschette with Tomato,Salmon nigiri,Risotto with seafood,Lasagne",2023-06-25,13:11:17,completed,26.16
6476,722,9,Caprese Salad,2025-02-26,21:00:40,completed,8.93
6477,2209,2,Ebiten maki,2022-10-20,18:37:03,completed,5.58
6478,89,23,"Mushroom Risotto,Chicken milanese,Caprese Salad,Chicken wings",2020-01-29,08:59:55,completed,21.78
6479,1163,6,"French fries with sausages,Chicken wings",2023-08-17,14:15:21,completed,17.7
6480,1376,12,Chilli con carne,2021-10-26,07:14:48,pending,6.29
6481,782,30,Ebiten maki,2024-02-09,17:12:00,completed,8.37
6482,1808,4,Tiramisù,2025-07-24,15:11:00,completed,4.21
6483,260,7,Meatballs with sauce,2022-08-22,21:09:11,cancelled,6.5
6484,1727,27,Caprese Salad,2024-02-15,06:33:11,pending,4.16
6485,438,28,Salmon nigiri,2024-09-11,10:51:09,pending,5.55
6486,1852,2,Chilli con carne,2025-02-27,11:04:10,pending,6.64
6487,2119,10,Meatballs with sauce,2024-06-23,16:40:57,completed,7.09
6488,1435,14,Pappardelle alla Bolognese,2021-04-10,22:23:18,completed,8.06
6489,725,13,Pasta and Beans,2022-10-23,21:33:19,completed,6.98
6490,2670,28,"Linguine with clams,Pappardelle alla Bolognese",2023-10-19,12:25:24,pending,10.21
6491,19,22,"Pasta Carbonara,Philadelphia maki,Caesar Salad,Salmon nigiri,Ricotta stuffed Ravioli",2021-12-06,18:39:15,cancelled,33.66
6492,2910,18,"Vegetable Soup,Pappardelle alla Bolognese,Vegetable Soup,Chicken Fajitas",2021-08-22,11:03:48,completed,26.09
6493,2269,26,Pork sausage roll,2024-05-23,15:50:58,completed,4.31
6494,2468,22,Pappardelle alla Bolognese,2022-01-27,20:33:25,completed,8.41
6495,2922,26,"Caesar Salad,Philadelphia maki",2020-06-11,22:12:51,completed,11.8
6496,1088,14,"Vegetable Soup,Tuna sashimi",2024-10-04,15:10:07,pending,12.72
6497,935,9,"Pasta Carbonara,Pasta and Beans,Pasta Carbonara",2025-07-04,16:30:47,completed,16.55
6498,1086,23,Tiramisù,2024-12-02,17:41:05,completed,4.81
6499,2478,3,Ricotta stuffed Ravioli,2021-08-07,14:29:41,completed,8.65
6500,83,19,Califlower penne,2024-05-31,20:00:19,pending,5.31
6501,719,1,Risotto with seafood,2020-02-26,15:51:01,completed,5.76
6502,76,6,"Vegetable Soup,Pasta with Tomato and Basil,Salmon nigiri,Vegetable Soup",2023-03-26,20:43:16,completed,27.66
6503,31,6,Souvlaki,2022-02-08,21:38:25,completed,6.6
6504,1720,27,"Fish and chips,California maki",2023-06-16,19:26:59,completed,16.06
6505,1095,9,"Ebiten maki,Cheeseburger,Pizza,Pappardelle alla Bolognese,Fettuccine Alfredo",2023-11-03,08:38:28,completed,35.01
6506,1449,7,"Pappardelle alla Bolognese,Pasta Carbonara",2022-08-31,21:58:16,pending,12.79
6507,1540,8,Chicken Fajitas,2025-02-08,07:32:55,completed,5.74
6508,492,22,Pork sausage roll,2020-08-23,22:48:46,completed,4.47
6509,1808,21,Pork belly buns,2020-02-28,18:57:55,cancelled,8.2
6510,527,29,Bruschette with Tomato,2023-06-28,15:31:26,completed,8.14
6511,110,11,Caprese Salad,2025-09-14,19:25:58,completed,8.43
6512,63,18,"Scotch eggs,Pasta with Tomato and Basil,Caesar Salad",2021-06-23,09:21:26,completed,22.2
6513,1246,23,"Chicken wings,Teriyaki Chicken donburi",2022-07-04,15:53:23,completed,12.5
6514,2275,7,"Pork sausage roll,Caesar Salad,Ricotta stuffed Ravioli",2020-01-19,07:41:21,completed,20.69
6515,1105,14,Chicken milanese,2024-12-28,16:44:48,pending,8.77
6516,2016,13,Pasta with Tomato and Basil,2021-09-18,16:42:13,completed,5.42
6517,1808,30,"Katsu Curry,Katsu Curry,Caesar Salad,Linguine with clams,Risotto with seafood",2023-05-24,17:41:02,pending,30.95
6518,2156,11,"Katsu Curry,Philadelphia maki,Mushroom Risotto,Mushroom Risotto",2023-03-31,22:29:01,completed,27.65
6519,1427,7,Ricotta stuffed Ravioli,2021-12-31,20:52:27,completed,8.67
6520,386,5,"Fish and chips,Salmon nigiri",2023-10-12,11:07:43,cancelled,12.51
6521,748,28,Chicken wings,2023-05-14,13:22:34,completed,7.9
6522,463,20,"Chicken milanese,Chilli con carne",2024-09-28,19:09:12,cancelled,15.88
6523,1923,22,"Pork sausage roll,Pork sausage roll",2020-01-16,22:06:47,completed,15.94
6524,878,13,"Philadelphia maki,Chilli con carne,Pasta and Beans",2024-06-11,10:12:03,completed,19.08
6525,2557,3,"Tiramisù,Pasta with Tomato and Basil,Philadelphia maki",2022-09-26,18:35:20,completed,23.79
6526,2170,10,Fish and chips,2025-04-28,20:51:02,completed,8.87
6527,2713,8,"Ebiten maki,Scotch eggs",2023-06-23,11:38:37,completed,11.95
6528,2003,11,Meatballs with sauce,2021-05-21,09:12:56,completed,5.82
6529,387,12,"Mushroom Risotto,Chicken milanese,Mushroom Risotto",2020-08-01,15:03:41,completed,22.71
6530,2987,8,Califlower penne,2021-10-29,22:10:11,completed,5.25
6531,1403,22,"Barbecue Ribs,Pasta and Beans,California maki,Meatballs with sauce,Chicken Fajitas",2023-10-15,19:23:54,cancelled,31.55
6532,921,30,Risotto with seafood,2024-06-07,18:19:59,completed,5.87
6533,2332,9,Pasta with Tomato and Basil,2024-05-18,14:40:34,pending,6.61
6534,1560,22,Risotto with seafood,2023-02-02,10:16:20,pending,7.98
6535,170,28,Fish and chips,2025-02-06,11:14:52,completed,4.64
6536,2149,27,Pork sausage roll,2020-05-08,21:40:37,pending,8.58
6537,2138,24,Ricotta stuffed Ravioli,2020-01-31,11:48:27,completed,7.02
6538,1236,6,Pasta with Tomato and Basil,2025-08-30,16:29:43,completed,6.22
6539,2820,8,"Caprese Salad,Califlower penne,Fettuccine Alfredo",2020-09-04,20:13:26,completed,21.03
6540,1208,7,"Philadelphia maki,Fettuccine Alfredo,Linguine with clams,Cheeseburger",2023-09-09,16:44:32,completed,23.72
6541,2585,14,"Caprese Salad,Barbecue Ribs,Pasta and Beans",2020-11-29,17:27:30,completed,23.78
6542,1473,5,"Chilli con carne,Pasta and Beans",2024-03-19,13:22:35,completed,12.34
6543,1101,9,Tiramisù,2022-05-27,20:25:44,completed,4.37
6544,2342,27,Califlower penne,2023-05-21,12:08:04,completed,5.92
6545,612,25,"Pizza,Vegetable Soup,Fettuccine Alfredo",2025-02-08,22:54:26,completed,21.81
6546,224,19,"Chicken wings,Tuna sashimi",2021-06-14,21:55:44,completed,16.07
6547,1987,5,Barbecue Ribs,2024-04-21,15:05:27,pending,7.53
6548,2112,4,Ricotta stuffed Ravioli,2021-11-22,09:07:36,completed,7.83
6549,2960,4,"Katsu Curry,California maki,Chicken wings",2023-10-06,15:17:29,completed,15.78
6550,2357,25,"Ebiten maki,Linguine with clams,French fries with sausages,Katsu Curry",2021-11-04,15:58:40,completed,23.73
6551,1644,11,"Teriyaki Chicken donburi,Mushroom Risotto",2021-04-10,13:32:51,completed,15.55
6552,889,29,Risotto with seafood,2023-01-11,22:59:20,completed,8.9
6553,492,12,Pork belly buns,2020-11-09,09:06:24,completed,4.98
6554,2006,2,Chicken wings,2024-05-13,13:48:08,completed,5.23
6555,2721,22,"Fettuccine Alfredo,Tuna sashimi",2022-01-16,14:27:01,completed,15.55
6556,197,29,Caprese Salad,2023-01-12,13:17:26,cancelled,8.34
6557,57,17,Fish and chips,2022-10-01,21:14:21,cancelled,4.18
6558,292,5,Fish and chips,2020-11-14,09:02:25,completed,8.59
6559,2898,2,Caesar Salad,2023-05-25,17:52:48,completed,6.24
6560,2257,30,Chicken wings,2022-08-16,06:37:47,pending,4.53
6561,1076,22,"Tiramisù,Chicken milanese",2022-02-12,06:39:37,completed,9.51
6562,2183,9,"Vegetable Soup,Bruschette with Tomato,Philadelphia maki",2025-08-24,15:15:50,completed,18.21
6563,595,24,Souvlaki,2023-09-07,09:43:44,completed,4.29
6564,1041,20,Scotch eggs,2021-05-03,06:38:21,completed,8.21
6565,1376,28,"Chilli con carne,Lasagne,Teriyaki Chicken donburi",2024-03-16,14:35:25,completed,14.85
6566,845,4,"Katsu Curry,Katsu Curry,Salmon nigiri",2023-10-08,17:13:34,pending,23.29
6567,2192,3,"Pizza,Ricotta stuffed Ravioli,French fries with sausages",2024-03-11,17:04:41,completed,22.48
6568,1450,12,"Fettuccine Alfredo,Pasta and Beans",2023-12-15,16:02:42,completed,17.3
6569,2177,28,Scotch eggs,2021-11-23,14:38:34,completed,5.75
6570,1784,6,"Ricotta stuffed Ravioli,Pork sausage roll",2022-11-13,09:46:11,completed,10.35
6571,2489,6,"Chicken Fajitas,Chicken wings,Mushroom Risotto",2025-07-11,21:49:21,completed,18.2
6572,1694,23,"Teriyaki Chicken donburi,Philadelphia maki",2020-04-17,15:01:49,completed,13.01
6573,1220,9,"Cheeseburger,Fish and chips,Barbecue Ribs,Pasta Carbonara",2021-12-26,20:41:04,completed,26.3
6574,2627,7,"Fettuccine Alfredo,Barbecue Ribs,Ebiten maki,Pizza,Linguine with clams",2024-08-03,09:29:03,completed,39.4
6575,2781,20,"Mushroom Risotto,Bruschette with Tomato,Tiramisù,Meatballs with sauce,Pasta Carbonara",2025-07-08,15:32:23,completed,28.43
6576,603,11,Risotto with seafood,2021-05-11,11:05:57,completed,8.79
6577,1824,29,Chicken milanese,2024-01-30,18:01:20,completed,6.5
6578,1079,11,"Fettuccine Alfredo,Chicken wings,Linguine with clams",2025-03-09,19:54:26,completed,17.01
6579,2848,18,"Mushroom Risotto,Scotch eggs,Tiramisù",2025-01-14,20:14:36,pending,20.71
6580,251,20,Linguine with clams,2020-04-03,16:29:58,completed,7.56
6581,327,7,"Lasagne,French fries with sausages,Philadelphia maki,Pasta Carbonara,Scotch eggs",2021-04-06,10:42:34,completed,32.64
6582,207,8,"Ricotta stuffed Ravioli,Vegetable Soup",2023-08-01,20:04:25,completed,11.29
6583,565,15,"Risotto with seafood,Pasta Carbonara,Souvlaki",2024-10-11,13:20:41,pending,21.08
6584,709,3,Pasta with Tomato and Basil,2020-06-30,11:26:02,completed,5.49
6585,1243,28,"Scotch eggs,Ebiten maki",2022-07-07,15:42:39,completed,15.27
6586,1284,11,"Tiramisù,Lasagne",2023-02-15,09:20:21,completed,11.48
6587,404,14,"Lasagne,Lasagne",2020-09-12,09:02:16,completed,14.62
6588,412,6,Lasagne,2024-02-26,18:34:02,completed,4.59
6589,2067,9,"Lasagne,California maki,Bruschette with Tomato,Pork belly buns",2020-06-30,12:30:59,completed,26.78
6590,2869,20,"Linguine with clams,Chicken milanese",2025-03-08,18:27:30,pending,13.12
6591,747,6,"Caprese Salad,Mushroom Risotto,Mushroom Risotto,Chicken milanese",2020-03-01,18:20:02,completed,26.41
6592,2013,21,California maki,2021-03-12,18:42:58,completed,8.55
6593,301,3,"Vegetable Soup,Chicken wings",2025-06-30,06:16:00,completed,15.2
6594,1547,21,"Chilli con carne,Chicken Fajitas,Chilli con carne,Katsu Curry",2024-10-09,10:09:49,completed,26.3
6595,1369,5,Pork sausage roll,2023-05-03,09:25:03,completed,7.72
6596,2207,19,Tuna sashimi,2022-09-10,22:59:54,completed,6.62
6597,2001,19,Fish and chips,2022-02-05,11:15:42,completed,7.54
6598,2897,22,Pork sausage roll,2025-06-26,20:28:30,pending,8.48
6599,1827,2,"Pasta with Tomato and Basil,Risotto with seafood,Tiramisù",2024-05-11,20:55:00,completed,18.26
6600,2368,4,Pappardelle alla Bolognese,2023-07-16,12:14:31,completed,5.06
6601,2075,19,Tuna sashimi,2021-06-16,12:42:18,completed,6.79
6602,2305,25,"Pork belly buns,Pasta with Tomato and Basil,Pasta and Beans,Pork belly buns",2022-10-09,19:02:26,completed,23.84
6603,2632,16,Teriyaki Chicken donburi,2023-05-13,06:59:30,pending,7.95
6604,545,25,"Katsu Curry,Pork belly buns",2024-06-14,22:29:24,completed,9.95
6605,2231,6,"Tuna sashimi,Cheeseburger,French fries with sausages,Ebiten maki",2025-07-27,19:32:08,pending,27.3
6606,2123,6,Ricotta stuffed Ravioli,2023-08-29,07:03:34,completed,7.06
6607,1347,2,Chicken wings,2022-02-02,09:17:46,cancelled,4.19
6608,2315,12,"Lasagne,California maki,Caprese Salad,Teriyaki Chicken donburi",2023-07-25,19:33:37,pending,26.54
6609,2664,16,Chicken wings,2023-07-05,11:18:08,completed,8.18
6610,73,5,Chicken milanese,2022-08-03,10:35:53,completed,4.78
6611,2471,16,"Katsu Curry,Caesar Salad",2020-03-18,18:41:41,completed,12.53
6612,1314,2,Pasta and Beans,2020-08-15,21:24:20,completed,5.36
6613,12,26,"Pappardelle alla Bolognese,Pork sausage roll",2025-04-01,19:29:16,completed,9.36
6614,747,22,Risotto with seafood,2022-08-10,12:59:59,completed,7.62
6615,212,9,"Pasta Carbonara,Tiramisù",2021-03-06,10:48:27,completed,10.52
6616,692,20,"Pork belly buns,Vegetable Soup,Pappardelle alla Bolognese",2021-02-27,18:23:45,completed,17.74
6617,1076,8,"Barbecue Ribs,Tiramisù",2025-09-27,19:11:46,completed,17.25
6618,742,23,Pizza,2022-05-07,06:32:12,completed,4.2
6619,2873,23,California maki,2023-11-06,08:12:00,completed,5.81
6620,2690,16,"Caesar Salad,Chicken wings,Pork belly buns",2022-10-10,06:46:29,completed,21.5
6621,1808,26,Bruschette with Tomato,2020-01-06,07:08:18,completed,8.54
6622,1282,22,Cheeseburger,2023-11-17,16:22:05,completed,5.74
6623,2896,3,"Tuna sashimi,Fettuccine Alfredo,Ebiten maki",2025-02-26,15:12:39,pending,20.91
6624,935,22,"Pork sausage roll,Pappardelle alla Bolognese",2025-09-08,10:55:48,completed,12.63
6625,1315,24,"Barbecue Ribs,Ricotta stuffed Ravioli,Chicken milanese",2020-09-18,13:56:42,completed,18.17
6626,2130,13,Risotto with seafood,2021-05-28,07:37:24,completed,6.54
6627,176,24,"Souvlaki,Cheeseburger,Tuna sashimi,Pasta and Beans,Risotto with seafood",2020-11-21,11:10:42,completed,35.43
6628,66,29,"Meatballs with sauce,Scotch eggs,Mushroom Risotto",2022-11-25,12:18:47,completed,19.18
6629,1030,29,"Califlower penne,Califlower penne,Pasta with Tomato and Basil,Pizza,Caprese Salad",2024-09-14,22:39:00,completed,37.64
6630,1138,9,"Pizza,Barbecue Ribs,Tuna sashimi,Chicken Fajitas",2021-10-31,13:13:52,pending,26.52
6631,1682,4,"French fries with sausages,Caesar Salad",2022-12-27,10:46:41,pending,15.95
6632,960,16,Tuna sashimi,2024-07-22,12:46:52,pending,7.3
6633,1557,12,"Risotto with seafood,Pappardelle alla Bolognese",2023-06-22,10:41:44,completed,11.96
6634,2702,3,Meatballs with sauce,2024-09-02,19:54:39,completed,6.97
6635,1372,11,Katsu Curry,2023-08-12,18:28:50,completed,8.45
6636,2520,22,Tuna sashimi,2025-07-15,10:40:25,completed,7.1
6637,2405,13,Linguine with clams,2021-11-05,14:50:56,completed,6.21
6638,2585,8,Linguine with clams,2023-04-01,07:27:22,pending,8.62
6639,2652,11,"Vegetable Soup,Chilli con carne,French fries with sausages,Philadelphia maki",2024-10-24,06:20:04,completed,27.49
6640,2884,15,"Chilli con carne,Chicken wings,Ricotta stuffed Ravioli,Ebiten maki",2023-04-26,13:08:30,completed,22.8
6641,2837,6,Pizza,2025-09-28,17:12:14,completed,8.27
6642,2716,22,Vegetable Soup,2021-07-01,14:59:05,pending,8.1
6643,82,11,"Souvlaki,Pasta with Tomato and Basil,Bruschette with Tomato",2020-04-08,08:38:17,cancelled,22.14
6644,463,5,Tuna sashimi,2024-11-19,12:21:19,pending,4.81
6645,344,3,"Vegetable Soup,Teriyaki Chicken donburi",2024-06-01,08:32:48,completed,11.55
6646,2219,18,"Philadelphia maki,Bruschette with Tomato",2022-08-03,16:09:26,completed,12.64
6647,78,25,"Caesar Salad,Mushroom Risotto,French fries with sausages,Pasta and Beans",2025-08-16,22:29:49,completed,28.07
6648,427,23,Cheeseburger,2023-02-26,17:55:38,completed,5.91
6649,419,8,Pasta Carbonara,2025-06-01,09:56:08,completed,6.18
6650,2205,8,Cheeseburger,2023-10-07,16:03:38,completed,7.73
6651,785,26,Chicken wings,2024-03-21,19:24:55,completed,7.05
6652,1071,14,Ricotta stuffed Ravioli,2023-06-04,09:14:52,pending,5.94
6653,1623,1,French fries with sausages,2022-11-29,15:18:51,completed,5.44
6654,793,7,Califlower penne,2023-03-04,20:44:58,completed,5.99
6655,2067,28,Chicken wings,2022-12-10,09:39:48,completed,8.92
6656,2724,21,"Califlower penne,California maki,Pizza,French fries with sausages",2022-11-02,20:56:30,completed,27.56
6657,1589,15,Fettuccine Alfredo,2025-04-23,18:59:30,completed,8.42
6658,805,7,Pasta Carbonara,2022-12-16,20:22:10,pending,8.86
6659,243,11,"Chilli con carne,Califlower penne",2021-11-23,11:46:51,completed,14.4
6660,2250,8,"Chicken milanese,Vegetable Soup,Teriyaki Chicken donburi",2022-05-17,06:47:49,completed,19.76
6661,2035,30,Chilli con carne,2020-03-24,09:38:27,completed,5.95
6662,1265,16,"Barbecue Ribs,Pappardelle alla Bolognese,Cheeseburger",2024-01-09,07:23:44,completed,21.24
6663,2103,1,Barbecue Ribs,2021-11-25,14:34:35,completed,8.4
6664,1772,30,"Caprese Salad,Pork sausage roll,Pappardelle alla Bolognese",2021-01-06,18:52:39,cancelled,19.33
6665,1683,9,"Souvlaki,Meatballs with sauce",2025-06-26,17:43:44,completed,12.85
6666,1257,24,Pappardelle alla Bolognese,2020-10-28,14:17:26,completed,5.67
6667,2996,27,"Pappardelle alla Bolognese,Chicken Fajitas",2020-05-29,10:21:53,completed,11.96
6668,761,15,Linguine with clams,2020-06-19,09:06:30,completed,5.46
6669,645,2,Chicken wings,2022-01-14,19:55:33,pending,4.32
6670,1859,22,Salmon nigiri,2021-11-09,15:09:04,completed,7.24
6671,822,1,Pasta and Beans,2023-06-09,19:50:06,completed,5.7
6672,2316,11,"Chicken milanese,Ebiten maki,Pappardelle alla Bolognese",2022-03-30,14:49:13,completed,18.97
6673,902,6,"French fries with sausages,Mushroom Risotto",2025-06-10,08:45:53,completed,15.36
6674,1473,20,"Tuna sashimi,Ebiten maki",2021-09-26,09:22:09,pending,11.86
6675,1770,14,Lasagne,2025-01-03,21:49:27,completed,5.46
6676,1999,19,Chicken Fajitas,2021-11-16,14:00:24,completed,4.66
6677,1548,13,"Barbecue Ribs,California maki,Katsu Curry",2023-09-26,21:21:47,completed,25.42
6678,886,29,"Vegetable Soup,Tuna sashimi",2023-08-30,06:28:20,completed,11.75
6679,700,20,"Vegetable Soup,Bruschette with Tomato,Tiramisù,Ebiten maki",2022-05-15,22:38:05,pending,28.49
6680,2388,7,"Risotto with seafood,Caprese Salad",2021-02-24,07:56:05,pending,12.97
6681,737,1,"Risotto with seafood,Pasta and Beans,Fettuccine Alfredo",2023-05-03,19:09:32,completed,22.34
6682,429,11,"Tiramisù,Barbecue Ribs,Philadelphia maki",2025-04-30,09:12:19,completed,20.9
6683,1299,26,Scotch eggs,2024-07-03,07:09:30,completed,4.92
6684,2395,30,Fettuccine Alfredo,2023-02-24,21:04:11,completed,6.73
6685,743,1,Chicken wings,2021-07-18,15:51:20,completed,4.77
6686,1044,24,"Caesar Salad,Ebiten maki",2023-12-08,16:09:53,completed,10.99
6687,525,16,Pasta with Tomato and Basil,2021-04-08,19:04:20,completed,6.63
6688,523,24,"Barbecue Ribs,Vegetable Soup",2025-02-25,13:04:25,pending,10.41
6689,599,6,"Pizza,Pizza,Risotto with seafood",2025-03-25,12:25:43,completed,21.15
6690,1613,24,"Fish and chips,Ebiten maki,Bruschette with Tomato,Chicken Fajitas",2020-10-29,07:17:11,completed,23.07
6691,2947,30,Caesar Salad,2024-09-25,20:34:09,completed,4.62
6692,1276,11,"Vegetable Soup,Tiramisù",2022-08-18,21:58:44,completed,10.06
6693,2769,23,"Teriyaki Chicken donburi,Cheeseburger,Ebiten maki",2022-09-09,11:07:57,completed,19.06
6694,952,9,Katsu Curry,2023-11-30,14:19:42,completed,8.28
6695,2999,4,Cheeseburger,2024-08-04,17:36:41,completed,6.88
6696,1226,17,"Cheeseburger,Caesar Salad",2023-07-18,11:45:42,completed,9.93
6697,448,24,Tuna sashimi,2020-06-23,08:32:26,completed,8.03
6698,952,8,Barbecue Ribs,2023-01-03,12:40:17,completed,7.04
6699,192,27,"Tuna sashimi,Chilli con carne,California maki",2025-01-05,20:29:13,completed,15.14
6700,2427,24,Pappardelle alla Bolognese,2023-07-23,14:42:25,completed,7.33
6701,1985,15,"Teriyaki Chicken donburi,Vegetable Soup",2022-01-31,07:24:23,completed,10.69
6702,1808,23,Chicken Fajitas,2022-12-15,18:19:19,completed,7.97
6703,309,26,"Pasta and Beans,Philadelphia maki,Chicken Fajitas,Califlower penne",2023-09-13,10:29:51,completed,27.48
6704,2608,27,"Chicken milanese,Barbecue Ribs,Chicken wings",2020-05-03,15:27:56,pending,22.29
6705,1632,1,Pork sausage roll,2021-08-31,08:34:27,completed,6.24
6706,2333,5,"Fettuccine Alfredo,Lasagne,Philadelphia maki,Meatballs with sauce",2023-06-29,13:01:34,completed,29.34
6707,2511,1,"Souvlaki,Fettuccine Alfredo,Katsu Curry,Scotch eggs,Pizza",2020-12-16,11:03:20,pending,33.29
6708,2806,3,"Califlower penne,French fries with sausages,Chicken Fajitas,Chicken milanese,Chicken milanese",2022-09-08,10:38:12,completed,31.04
6709,2459,9,Pork sausage roll,2022-10-09,17:46:22,completed,5.07
6710,1203,8,"Pork belly buns,Tiramisù",2024-02-13,15:32:22,completed,14.23
6711,1409,9,Tiramisù,2021-11-29,20:00:08,pending,7.03
6712,2085,21,Tiramisù,2021-01-07,10:18:03,completed,8.74
6713,793,30,"Meatballs with sauce,Souvlaki,Pork sausage roll",2021-04-27,10:09:54,completed,22.17
6714,418,16,Pasta with Tomato and Basil,2022-12-30,22:19:55,completed,7.41
6715,2213,7,"Chicken milanese,Risotto with seafood,Scotch eggs",2023-06-13,16:18:31,completed,20.25
6716,620,27,"Mushroom Risotto,Vegetable Soup,Linguine with clams",2020-12-02,18:18:44,pending,19.52
6717,76,6,"Califlower penne,Pappardelle alla Bolognese,Fish and chips",2020-10-10,17:07:06,completed,13.52
6718,2475,12,"Teriyaki Chicken donburi,Scotch eggs",2024-02-14,13:11:28,completed,15.26
6719,1524,22,"Caesar Salad,Katsu Curry,Pasta with Tomato and Basil",2024-04-02,17:17:06,completed,22.59
6720,2437,14,Pork belly buns,2024-07-19,08:27:17,completed,5.24
6721,2228,13,"Califlower penne,Teriyaki Chicken donburi,Fish and chips,Linguine with clams",2020-05-20,21:22:51,completed,29.99
6722,977,27,"French fries with sausages,Scotch eggs",2022-08-20,22:15:38,completed,13.47
6723,1327,30,"Philadelphia maki,Pasta with Tomato and Basil",2022-10-15,13:20:10,completed,9.69
6724,1219,29,"Pappardelle alla Bolognese,Vegetable Soup,Souvlaki",2023-09-24,11:59:19,pending,19.69
6725,2090,4,Salmon nigiri,2020-10-18,19:06:25,completed,7.5
6726,1518,29,Califlower penne,2024-10-14,15:52:18,completed,4.41
6727,1100,11,"Pasta and Beans,Fettuccine Alfredo",2021-03-17,09:08:08,pending,14.01
6728,2129,28,Califlower penne,2025-03-10,11:00:58,completed,5.21
6729,130,21,"Caesar Salad,Chilli con carne,Califlower penne",2020-11-09,08:30:08,pending,16.82
6730,350,18,"Cheeseburger,Chicken milanese,Caprese Salad",2021-02-05,13:13:20,completed,13.67
6731,1165,15,Chicken Fajitas,2021-11-25,20:08:59,completed,7.2
6732,2560,13,Pasta Carbonara,2022-08-30,22:07:03,completed,4.46
6733,1540,19,Meatballs with sauce,2023-07-02,07:46:15,completed,7.58
6734,74,22,"Califlower penne,Califlower penne",2020-12-01,15:55:43,completed,12.23
6735,59,16,Mushroom Risotto,2021-05-30,18:54:49,completed,4.93
6736,987,30,California maki,2024-03-08,07:29:18,completed,8.6
6737,46,11,Chicken milanese,2024-10-04,12:43:58,completed,7.94
6738,111,21,"Chicken wings,Pizza,Chicken wings",2023-06-19,20:30:30,completed,17.95
6739,746,29,Mushroom Risotto,2024-04-17,06:11:23,completed,4.15
6740,1892,21,Fettuccine Alfredo,2020-11-09,16:29:50,completed,7.32
6741,703,16,Souvlaki,2024-01-17,08:14:18,pending,5.93
6742,2398,15,"Katsu Curry,Tiramisù,Lasagne,California maki,Souvlaki",2023-01-30,12:10:25,completed,33.82
6743,965,29,"Tiramisù,Scotch eggs,Philadelphia maki",2022-12-08,16:41:12,completed,17.11
6744,1424,3,Pasta Carbonara,2024-08-29,11:15:17,completed,4.93
6745,1285,28,"Fettuccine Alfredo,Meatballs with sauce,Teriyaki Chicken donburi",2022-08-02,12:13:09,cancelled,21.3
6746,264,4,"Caesar Salad,Pappardelle alla Bolognese",2024-09-13,17:33:54,pending,11.02
6747,2057,12,French fries with sausages,2023-06-23,13:28:01,completed,7.11
6748,2353,26,"Risotto with seafood,Bruschette with Tomato",2023-11-25,20:42:56,pending,11.13
6749,795,8,"California maki,Chicken milanese",2025-04-02,16:01:50,completed,12.33
6750,2938,6,"Chicken milanese,Ricotta stuffed Ravioli",2025-01-11,20:22:51,completed,11.7
6751,2937,22,Chicken milanese,2024-09-20,09:25:46,pending,6.83
6752,2222,17,Chicken milanese,2022-11-16,09:59:02,cancelled,8.45
6753,317,21,"Chicken wings,Scotch eggs,Linguine with clams",2021-05-15,16:17:10,completed,21.07
6754,976,3,Meatballs with sauce,2023-11-15,14:06:26,completed,6.55
6755,1509,12,Chicken Fajitas,2025-02-25,18:37:18,completed,8.8
6756,1165,6,"California maki,Pork sausage roll",2021-10-07,09:16:47,completed,14.15
6757,1322,14,Chicken milanese,2021-03-20,17:11:04,completed,6.01
6758,2090,23,"California maki,Pasta with Tomato and Basil,Mushroom Risotto,Teriyaki Chicken donburi",2020-01-02,16:41:38,completed,24.16
6759,1651,11,Salmon nigiri,2025-03-29,14:56:46,pending,5.3
6760,475,15,Mushroom Risotto,2023-08-14,13:45:31,completed,8.55
6761,2931,28,"Chilli con carne,Philadelphia maki,Pappardelle alla Bolognese",2023-01-17,19:08:30,completed,15.61
6762,2062,27,Pork sausage roll,2024-09-03,06:25:14,completed,8.67
6763,531,21,Souvlaki,2024-11-22,16:49:27,completed,7.44
6764,1780,21,Barbecue Ribs,2023-03-02,07:35:28,pending,4.12
6765,2610,23,Souvlaki,2022-06-27,13:39:16,completed,6.92
6766,1612,28,Teriyaki Chicken donburi,2024-12-26,18:44:39,pending,4.06
6767,2071,25,Teriyaki Chicken donburi,2024-08-17,13:32:19,completed,5.45
6768,341,8,Chilli con carne,2022-08-27,15:51:16,completed,7.77
6769,2130,14,Pasta Carbonara,2020-08-26,14:02:38,pending,4.23
6770,1723,18,Tiramisù,2024-01-25,21:26:13,pending,4.49
6771,381,11,Ricotta stuffed Ravioli,2023-09-27,11:31:16,completed,6.27
6772,1575,27,Souvlaki,2020-11-21,19:08:57,pending,4.18
6773,639,28,"Philadelphia maki,Caesar Salad,Chicken wings,Salmon nigiri",2022-01-19,08:50:47,completed,19.92
6774,909,22,"Tuna sashimi,Chicken Fajitas,Teriyaki Chicken donburi,Pasta with Tomato and Basil,Fish and chips",2020-11-18,14:37:52,completed,32.9
6775,380,28,California maki,2023-07-24,06:11:21,pending,6.43
6776,956,28,Chicken wings,2025-06-29,10:39:13,completed,7.52
6777,2930,7,"Barbecue Ribs,Fettuccine Alfredo,French fries with sausages",2023-03-15,21:37:55,completed,16.09
6778,1947,27,Caprese Salad,2021-12-12,15:43:36,completed,6.82
6779,1939,13,"Pork sausage roll,Fish and chips",2025-09-19,18:35:32,completed,13.61
6780,1822,20,"Risotto with seafood,Fish and chips,Caprese Salad,Chilli con carne,Vegetable Soup",2021-05-27,09:50:54,completed,30.54
6781,674,17,"Katsu Curry,Pasta Carbonara,Pork belly buns,Califlower penne",2024-07-21,22:47:27,pending,27.39
6782,455,28,"Teriyaki Chicken donburi,Teriyaki Chicken donburi,Pasta with Tomato and Basil,Pappardelle alla Bolognese,Caesar Salad",2022-01-14,11:32:56,pending,32.2
6783,935,29,"Mushroom Risotto,Chicken milanese,Cheeseburger",2023-04-23,18:52:57,completed,17.52
6784,1366,27,"Pasta Carbonara,Salmon nigiri",2021-01-13,17:30:33,completed,13.26
6785,2024,8,"Ebiten maki,Fettuccine Alfredo",2024-06-04,15:43:12,completed,14.56
6786,2509,25,"Vegetable Soup,Tiramisù",2023-01-16,16:01:37,completed,12.1
6787,2651,23,Caprese Salad,2020-12-26,20:54:37,completed,4.72
6788,576,30,Linguine with clams,2025-08-04,07:58:18,completed,8.24
6789,2539,16,Souvlaki,2023-02-22,17:38:02,completed,7.21
6790,98,14,Salmon nigiri,2021-09-03,16:50:47,completed,5.54
6791,51,9,Scotch eggs,2022-04-19,11:06:59,completed,6.42
6792,739,26,Caesar Salad,2024-04-10,17:34:40,completed,6.34
6793,2440,9,"Lasagne,Cheeseburger",2020-07-11,21:06:36,completed,11.86
6794,1096,23,Chicken Fajitas,2021-11-18,22:38:11,completed,7.51
6795,1622,16,"Linguine with clams,Chicken Fajitas,Pasta with Tomato and Basil,Pappardelle alla Bolognese,Vegetable Soup",2020-01-28,22:37:25,completed,31.67
6796,1568,14,"California maki,Pork belly buns,Cheeseburger",2022-10-31,13:09:53,cancelled,20.18
6797,884,30,Philadelphia maki,2022-12-09,14:51:30,completed,8.98
6798,2541,3,"Fish and chips,Bruschette with Tomato",2025-01-14,22:57:48,completed,9.7
6799,1346,25,"Salmon nigiri,French fries with sausages",2022-03-06,13:34:53,completed,11.6
6800,1258,6,Salmon nigiri,2020-08-09,15:32:28,pending,7.49
6801,1791,24,Chilli con carne,2022-07-28,07:54:44,pending,7.2
6802,2438,7,Linguine with clams,2021-01-16,07:37:11,completed,5.48
6803,2651,21,Pork belly buns,2023-07-20,19:14:55,pending,6.88
6804,1278,22,Fish and chips,2021-09-24,19:48:36,pending,8.5
6805,2634,7,"Califlower penne,Ricotta stuffed Ravioli,Pasta with Tomato and Basil,Chicken milanese,French fries with sausages",2020-12-14,08:35:51,completed,29.52
6806,529,28,Katsu Curry,2023-02-14,07:56:41,completed,5.58
6807,1992,8,"Lasagne,Tiramisù,Lasagne,Katsu Curry,California maki",2020-09-04,06:05:28,pending,40.14
6808,2784,16,"Pork sausage roll,Linguine with clams,Ricotta stuffed Ravioli,Califlower penne",2021-07-28,11:41:05,completed,25.27
6809,1864,18,Salmon nigiri,2021-02-09,06:12:04,completed,6.83
6810,1895,6,Caesar Salad,2023-06-14,07:14:55,completed,4.4
6811,883,19,Fettuccine Alfredo,2022-05-24,14:50:21,completed,6.46
6812,1260,5,"Lasagne,Teriyaki Chicken donburi,Pork sausage roll",2020-12-11,20:27:44,completed,15.52
6813,1873,24,Chilli con carne,2020-07-13,17:57:08,completed,5.17
6814,1072,21,"Tiramisù,Meatballs with sauce,Caprese Salad,Teriyaki Chicken donburi",2022-05-29,16:56:59,completed,21.49
6815,1044,5,Chicken milanese,2022-02-24,07:25:00,completed,8.09
6816,671,13,"Ricotta stuffed Ravioli,Ebiten maki",2020-01-30,06:47:43,completed,10.59
6817,1473,6,"French fries with sausages,Pasta Carbonara,Teriyaki Chicken donburi,Fettuccine Alfredo",2025-02-11,07:55:55,completed,24.45
6818,1254,1,Chicken Fajitas,2023-11-14,08:50:54,completed,4.15
6819,672,29,"Fettuccine Alfredo,Tuna sashimi,Meatballs with sauce,Teriyaki Chicken donburi",2022-11-22,06:21:40,completed,31.43
6820,2147,5,"Risotto with seafood,Lasagne,Pizza",2025-08-22,22:30:10,cancelled,18.49
6821,335,20,"Pasta with Tomato and Basil,Linguine with clams",2024-12-09,10:12:41,pending,15.05
6822,410,6,Teriyaki Chicken donburi,2024-08-09,16:58:29,completed,4.12
6823,153,28,"Pork sausage roll,Teriyaki Chicken donburi",2020-07-22,09:59:33,completed,14.86
6824,2798,24,"Cheeseburger,California maki,Fettuccine Alfredo,Fish and chips,Risotto with seafood",2020-02-05,12:27:03,completed,34.43
6825,897,22,Scotch eggs,2020-01-30,07:33:29,completed,7.45
6826,987,13,"French fries with sausages,Lasagne,Katsu Curry,Caprese Salad",2025-06-01,08:35:28,completed,19.31
6827,1901,13,"Chilli con carne,Chicken Fajitas",2025-01-19,10:42:38,completed,9.55
6828,2899,13,Fettuccine Alfredo,2021-04-19,18:48:13,pending,7.72
6829,2845,24,Pasta and Beans,2021-01-20,12:29:19,pending,6.67
6830,779,7,Vegetable Soup,2023-07-14,06:53:51,completed,5.02
6831,2633,28,Pasta with Tomato and Basil,2024-12-11,14:57:19,completed,8.4
6832,1648,22,"California maki,Risotto with seafood",2025-03-24,13:09:58,completed,14.87
6833,2842,15,"Vegetable Soup,Ricotta stuffed Ravioli,Fettuccine Alfredo",2024-04-26,15:26:52,completed,22.98
6834,1278,2,"California maki,Califlower penne",2024-08-22,19:57:15,completed,11.93
6835,1824,17,Barbecue Ribs,2023-02-04,09:51:40,completed,6.62
6836,1800,24,Caprese Salad,2023-07-06,08:04:01,completed,8.93
6837,1593,21,Scotch eggs,2021-09-05,19:02:26,pending,5.33
6838,1896,1,Fettuccine Alfredo,2023-06-12,18:03:19,completed,5.97
6839,1378,4,Chicken Fajitas,2024-05-14,21:51:22,completed,4.03
6840,1033,10,"French fries with sausages,Meatballs with sauce,Califlower penne",2022-08-26,14:42:24,completed,20.04
6841,2703,11,Pappardelle alla Bolognese,2024-09-19,11:39:56,pending,7.55
6842,285,18,Mushroom Risotto,2023-09-21,17:07:16,completed,8.89
6843,395,15,Tiramisù,2025-03-17,22:57:59,completed,5.87
6844,2967,20,"Lasagne,Pork sausage roll",2024-09-10,11:24:27,completed,13.1
6845,2679,22,Chicken wings,2020-09-15,10:41:01,completed,4.47
6846,442,17,Teriyaki Chicken donburi,2020-10-06,07:30:12,cancelled,7.66
6847,2329,2,Fettuccine Alfredo,2020-03-23,18:04:44,cancelled,6.69
6848,1846,22,Barbecue Ribs,2023-03-22,11:09:38,completed,6.75
6849,2810,30,Scotch eggs,2022-12-06,06:14:42,pending,7.45
6850,311,3,"Caprese Salad,French fries with sausages",2025-09-22,22:48:34,completed,13.53
6851,606,27,"Chicken milanese,Teriyaki Chicken donburi,Chicken milanese",2024-05-22,13:04:33,completed,17.68
6852,753,25,"Pizza,Cheeseburger,Fettuccine Alfredo",2022-11-24,08:08:46,pending,20.6
6853,1196,14,Ricotta stuffed Ravioli,2020-05-23,15:47:56,completed,6.72
6854,2793,12,"Salmon nigiri,Bruschette with Tomato,Pizza,Fettuccine Alfredo",2024-10-05,13:05:01,completed,20.97
6855,650,13,Vegetable Soup,2020-02-14,21:00:25,completed,8.05
6856,1760,25,"Pasta with Tomato and Basil,Fettuccine Alfredo",2022-04-11,09:02:04,completed,16.44
6857,2092,12,Caprese Salad,2020-01-28,08:39:04,completed,7.73
6858,1104,1,Pasta and Beans,2022-05-01,07:06:07,completed,8.62
6859,1071,25,"Pizza,Caprese Salad,Pasta and Beans,Fettuccine Alfredo,Pizza",2022-03-28,07:54:16,completed,32.53
6860,1306,11,"Chilli con carne,Pasta Carbonara",2020-06-04,09:53:18,completed,11.95
6861,937,2,"Tiramisù,Cheeseburger",2023-06-22,15:11:36,completed,15.79
6862,370,12,Mushroom Risotto,2025-08-31,16:54:54,completed,6.1
6863,1607,22,"Pappardelle alla Bolognese,Salmon nigiri",2020-06-18,06:36:14,cancelled,12.55
6864,880,25,Souvlaki,2022-09-21,17:40:11,pending,7.22
6865,960,11,Califlower penne,2023-07-01,18:55:55,completed,7.41
6866,2434,20,Chicken wings,2022-09-03,17:47:39,completed,5.98
6867,351,25,Pappardelle alla Bolognese,2025-06-28,12:57:38,completed,5.65
6868,1075,11,"Pizza,Fettuccine Alfredo",2023-04-19,22:44:40,cancelled,13.3
6869,1336,7,Fish and chips,2022-11-28,19:35:13,completed,7.2
6870,486,1,Risotto with seafood,2023-06-13,19:39:44,completed,6.68
6871,2960,14,Pasta and Beans,2020-02-26,20:16:34,completed,6.89
6872,1830,15,"Katsu Curry,Fish and chips,Souvlaki,Bruschette with Tomato",2023-12-06,13:08:14,completed,27.9
6873,1302,2,Mushroom Risotto,2023-03-11,07:42:04,completed,4.26
6874,2812,5,"Mushroom Risotto,Pappardelle alla Bolognese,Caprese Salad,Chilli con carne,Pappardelle alla Bolognese",2020-06-17,14:12:50,completed,33.15
6875,2826,30,"Fish and chips,Chicken milanese",2023-07-22,14:43:45,completed,10.7
6876,1930,2,Lasagne,2021-06-03,22:32:51,cancelled,5.44
6877,1473,30,Linguine with clams,2023-06-30,17:44:10,completed,4.72
6878,2381,3,Chilli con carne,2024-05-07,10:26:48,completed,9.0
6879,230,24,Philadelphia maki,2025-09-09,19:20:11,cancelled,4.92
6880,2523,26,California maki,2022-04-18,16:27:30,completed,4.84
6881,2334,27,"Teriyaki Chicken donburi,Linguine with clams,Meatballs with sauce",2025-10-01,17:16:04,completed,22.11
6882,2997,29,Lasagne,2020-08-29,15:18:19,completed,6.43
6883,492,1,Caprese Salad,2023-04-05,07:39:16,completed,4.95
6884,95,22,"Chicken milanese,Salmon nigiri,Chicken milanese",2024-08-11,13:29:26,completed,20.68
6885,764,16,"Fettuccine Alfredo,Pork belly buns",2020-05-13,13:51:24,completed,11.87
6886,2410,10,"Philadelphia maki,California maki",2021-08-26,06:32:31,completed,13.26
6887,529,17,"Pasta with Tomato and Basil,Chicken Fajitas",2022-04-01,13:58:16,completed,15.44
6888,2257,15,Vegetable Soup,2024-04-19,10:48:43,completed,7.15
6889,1755,26,Pork belly buns,2020-01-05,11:21:48,completed,4.31
6890,34,20,Salmon nigiri,2020-08-06,21:08:46,completed,6.9
6891,992,24,"Chicken wings,Pasta with Tomato and Basil,Chilli con carne",2023-06-24,21:42:42,completed,18.44
6892,1251,3,"Tuna sashimi,California maki,Risotto with seafood",2024-03-24,08:04:57,completed,24.97
6893,1498,22,Scotch eggs,2021-11-03,12:25:16,completed,7.4
6894,865,2,Pasta with Tomato and Basil,2020-04-18,19:08:23,pending,6.37
6895,2112,17,Pork sausage roll,2020-05-17,10:04:19,completed,5.96
6896,714,27,"Pasta and Beans,Chicken wings",2021-05-02,08:51:27,completed,14.26
6897,1657,7,"Chicken milanese,Chicken milanese",2022-11-17,22:51:11,completed,13.11
6898,2801,15,Philadelphia maki,2025-04-18,17:01:11,completed,5.56
6899,1663,8,"Linguine with clams,Scotch eggs,Fish and chips",2024-06-17,09:46:39,completed,22.1
6900,2422,1,Lasagne,2025-02-11,20:32:51,completed,4.53
6901,2647,1,Katsu Curry,2024-06-30,09:08:49,completed,8.42
6902,2950,21,"Pork belly buns,Philadelphia maki,Mushroom Risotto,Pappardelle alla Bolognese",2024-10-29,06:26:47,completed,24.76
6903,1419,1,"Pasta with Tomato and Basil,Cheeseburger,Caesar Salad,Cheeseburger,Lasagne",2021-05-16,11:26:11,completed,32.15
6904,288,3,"Caprese Salad,Vegetable Soup",2024-12-25,17:20:56,completed,14.0
6905,2874,20,Pappardelle alla Bolognese,2020-09-25,18:42:03,completed,8.7
6906,1612,14,Meatballs with sauce,2024-05-20,20:14:15,completed,6.23
6907,2233,26,"Caprese Salad,Meatballs with sauce",2023-11-25,10:25:25,completed,11.18
6908,2050,10,"Chicken wings,Pork sausage roll,Fettuccine Alfredo,Lasagne,Souvlaki",2023-04-19,08:31:38,completed,32.99
6909,166,25,Salmon nigiri,2022-06-08,17:54:38,completed,8.72
6910,2065,5,Pasta and Beans,2023-07-21,19:36:07,completed,4.23
6911,1604,13,Philadelphia maki,2022-10-26,09:17:48,completed,8.81
6912,456,21,Caesar Salad,2021-03-02,14:49:37,completed,8.14
6913,82,25,Fish and chips,2022-06-09,06:19:09,completed,6.93
6914,1550,4,"Tuna sashimi,Caprese Salad,Chicken wings",2023-12-02,07:08:46,completed,20.85
6915,1317,25,Pork belly buns,2020-09-07,15:57:07,completed,4.47
6916,1658,2,"Caesar Salad,Tiramisù",2021-03-12,10:46:34,completed,14.58
6917,1431,27,"Scotch eggs,Pasta and Beans",2024-10-07,20:29:59,pending,15.08
6918,2996,25,Caesar Salad,2024-01-26,16:37:57,completed,4.44
6919,446,3,Chicken milanese,2023-08-24,06:03:17,completed,5.36
6920,1664,26,Teriyaki Chicken donburi,2025-09-21,18:29:01,completed,7.62
6921,2183,19,"Katsu Curry,Ricotta stuffed Ravioli",2025-01-03,22:09:33,completed,9.86
6922,2782,12,"Barbecue Ribs,Souvlaki",2022-09-16,06:23:49,cancelled,13.62
6923,579,18,Caprese Salad,2025-02-16,22:08:43,pending,4.93
6924,331,19,Pasta and Beans,2020-12-23,09:55:17,completed,8.91
6925,1028,8,"Pasta with Tomato and Basil,Chilli con carne,Mushroom Risotto,Chicken milanese",2020-06-02,12:48:57,completed,25.02
6926,1206,9,Ebiten maki,2024-10-10,15:59:00,completed,4.43
6927,2010,24,Scotch eggs,2021-09-18,07:58:46,completed,5.08
6928,108,23,Philadelphia maki,2020-09-24,15:27:20,pending,6.55
6929,2653,9,Pasta and Beans,2023-11-29,18:34:06,completed,5.76
6930,895,22,"Ricotta stuffed Ravioli,Pork belly buns,Teriyaki Chicken donburi",2024-02-09,07:53:28,completed,17.2
6931,2837,15,Mushroom Risotto,2024-09-03,21:02:04,completed,4.23
6932,2548,30,Caprese Salad,2022-11-23,14:30:18,completed,8.86
6933,1277,29,"Vegetable Soup,Teriyaki Chicken donburi",2023-06-29,15:34:10,completed,11.95
6934,1663,3,"Pappardelle alla Bolognese,Pasta with Tomato and Basil,Pizza,Caesar Salad",2024-12-09,06:49:06,completed,23.5
6935,1242,11,"Chilli con carne,Pork belly buns,Vegetable Soup",2020-11-04,10:16:41,completed,22.24
6936,1319,22,"Ebiten maki,Chicken wings,Vegetable Soup",2020-02-09,13:50:37,completed,18.22
6937,66,3,"Philadelphia maki,Scotch eggs",2022-01-10,06:39:42,completed,11.91
6938,2576,26,"Pizza,Califlower penne,Philadelphia maki",2023-05-09,18:05:14,completed,15.77
6939,2483,3,Risotto with seafood,2023-10-06,16:53:42,completed,8.73
6940,1111,17,Meatballs with sauce,2024-08-14,09:24:24,completed,4.09
6941,1621,16,"Ebiten maki,Tiramisù",2022-06-07,06:17:15,completed,12.26
6942,1320,16,"Salmon nigiri,Fish and chips",2021-04-15,17:35:36,completed,14.72
6943,16,27,"Pappardelle alla Bolognese,Chicken Fajitas",2024-03-03,15:55:59,completed,13.9
6944,2021,8,"Salmon nigiri,Meatballs with sauce,Vegetable Soup,California maki",2024-05-08,16:45:04,completed,18.43
6945,2101,19,Pizza,2023-08-29,17:32:07,completed,4.26
6946,937,9,Caprese Salad,2024-05-29,09:24:38,completed,4.35
6947,1364,14,"Meatballs with sauce,Teriyaki Chicken donburi,Linguine with clams",2023-12-07,11:49:11,completed,16.27
6948,1589,9,"Caprese Salad,Chicken wings",2024-12-13,16:14:49,cancelled,13.28
6949,1645,28,Chilli con carne,2020-11-18,15:47:34,completed,7.29
6950,1234,21,"Salmon nigiri,Chicken milanese",2021-06-23,19:51:20,completed,12.01
6951,2062,24,Philadelphia maki,2023-04-13,17:35:36,completed,5.12
6952,2541,25,"Pizza,Califlower penne,Fish and chips,Vegetable Soup",2020-08-14,07:45:25,cancelled,25.27
6953,655,3,Fish and chips,2023-02-27,13:29:40,completed,4.78
6954,670,1,Pork belly buns,2021-12-18,14:24:49,completed,6.05
6955,5,11,Califlower penne,2022-11-19,20:05:03,completed,5.78
6956,1671,26,"Katsu Curry,Pizza",2022-01-23,21:48:03,completed,12.36
6957,639,28,"Caesar Salad,Pappardelle alla Bolognese,Mushroom Risotto",2023-02-26,11:28:19,completed,19.65
6958,2397,29,Pizza,2021-03-12,12:12:19,completed,5.87
6959,2816,13,Califlower penne,2021-01-16,11:34:00,completed,6.84
6960,2162,8,Philadelphia maki,2023-05-21,11:44:47,cancelled,8.69
6961,1317,21,French fries with sausages,2021-08-25,06:18:53,pending,8.77
6962,194,14,"Salmon nigiri,Ebiten maki",2024-05-14,10:06:53,completed,10.88
6963,32,29,Pizza,2024-03-30,06:26:07,pending,6.54
6964,1255,27,Fettuccine Alfredo,2021-08-03,07:56:35,completed,6.22
6965,722,8,"Fish and chips,Souvlaki",2021-07-11,20:44:54,completed,10.22
6966,31,1,Ebiten maki,2023-11-12,22:45:17,cancelled,6.4
6967,1441,13,Salmon nigiri,2023-12-20,16:58:26,pending,6.88
6968,1706,11,Mushroom Risotto,2025-05-11,06:20:53,completed,5.65
6969,1591,26,Califlower penne,2024-07-17,20:12:54,completed,7.58
6970,2562,24,"California maki,French fries with sausages",2020-12-08,18:01:28,completed,12.02
6971,801,9,Bruschette with Tomato,2024-07-30,18:34:39,pending,7.11
6972,1224,17,Vegetable Soup,2024-08-14,17:23:06,completed,7.18
6973,849,10,"Meatballs with sauce,Scotch eggs,Fish and chips,Pasta Carbonara",2020-07-31,10:44:06,completed,29.92
6974,243,10,Cheeseburger,2021-02-08,19:30:01,pending,4.98
6975,1874,18,"Risotto with seafood,Ebiten maki,Barbecue Ribs,Pasta with Tomato and Basil,Chicken wings",2024-07-12,08:09:38,completed,37.82
6976,2249,17,California maki,2024-08-08,10:18:19,completed,6.56
6977,2504,25,Mushroom Risotto,2025-09-06,11:08:09,completed,8.02
6978,769,23,"Ricotta stuffed Ravioli,Chicken milanese,Pork sausage roll,Caesar Salad",2021-04-15,18:33:02,completed,21.48
6979,1032,3,"Caprese Salad,Pasta with Tomato and Basil,Chicken milanese",2022-02-02,16:29:34,completed,17.19
6980,405,21,Pasta Carbonara,2025-08-27,13:50:06,completed,6.85
6981,2212,21,Pasta with Tomato and Basil,2021-05-22,11:49:54,completed,8.31
6982,415,2,Pasta with Tomato and Basil,2024-07-07,21:43:48,cancelled,6.11
6983,600,19,Chicken milanese,2023-03-15,21:39:13,completed,7.47
6984,630,12,Caprese Salad,2022-05-14,21:09:18,completed,4.44
6985,2042,12,"Caprese Salad,Salmon nigiri,Pork sausage roll",2025-09-21,15:46:55,cancelled,19.85
6986,1540,30,"Bruschette with Tomato,Linguine with clams,Salmon nigiri",2023-12-07,12:39:06,completed,19.17
6987,129,10,Pork belly buns,2023-05-21,18:14:28,completed,7.16
6988,1438,5,California maki,2024-12-19,10:39:10,pending,7.64
6989,2184,4,French fries with sausages,2020-12-20,15:27:14,completed,8.78
6990,1939,6,"Pasta Carbonara,Tuna sashimi",2021-07-16,19:00:35,cancelled,12.74
6991,92,10,"Chilli con carne,Pasta Carbonara,California maki",2022-03-16,07:55:59,completed,16.54
6992,292,13,Tiramisù,2021-02-26,13:34:29,completed,4.39
6993,352,5,"Chicken Fajitas,Philadelphia maki,California maki",2021-10-10,13:03:28,completed,15.93
6994,391,12,French fries with sausages,2022-11-10,19:31:30,completed,5.45
6995,2339,11,"Barbecue Ribs,Chilli con carne,California maki,Bruschette with Tomato",2023-03-19,11:16:32,completed,31.15
6996,585,30,"Lasagne,Ricotta stuffed Ravioli",2020-03-08,18:56:49,completed,10.97
6997,2299,19,"Tuna sashimi,California maki,Pizza",2025-09-21,22:04:29,completed,23.36
6998,1609,15,Mushroom Risotto,2024-08-28,18:01:18,pending,7.97
6999,965,27,"Fish and chips,Pasta and Beans,Pasta and Beans",2022-06-28,07:05:50,completed,22.1
7000,1899,17,"Fettuccine Alfredo,Ebiten maki",2020-12-02,15:48:01,completed,10.66
7001,1185,24,"Chicken milanese,Tuna sashimi,Fettuccine Alfredo",2022-09-02,21:26:20,completed,17.56
7002,485,15,"Pizza,Pork sausage roll,Tiramisù,Pork belly buns",2020-07-23,19:54:46,completed,30.27
7003,1290,13,"Chicken wings,Scotch eggs",2024-08-18,11:15:31,completed,15.34
7004,1733,11,Pork sausage roll,2022-03-18,07:07:17,completed,4.31
7005,1068,9,Barbecue Ribs,2025-03-05,17:43:22,pending,8.31
7006,265,27,Mushroom Risotto,2024-10-18,06:19:08,completed,6.09
7007,139,29,Pasta Carbonara,2022-05-05,15:45:25,pending,4.04
7008,121,20,"Chicken Fajitas,Fish and chips",2025-02-10,09:39:24,cancelled,13.06
7009,2763,19,Mushroom Risotto,2024-12-31,14:00:51,completed,6.65
7010,2071,26,Caprese Salad,2022-06-09,15:53:41,completed,5.06
7011,976,25,"Tuna sashimi,Caprese Salad",2020-11-26,07:38:04,completed,11.25
7012,1803,1,"Katsu Curry,Lasagne",2024-05-23,10:30:58,completed,9.95
7013,938,23,Risotto with seafood,2020-06-30,06:08:20,completed,4.11
7014,2620,5,"Katsu Curry,Ebiten maki",2022-10-04,10:39:03,completed,15.01
7015,1661,20,"Pork sausage roll,Cheeseburger,Tuna sashimi,Chicken wings",2023-12-08,10:48:07,completed,26.93
7016,685,1,"Fish and chips,Salmon nigiri,Vegetable Soup",2025-03-01,22:25:30,completed,21.48
7017,684,8,"Philadelphia maki,Lasagne,Chicken Fajitas",2022-03-18,14:01:29,completed,21.04
7018,2604,18,"Pasta and Beans,Caprese Salad",2025-07-07,16:04:26,completed,12.39
7019,2820,17,"Pappardelle alla Bolognese,California maki",2022-04-24,20:50:59,completed,13.71
7020,941,21,"Katsu Curry,Vegetable Soup,Ricotta stuffed Ravioli,Chilli con carne",2021-06-24,18:01:59,completed,22.76
7021,658,8,Chilli con carne,2021-11-25,15:22:03,completed,7.95
7022,2637,24,"French fries with sausages,Ebiten maki,Pasta with Tomato and Basil,Philadelphia maki,Chicken wings",2020-09-08,11:43:46,completed,26.49
7023,395,4,"Scotch eggs,Pork belly buns,Salmon nigiri,Ebiten maki,Caprese Salad",2022-06-23,11:12:14,completed,34.91
7024,2162,6,Chicken wings,2020-09-04,06:41:59,completed,8.42
7025,221,11,Scotch eggs,2023-11-04,10:02:03,completed,7.27
7026,2145,19,"Chicken milanese,Pork belly buns,Chicken milanese,Caprese Salad",2022-08-12,21:50:46,completed,23.82
7027,495,19,"Ricotta stuffed Ravioli,Linguine with clams,Fettuccine Alfredo,Caesar Salad",2020-08-21,22:54:29,completed,26.39
7028,152,29,"Pasta with Tomato and Basil,Risotto with seafood,Chilli con carne",2023-01-25,22:08:09,cancelled,20.66
7029,572,11,"Pizza,Barbecue Ribs",2024-03-23,10:12:20,completed,12.41
7030,769,1,"Ebiten maki,Fettuccine Alfredo,California maki",2021-02-27,12:28:30,completed,18.97
7031,1692,16,"Salmon nigiri,Fish and chips,Ricotta stuffed Ravioli",2022-12-04,15:59:43,completed,14.21
7032,383,12,Vegetable Soup,2020-11-10,22:27:06,completed,4.36
7033,460,22,"Lasagne,Mushroom Risotto,Pasta with Tomato and Basil",2020-04-02,18:38:55,completed,17.09
7034,205,4,French fries with sausages,2022-05-03,09:48:00,completed,6.19
7035,957,21,Pork sausage roll,2020-05-05,09:01:25,completed,4.26
7036,1240,12,"Pizza,Pork sausage roll,Chicken Fajitas,French fries with sausages",2024-09-06,14:45:55,completed,25.83
7037,1775,30,"Bruschette with Tomato,Califlower penne",2024-01-18,16:36:29,completed,11.08
7038,2306,1,"Ebiten maki,Philadelphia maki,Mushroom Risotto",2020-11-22,22:45:55,completed,20.06
7039,2324,2,"Califlower penne,Scotch eggs",2021-12-03,08:19:36,completed,17.62
7040,1383,7,Scotch eggs,2023-11-25,06:29:07,completed,7.63
7041,1957,3,"Caesar Salad,Pasta with Tomato and Basil,Tuna sashimi",2021-05-03,21:31:32,pending,18.92
7042,1480,1,"Pork sausage roll,Barbecue Ribs,Linguine with clams",2021-04-11,17:15:25,cancelled,17.09
7043,1374,22,Scotch eggs,2024-02-11,08:46:10,completed,6.42
7044,1844,7,Pappardelle alla Bolognese,2020-12-10,10:26:09,completed,4.04
7045,1190,12,Tuna sashimi,2020-11-14,10:32:55,completed,5.9
7046,1041,21,"Tuna sashimi,Califlower penne",2024-04-02,12:14:23,completed,13.03
7047,1608,22,"Pasta and Beans,Pasta with Tomato and Basil,Pasta with Tomato and Basil,Risotto with seafood,Chicken wings",2022-09-20,19:49:26,completed,27.12
7048,2753,3,Fettuccine Alfredo,2022-08-09,15:24:07,completed,8.68
7049,746,9,"Bruschette with Tomato,Pasta and Beans",2024-05-31,17:17:44,completed,13.29
7050,1290,11,"Souvlaki,Linguine with clams,Ricotta stuffed Ravioli,French fries with sausages,Scotch eggs",2021-08-14,15:17:46,cancelled,29.71
7051,1539,6,"Lasagne,Katsu Curry",2022-08-04,09:36:02,completed,12.16
7052,941,16,"Pappardelle alla Bolognese,Califlower penne,Meatballs with sauce",2025-07-05,06:54:32,completed,21.75
7053,335,27,"Pasta Carbonara,Tuna sashimi,Souvlaki,Pork sausage roll",2024-09-06,06:22:17,completed,26.39
7054,1345,14,Katsu Curry,2025-07-03,10:23:57,completed,5.32
7055,2654,8,Linguine with clams,2023-03-21,16:55:37,cancelled,7.41
7056,1362,2,Fish and chips,2024-04-21,17:35:17,completed,6.91
7057,552,14,"Pasta Carbonara,Pasta Carbonara,Chicken milanese",2023-07-13,19:49:19,completed,22.26
7058,416,15,"Tuna sashimi,Tiramisù",2020-07-25,10:36:51,completed,14.35
7059,2909,20,"Chicken wings,Pork sausage roll",2025-06-02,13:29:22,completed,11.45
7060,1282,24,"Chicken Fajitas,Vegetable Soup,Pork belly buns,California maki",2025-08-28,10:45:26,completed,28.5
7061,2308,24,Pasta with Tomato and Basil,2023-11-15,17:01:45,completed,6.41
7062,2189,9,"Risotto with seafood,Katsu Curry",2020-06-23,10:07:00,completed,14.39
7063,493,27,"Katsu Curry,Linguine with clams",2022-12-31,11:39:06,completed,10.21
7064,2677,5,"Bruschette with Tomato,Barbecue Ribs,Cheeseburger",2021-12-30,07:30:27,completed,14.11
7065,210,13,Pasta Carbonara,2021-01-05,15:19:28,completed,4.5
7066,724,1,Pizza,2021-11-05,09:47:00,cancelled,8.49
7067,2281,11,"Scotch eggs,Philadelphia maki",2020-09-06,16:04:02,pending,9.94
7068,2675,14,"Tiramisù,Meatballs with sauce",2025-08-25,12:43:36,completed,14.64
7069,1654,14,"Chicken wings,Ebiten maki,Pizza",2024-07-06,14:33:34,pending,21.52
7070,1494,11,"California maki,Linguine with clams,Risotto with seafood",2025-08-30,21:02:59,completed,20.06
7071,675,9,"Caprese Salad,Caprese Salad,California maki",2021-09-11,16:32:38,completed,21.51
7072,1012,16,Pasta and Beans,2022-07-10,07:11:09,completed,8.46
7073,417,13,"French fries with sausages,Ebiten maki,Fish and chips,California maki,Barbecue Ribs",2024-06-09,22:01:06,pending,33.64
7074,2058,7,Cheeseburger,2021-08-11,22:12:10,pending,5.93
7075,1034,7,Vegetable Soup,2025-08-25,09:51:06,completed,6.77
7076,500,5,Barbecue Ribs,2021-12-14,17:33:32,completed,4.95
7077,1576,21,"Pappardelle alla Bolognese,Tiramisù",2020-09-16,20:23:40,cancelled,11.5
7078,232,14,Caesar Salad,2021-04-12,20:19:06,completed,8.67
7079,39,23,"Lasagne,Mushroom Risotto",2021-03-29,19:52:55,completed,14.72
7080,2852,9,"Caprese Salad,Tuna sashimi,Linguine with clams,Teriyaki Chicken donburi",2024-10-16,07:15:32,completed,24.09
7081,2557,2,"Scotch eggs,Meatballs with sauce",2022-06-03,12:32:06,completed,13.11
7082,2731,1,"Chilli con carne,Tiramisù,California maki",2024-03-25,20:44:23,completed,20.08
7083,2182,2,Pasta and Beans,2024-02-06,12:47:32,completed,6.03
7084,1028,24,Caesar Salad,2024-05-28,22:42:43,completed,7.48
7085,2944,19,"Pizza,Pizza",2023-07-06,16:38:54,cancelled,10.2
7086,2423,1,French fries with sausages,2025-05-02,07:20:51,completed,8.96
7087,592,24,"Risotto with seafood,Fettuccine Alfredo,Salmon nigiri",2024-05-01,17:44:57,completed,16.96
7088,595,27,"Ricotta stuffed Ravioli,Scotch eggs,Caprese Salad,Pork sausage roll,Tiramisù",2021-02-11,13:51:58,pending,34.68
7089,1005,29,Risotto with seafood,2025-05-22,16:27:23,completed,8.16
7090,1659,1,"Barbecue Ribs,Scotch eggs,Pizza,Ebiten maki",2022-06-30,11:14:25,completed,26.3
7091,2005,26,"Risotto with seafood,Souvlaki,Pork sausage roll,Mushroom Risotto",2022-04-11,08:55:28,pending,26.89
7092,2375,10,"Teriyaki Chicken donburi,Lasagne,Chicken milanese,Teriyaki Chicken donburi",2023-09-05,16:18:31,completed,26.92
7093,2440,25,Ricotta stuffed Ravioli,2023-10-07,17:32:13,completed,6.93
7094,1298,29,"Linguine with clams,Tiramisù,Pasta with Tomato and Basil",2025-07-08,22:06:54,cancelled,19.55
7095,2814,20,California maki,2024-04-04,16:56:29,completed,5.82
7096,2716,27,"Cheeseburger,French fries with sausages",2021-04-21,18:13:18,completed,13.8
7097,1188,5,"Chicken milanese,Teriyaki Chicken donburi",2020-01-15,11:25:29,completed,13.03
7098,2775,4,Chilli con carne,2023-05-22,09:06:03,completed,4.85
7099,2099,27,"Souvlaki,Chicken Fajitas,Katsu Curry",2023-06-21,15:20:16,pending,19.39
7100,1588,19,Katsu Curry,2023-04-06,15:28:34,completed,5.72
7101,347,4,"Tiramisù,Lasagne",2025-06-11,11:34:57,completed,12.78
7102,2726,1,"Bruschette with Tomato,Tiramisù",2024-01-21,09:01:18,completed,12.69
7103,1049,14,Pasta and Beans,2023-03-08,21:08:50,completed,5.47
7104,2493,9,Fettuccine Alfredo,2020-06-19,16:26:44,completed,4.38
7105,1556,20,"Pasta with Tomato and Basil,Ebiten maki",2023-08-24,22:40:29,completed,13.93
7106,1489,18,Teriyaki Chicken donburi,2021-11-09,18:16:48,completed,6.13
7107,2226,27,"Pizza,French fries with sausages,Lasagne,Ricotta stuffed Ravioli",2021-03-23,11:11:53,completed,25.3
7108,1871,29,"Pork sausage roll,Cheeseburger,Califlower penne,Chicken wings,Chicken Fajitas",2021-03-25,06:41:13,completed,30.45
7109,2796,2,Cheeseburger,2020-04-26,21:29:05,cancelled,6.63
7110,1011,3,"Pizza,Pasta Carbonara,Katsu Curry,Vegetable Soup",2024-03-26,12:55:10,completed,28.94
7111,1627,3,"California maki,Scotch eggs,Cheeseburger,Chicken wings,Pizza",2022-08-18,08:53:12,completed,33.52
7112,1073,14,"Califlower penne,Linguine with clams",2023-03-07,18:16:16,completed,11.17
7113,647,12,"Scotch eggs,Teriyaki Chicken donburi,Linguine with clams",2023-03-20,16:24:05,completed,19.2
7114,140,6,Mushroom Risotto,2023-01-20,21:32:41,completed,8.14
7115,743,26,Souvlaki,2021-03-10,17:42:16,pending,6.23
7116,932,13,Tiramisù,2025-07-21,14:44:45,completed,7.0
7117,2768,3,Teriyaki Chicken donburi,2022-10-24,15:07:17,completed,6.39
7118,276,12,Chicken Fajitas,2023-10-28,14:27:38,pending,6.71
7119,379,21,Pasta with Tomato and Basil,2024-03-01,16:03:01,pending,5.23
7120,318,22,"Pasta with Tomato and Basil,Caprese Salad,Mushroom Risotto,Pork sausage roll",2020-09-18,10:57:38,completed,26.38
7121,1617,19,"Tiramisù,Lasagne,Philadelphia maki",2022-12-26,21:58:22,completed,19.86
7122,2146,7,Philadelphia maki,2020-08-09,11:21:23,completed,8.97
7123,2175,7,"Pappardelle alla Bolognese,Teriyaki Chicken donburi",2021-05-18,18:30:33,completed,11.2
7124,1448,21,"Teriyaki Chicken donburi,Tiramisù,Pappardelle alla Bolognese,Caesar Salad",2023-08-22,22:27:39,completed,28.07
7125,2053,16,Cheeseburger,2023-09-01,09:42:31,completed,6.94
7126,1957,9,Meatballs with sauce,2020-06-22,06:19:17,completed,4.64
7127,1635,8,"Pork sausage roll,Pappardelle alla Bolognese",2024-01-21,18:22:21,pending,12.14
7128,2700,2,"Califlower penne,Chicken milanese,Pork sausage roll",2024-10-04,08:59:43,pending,18.33
7129,2651,7,"Teriyaki Chicken donburi,Pizza,Pork sausage roll,Fish and chips",2025-07-01,11:40:12,completed,29.55
7130,2506,19,"Meatballs with sauce,Pappardelle alla Bolognese,Chicken milanese",2024-01-10,11:27:12,completed,18.23
7131,2163,5,Scotch eggs,2022-10-12,12:17:12,completed,8.29
7132,87,1,Bruschette with Tomato,2023-11-24,09:26:55,cancelled,7.37
7133,2481,15,Ricotta stuffed Ravioli,2024-08-17,11:48:00,cancelled,4.7
7134,517,26,"Vegetable Soup,Chicken Fajitas,Salmon nigiri,Chicken Fajitas",2024-09-24,06:50:34,completed,26.14
7135,2387,23,"Chicken Fajitas,Tuna sashimi",2020-03-08,09:01:18,completed,13.71
7136,2485,2,"Cheeseburger,Linguine with clams,Cheeseburger",2023-03-23,12:01:44,completed,15.95
7137,333,12,Barbecue Ribs,2023-08-17,16:31:11,completed,7.37
7138,2651,26,"Tuna sashimi,Pork sausage roll,Pappardelle alla Bolognese",2024-08-16,15:06:54,completed,18.44
7139,561,14,Pizza,2023-01-25,08:08:36,completed,7.1
7140,2673,16,Linguine with clams,2023-02-03,12:01:31,completed,6.47
7141,1710,2,"Linguine with clams,Philadelphia maki,Lasagne,California maki",2020-04-02,16:36:46,completed,26.27
7142,194,9,"Linguine with clams,Bruschette with Tomato,Tuna sashimi",2024-09-24,11:13:53,completed,22.33
7143,176,4,"French fries with sausages,Risotto with seafood,Chicken Fajitas,Pappardelle alla Bolognese",2023-03-10,14:30:15,pending,23.24
7144,847,7,Fish and chips,2020-07-30,09:39:08,completed,7.59
7145,397,12,"Califlower penne,Tiramisù,Ebiten maki,Chicken milanese",2021-11-20,17:19:36,completed,28.13
7146,1090,20,Caesar Salad,2023-01-29,19:55:41,completed,7.85
7147,2365,11,"Tiramisù,Philadelphia maki,Pasta Carbonara",2021-01-22,18:21:34,completed,20.79
7148,306,24,Pork sausage roll,2025-09-05,16:52:35,pending,4.34
7149,2276,20,"Risotto with seafood,Vegetable Soup,Risotto with seafood,Pasta and Beans,Bruschette with Tomato",2021-04-06,10:56:58,pending,40.85
7150,378,30,"Cheeseburger,Pork sausage roll,Pasta and Beans,Lasagne",2024-11-03,14:39:56,completed,21.24
7151,19,4,Linguine with clams,2025-08-23,16:43:34,pending,7.42
7152,2478,15,Fettuccine Alfredo,2024-04-05,17:25:22,completed,7.73
7153,2397,19,"Linguine with clams,Scotch eggs,Pizza",2022-03-10,08:36:37,completed,21.42
7154,2704,9,Tuna sashimi,2020-05-07,07:29:13,cancelled,6.93
7155,2976,15,Salmon nigiri,2023-04-23,10:27:12,completed,4.85
7156,354,16,Souvlaki,2023-10-20,11:04:09,completed,5.27
7157,656,2,"Bruschette with Tomato,French fries with sausages,Pasta Carbonara",2022-08-09,15:02:58,completed,17.73
7158,347,25,Philadelphia maki,2025-09-29,09:36:51,cancelled,6.78
7159,2954,8,Scotch eggs,2024-05-27,12:51:00,completed,4.88
7160,1825,14,French fries with sausages,2023-05-16,21:10:42,pending,8.6
7161,885,13,"Chicken Fajitas,Pasta with Tomato and Basil,Fettuccine Alfredo,Pasta and Beans",2022-06-03,10:03:52,completed,32.15
7162,1175,29,Chilli con carne,2020-03-16,12:04:03,completed,7.05
7163,970,2,"Bruschette with Tomato,Chicken Fajitas,Pappardelle alla Bolognese,Tiramisù",2024-11-21,17:30:32,pending,22.36
7164,2865,22,"Tiramisù,Philadelphia maki,Cheeseburger",2024-01-31,10:23:00,completed,16.52
7165,2244,14,"Scotch eggs,Fettuccine Alfredo,Meatballs with sauce,Chicken wings",2023-06-22,12:53:25,completed,24.17
7166,1427,9,Fish and chips,2024-11-05,16:30:28,pending,5.79
7167,1893,9,Chicken wings,2025-06-29,11:25:12,completed,5.58
7168,1987,8,Caprese Salad,2023-09-12,19:16:33,completed,4.88
7169,300,17,"Risotto with seafood,Cheeseburger",2024-10-29,22:30:05,completed,9.71
7170,1864,26,"Ricotta stuffed Ravioli,Meatballs with sauce,California maki,Barbecue Ribs,Vegetable Soup",2024-02-27,22:18:17,completed,34.06
7171,2662,16,French fries with sausages,2020-01-04,15:40:45,completed,5.02
7172,1235,2,"Chicken milanese,Chicken Fajitas,Fish and chips",2025-08-25,19:47:34,completed,22.49
7173,512,6,"California maki,Fettuccine Alfredo",2023-12-26,16:29:06,completed,14.46
7174,713,16,Bruschette with Tomato,2021-10-21,18:34:41,completed,7.19
7175,1913,5,Ebiten maki,2022-10-22,10:05:19,completed,7.58
7176,2740,30,"Pasta with Tomato and Basil,Salmon nigiri,Pasta Carbonara",2025-08-02,13:54:39,completed,19.76
7177,542,27,"Scotch eggs,Cheeseburger,Pasta and Beans,Pasta and Beans",2021-07-15,10:57:49,completed,30.35
7178,204,2,Caprese Salad,2020-02-09,06:57:48,completed,8.88
7179,966,12,Barbecue Ribs,2023-03-20,08:00:21,completed,5.11
7180,1398,20,Tuna sashimi,2021-02-22,13:57:25,pending,5.74
7181,2950,17,"Salmon nigiri,Lasagne,Mushroom Risotto",2025-01-27,22:47:58,completed,14.92
7182,450,20,"Meatballs with sauce,Pasta with Tomato and Basil,Teriyaki Chicken donburi,Caesar Salad",2020-07-06,19:09:26,completed,25.85
7183,2708,8,"Chicken milanese,Pasta with Tomato and Basil,Fettuccine Alfredo,Cheeseburger",2022-06-09,13:15:23,completed,24.54
7184,2463,14,"Califlower penne,Risotto with seafood,Cheeseburger,California maki",2024-08-14,13:49:11,completed,22.75
7185,1018,17,"Cheeseburger,Fettuccine Alfredo,Souvlaki,Bruschette with Tomato,Pappardelle alla Bolognese",2021-02-21,09:59:06,completed,33.75
7186,1632,16,Katsu Curry,2022-05-29,08:27:13,completed,5.58
7187,2635,24,"Teriyaki Chicken donburi,Ebiten maki,Chicken wings",2023-04-07,18:57:25,completed,20.93
7188,1500,5,Fish and chips,2023-09-19,14:02:09,completed,7.51
7189,1554,2,"Vegetable Soup,Pizza,Chicken milanese,Caesar Salad",2024-10-22,22:15:08,completed,26.6
7190,511,24,Linguine with clams,2021-09-13,14:44:09,completed,4.06
7191,2651,21,"Chicken milanese,Pasta and Beans",2023-05-31,19:19:32,completed,14.03
7192,1387,30,Caprese Salad,2021-07-24,20:46:34,completed,8.89
7193,716,15,"Pasta with Tomato and Basil,Chicken wings",2020-08-29,07:33:49,completed,13.65
7194,2443,9,"California maki,Linguine with clams",2024-09-30,22:04:30,completed,11.92
7195,1029,9,"Pork sausage roll,Chicken Fajitas",2022-02-05,06:10:57,completed,12.35
7196,363,28,Vegetable Soup,2025-04-30,07:58:25,pending,5.89
7197,2733,23,Tuna sashimi,2024-10-27,07:02:13,completed,6.97
7198,2941,30,Pasta Carbonara,2021-08-20,09:01:25,completed,4.15
7199,2571,28,"Vegetable Soup,Vegetable Soup,Ricotta stuffed Ravioli",2025-01-18,13:48:01,completed,18.12
7200,974,28,"Tuna sashimi,Mushroom Risotto,Risotto with seafood,Pasta and Beans,California maki",2024-09-17,15:40:05,completed,25.24
7201,1054,19,Vegetable Soup,2024-10-04,08:52:10,completed,5.91
7202,891,10,"Vegetable Soup,Vegetable Soup,Scotch eggs",2020-06-09,15:46:57,completed,16.18
7203,431,9,Linguine with clams,2021-05-15,11:19:36,completed,4.23
7204,2162,22,"Fettuccine Alfredo,Pasta with Tomato and Basil",2023-10-18,22:40:22,completed,11.83
7205,1921,12,"Barbecue Ribs,French fries with sausages",2021-04-30,11:34:45,completed,12.54
7206,1595,22,Fish and chips,2023-07-25,20:48:37,completed,7.23
7207,2700,2,Chicken wings,2024-03-31,06:16:11,completed,8.32
7208,1870,15,Meatballs with sauce,2025-09-11,06:47:05,completed,6.39
7209,1368,6,"Bruschette with Tomato,Chicken milanese",2025-04-21,15:09:25,completed,12.15
7210,1597,7,"Chicken milanese,Pappardelle alla Bolognese,Barbecue Ribs",2021-01-01,18:02:29,completed,20.11
7211,25,20,Tuna sashimi,2023-06-17,12:41:32,pending,5.17
7212,460,29,"Pasta and Beans,Lasagne,Pork sausage roll,Pizza",2023-10-16,09:57:41,completed,31.1
7213,1066,24,"Pork belly buns,Cheeseburger,Linguine with clams,Pasta with Tomato and Basil",2021-02-15,13:48:46,completed,25.58
7214,2170,11,"Chicken milanese,Pasta and Beans,Meatballs with sauce,Cheeseburger",2020-07-01,09:55:14,completed,22.73
7215,2618,30,"Lasagne,Souvlaki,Pork sausage roll,Chilli con carne",2020-04-02,20:48:00,completed,25.9
7216,984,28,Salmon nigiri,2020-01-27,11:01:51,completed,7.52
7217,2151,24,Fish and chips,2024-01-05,17:11:27,completed,8.58
7218,1726,22,"Barbecue Ribs,Cheeseburger,Souvlaki,Tiramisù,Pork belly buns",2023-02-23,09:33:28,pending,30.21
7219,674,1,"Lasagne,Califlower penne,Caesar Salad",2021-11-09,12:11:34,completed,22.36
7220,460,25,Mushroom Risotto,2020-12-12,11:13:11,completed,8.36
7221,781,19,"Caprese Salad,Meatballs with sauce,Katsu Curry,Tiramisù",2023-08-04,12:06:02,completed,29.73
7222,669,20,Caprese Salad,2022-09-02,15:30:28,pending,9.0
7223,2391,30,Risotto with seafood,2021-08-06,07:56:35,completed,7.99
7224,514,1,Chicken Fajitas,2022-06-29,21:49:17,completed,6.92
7225,1047,25,"Caprese Salad,Pork sausage roll,Linguine with clams",2025-08-03,09:41:04,completed,17.09
7226,2833,27,"Risotto with seafood,Pappardelle alla Bolognese,Cheeseburger",2024-04-11,12:29:43,completed,21.5
7227,2038,17,"Salmon nigiri,Pasta Carbonara",2022-03-31,20:16:23,completed,14.96
7228,761,6,"Risotto with seafood,Katsu Curry,Salmon nigiri",2020-06-22,08:02:41,completed,24.2
7229,2909,1,Califlower penne,2021-03-18,12:20:26,pending,5.54
7230,1772,7,"Vegetable Soup,Ricotta stuffed Ravioli",2022-01-31,14:37:22,completed,13.86
7231,36,17,"Califlower penne,California maki,Caesar Salad",2020-07-07,19:41:03,completed,18.59
7232,1444,15,Souvlaki,2020-11-25,14:13:41,completed,6.45
7233,51,5,"California maki,French fries with sausages,Chicken milanese",2022-12-06,15:03:26,completed,15.69
7234,1585,5,"Chicken wings,Pizza,Fish and chips,Risotto with seafood",2020-01-20,18:20:43,completed,32.85
7235,1579,16,"Pappardelle alla Bolognese,Caprese Salad",2020-08-12,07:40:06,completed,12.51
7236,549,2,Chicken wings,2025-09-23,12:22:45,completed,6.51
7237,2051,12,"Califlower penne,Tiramisù,Bruschette with Tomato",2025-05-28,13:05:21,completed,19.75
7238,644,2,"Fettuccine Alfredo,Katsu Curry",2021-06-08,15:20:24,completed,12.9
7239,2593,21,Barbecue Ribs,2020-09-19,07:32:47,completed,8.4
7240,1816,29,Linguine with clams,2020-08-02,20:29:08,completed,5.44
7241,1537,21,Pork sausage roll,2024-09-08,12:00:00,completed,6.71
7242,344,5,"Fettuccine Alfredo,Linguine with clams,Fish and chips,Katsu Curry,Pork belly buns",2025-06-03,11:42:26,completed,24.98
7243,2238,7,"Pappardelle alla Bolognese,Chicken Fajitas",2021-11-27,12:44:14,completed,12.71
7244,1950,14,"Pappardelle alla Bolognese,Risotto with seafood,Salmon nigiri",2024-05-28,22:08:29,completed,20.75
7245,1836,28,Chicken Fajitas,2022-09-09,17:22:19,completed,6.22
7246,2611,28,"Caprese Salad,Caesar Salad,Souvlaki,Philadelphia maki,Chicken Fajitas",2022-05-04,17:34:16,completed,35.81
7247,2564,20,"Pasta Carbonara,Ricotta stuffed Ravioli",2022-09-19,19:55:55,completed,12.68
7248,675,19,Pasta and Beans,2021-01-23,20:40:29,cancelled,7.91
7249,2562,5,"Lasagne,Chicken Fajitas,Scotch eggs",2024-11-14,22:09:17,completed,16.09
7250,1168,5,Cheeseburger,2020-02-16,09:02:34,completed,5.3
7251,1435,10,"Vegetable Soup,Mushroom Risotto",2022-10-30,13:39:19,completed,9.94
7252,2443,30,French fries with sausages,2021-01-25,06:19:22,pending,7.2
7253,2682,4,Scotch eggs,2022-12-31,16:09:19,completed,6.14
7254,881,13,Chicken wings,2022-02-28,22:42:07,completed,7.43
7255,2690,15,Pasta and Beans,2023-10-10,20:51:03,completed,5.73
7256,1979,27,Pork belly buns,2022-06-13,12:04:02,cancelled,8.62
7257,2334,7,"Teriyaki Chicken donburi,Cheeseburger",2020-12-07,13:24:09,completed,11.89
7258,414,6,"Caesar Salad,Tuna sashimi",2025-02-07,19:22:26,completed,13.78
7259,2304,3,Chicken wings,2022-09-14,15:23:45,completed,7.64
7260,230,12,"Mushroom Risotto,Barbecue Ribs",2024-02-07,15:11:47,pending,11.38
7261,1373,15,"Pork belly buns,Ebiten maki",2025-02-22,06:27:59,pending,12.37
7262,86,5,"Lasagne,Chicken milanese",2020-09-14,19:42:47,completed,12.95
7263,2449,3,Chicken Fajitas,2025-03-01,07:59:02,completed,8.82
7264,574,12,"Ebiten maki,Salmon nigiri",2023-06-25,06:09:10,completed,9.72
7265,1551,24,"Katsu Curry,Chilli con carne",2022-09-21,12:34:52,completed,14.35
7266,144,23,Pasta and Beans,2025-04-26,12:22:11,completed,7.81
7267,1297,3,Lasagne,2021-06-24,14:37:33,pending,7.55
7268,821,8,Scotch eggs,2022-01-04,12:24:12,completed,4.0
7269,143,14,"Caesar Salad,Cheeseburger,Fettuccine Alfredo",2023-05-14,17:56:26,completed,21.99
7270,222,10,Ebiten maki,2021-02-26,21:09:47,completed,6.16
7271,1803,13,Katsu Curry,2022-03-17,21:39:42,completed,6.72
7272,237,4,Fettuccine Alfredo,2022-01-22,15:48:08,completed,6.71
7273,1365,18,Fish and chips,2020-09-22,18:54:46,completed,6.99
7274,1126,25,"Salmon nigiri,Califlower penne,Caprese Salad,Tiramisù",2024-10-10,19:39:00,completed,24.87
7275,1197,29,Caprese Salad,2022-07-21,16:09:57,pending,4.59
7276,896,5,"Scotch eggs,Califlower penne,Cheeseburger,Katsu Curry",2025-06-01,10:51:47,completed,22.52
7277,2164,14,Ricotta stuffed Ravioli,2024-03-03,13:24:08,completed,8.01
7278,2287,5,Souvlaki,2020-04-12,20:57:56,completed,4.71
7279,2735,30,Fettuccine Alfredo,2021-06-17,06:54:24,completed,5.93
7280,1473,19,Ebiten maki,2023-10-22,12:57:58,completed,6.09
7281,2115,11,Vegetable Soup,2021-04-10,21:23:56,completed,5.62
7282,1512,13,"Pork belly buns,Pork sausage roll",2022-03-06,15:09:37,completed,16.14
7283,2840,14,Lasagne,2020-02-12,11:55:23,completed,6.87
7284,1100,18,"Pappardelle alla Bolognese,Lasagne",2023-04-30,06:39:24,completed,10.8
7285,1841,23,"Mushroom Risotto,Chicken Fajitas",2022-11-27,07:19:14,cancelled,11.66
7286,1583,26,Risotto with seafood,2022-09-01,12:36:52,completed,7.92
7287,814,21,"Scotch eggs,Lasagne",2023-02-01,10:12:33,completed,12.82
7288,218,26,"Califlower penne,Barbecue Ribs,Fettuccine Alfredo,Pappardelle alla Bolognese",2020-12-12,17:05:17,completed,24.82
7289,2761,27,Souvlaki,2022-12-03,13:39:49,completed,8.7
7290,1318,22,Tiramisù,2024-06-02,21:55:27,completed,5.6
7291,2980,30,"French fries with sausages,Linguine with clams,Pappardelle alla Bolognese",2022-12-09,18:09:07,completed,17.63
7292,152,27,"Philadelphia maki,Pappardelle alla Bolognese",2024-02-07,15:18:25,completed,15.14
7293,650,10,"Linguine with clams,Fettuccine Alfredo,Pasta and Beans",2022-07-03,22:07:18,completed,19.1
7294,635,29,"Salmon nigiri,Chicken Fajitas",2024-08-17,09:17:17,pending,13.83
7295,2071,12,"Califlower penne,Califlower penne",2021-01-10,22:45:20,pending,12.34
7296,2801,14,Cheeseburger,2023-03-11,22:26:58,pending,6.37
7297,2222,5,"Pork sausage roll,Fettuccine Alfredo",2022-11-30,07:26:54,completed,14.13
7298,1752,24,"Pappardelle alla Bolognese,Vegetable Soup,Fettuccine Alfredo",2021-05-15,10:40:12,completed,23.12
7299,1139,6,"French fries with sausages,Fish and chips",2021-02-21,10:29:55,pending,10.66
7300,1953,1,Souvlaki,2022-03-19,17:00:01,pending,5.78
7301,2335,27,"Ricotta stuffed Ravioli,Vegetable Soup,Pizza",2023-01-12,09:23:20,completed,20.83
7302,244,30,Teriyaki Chicken donburi,2025-06-05,17:06:32,pending,5.46
7303,2658,5,Chicken Fajitas,2021-08-26,06:42:46,completed,5.33
7304,1659,4,"Bruschette with Tomato,Mushroom Risotto,French fries with sausages,Caprese Salad",2023-10-19,18:09:50,completed,27.55
7305,1612,8,"Linguine with clams,Bruschette with Tomato,Caprese Salad,Cheeseburger",2021-05-19,16:04:17,completed,22.75
7306,1118,22,Philadelphia maki,2022-07-11,08:06:00,completed,8.68
7307,1397,1,Ebiten maki,2020-04-08,06:46:56,completed,8.9
7308,695,21,Ricotta stuffed Ravioli,2025-06-15,11:53:11,completed,4.52
7309,842,25,"Teriyaki Chicken donburi,Bruschette with Tomato,Pizza",2020-06-11,08:48:34,completed,17.08
7310,2180,26,"Scotch eggs,Caprese Salad,Pasta and Beans",2025-08-29,07:47:32,completed,19.51
7311,1540,2,"Chicken Fajitas,Risotto with seafood,Caprese Salad",2025-09-08,12:22:42,completed,24.79
7312,1839,6,Pizza,2021-02-18,18:53:33,completed,4.39
7313,2368,20,Pasta with Tomato and Basil,2025-06-22,18:16:59,cancelled,7.51
7314,1172,11,Tuna sashimi,2022-04-17,15:24:16,completed,6.83
7315,2984,2,Ricotta stuffed Ravioli,2020-09-08,10:10:04,pending,6.86
7316,1388,7,"Caesar Salad,Souvlaki,Ricotta stuffed Ravioli,Tiramisù",2023-08-22,08:35:42,completed,23.85
7317,2728,28,"Pasta with Tomato and Basil,Salmon nigiri",2022-03-13,13:22:22,completed,10.07
7318,2184,24,Mushroom Risotto,2020-01-01,16:40:16,cancelled,5.72
7319,1204,24,"Chicken wings,Ricotta stuffed Ravioli,Linguine with clams",2021-02-26,10:35:53,completed,18.0
7320,476,24,California maki,2020-04-21,20:22:30,completed,5.4
7321,188,28,Cheeseburger,2024-10-17,12:55:58,completed,4.1
7322,1733,25,Barbecue Ribs,2021-03-17,20:30:56,completed,5.45
7323,757,24,Ebiten maki,2021-04-19,08:11:07,completed,8.18
7324,1368,13,"Pappardelle alla Bolognese,California maki,Pasta and Beans,Ricotta stuffed Ravioli",2025-05-27,15:04:18,completed,23.46
7325,1681,29,"Meatballs with sauce,Chilli con carne,Barbecue Ribs,Tuna sashimi",2022-08-01,16:42:21,completed,26.17
7326,567,24,Pasta and Beans,2023-01-14,07:54:39,completed,5.84
7327,2122,14,Fettuccine Alfredo,2023-12-19,18:19:07,completed,6.98
7328,1565,21,"Scotch eggs,Scotch eggs",2020-12-22,08:55:19,completed,15.21
7329,2946,6,Pork sausage roll,2025-05-27,15:46:20,cancelled,4.32
7330,1648,12,"Chicken milanese,Tiramisù,Scotch eggs",2024-06-12,07:50:13,completed,16.23
7331,552,14,"Tuna sashimi,Katsu Curry,Pappardelle alla Bolognese,Linguine with clams,Pork belly buns",2022-11-21,19:48:10,completed,35.84
7332,1015,16,Pasta with Tomato and Basil,2023-02-22,15:06:40,completed,7.04
7333,840,14,Pork sausage roll,2023-10-23,18:33:49,completed,4.79
7334,575,20,"Philadelphia maki,California maki,Risotto with seafood",2021-05-21,13:00:31,cancelled,20.75
7335,333,4,Chicken wings,2022-06-25,15:23:26,completed,5.73
7336,1683,3,Souvlaki,2021-04-03,16:58:42,completed,7.29
7337,1863,13,Chilli con carne,2022-01-22,10:12:04,completed,5.38
7338,103,11,French fries with sausages,2021-09-27,15:37:08,completed,7.28
7339,1522,2,Scotch eggs,2022-02-20,19:15:41,completed,7.83
7340,1467,24,"Salmon nigiri,Fettuccine Alfredo,Caesar Salad,Barbecue Ribs",2023-07-18,14:04:57,pending,21.57
7341,32,24,"Chicken wings,Pork belly buns",2020-09-01,11:20:27,completed,9.49
7342,2828,19,"Salmon nigiri,Cheeseburger,Salmon nigiri,Linguine with clams",2024-10-06,13:27:46,completed,27.06
7343,2211,16,Chicken wings,2022-10-31,13:54:27,completed,4.97
7344,832,13,Philadelphia maki,2024-04-12,18:24:31,completed,7.35
7345,82,11,Mushroom Risotto,2024-08-11,22:13:45,completed,5.99
7346,179,24,"Chicken milanese,Fish and chips",2024-09-17,18:08:03,pending,11.1
7347,127,12,Chicken milanese,2021-06-25,06:07:45,completed,7.26
7348,1924,7,Califlower penne,2021-06-28,07:01:42,completed,5.64
7349,947,17,"Ebiten maki,Fish and chips",2025-04-25,15:23:12,cancelled,16.66
7350,113,28,Pasta and Beans,2020-10-16,09:46:29,completed,6.44
7351,1129,11,"Pizza,Chicken Fajitas,Scotch eggs",2020-12-23,19:17:16,pending,19.15
7352,406,9,"Souvlaki,Philadelphia maki",2020-06-17,18:31:51,completed,15.73
7353,1345,24,"Mushroom Risotto,Pappardelle alla Bolognese,Califlower penne,California maki,Pork sausage roll",2021-10-22,22:30:46,completed,30.31
7354,2354,18,Salmon nigiri,2025-02-02,21:26:04,completed,4.88
7355,295,1,Philadelphia maki,2024-04-29,07:15:54,completed,7.08
7356,2030,12,"Fettuccine Alfredo,Linguine with clams,Pasta Carbonara,Philadelphia maki",2024-04-05,20:54:13,completed,23.28
7357,721,15,Ricotta stuffed Ravioli,2021-02-23,08:45:06,completed,4.86
7358,1153,7,"Pork belly buns,Philadelphia maki,Chicken wings,Lasagne",2022-03-05,16:36:24,completed,27.9
7359,1117,27,"Chicken Fajitas,Lasagne",2025-01-10,13:18:59,completed,10.68
7360,137,7,"Pappardelle alla Bolognese,Chicken wings,Souvlaki",2021-11-22,08:47:31,completed,20.48
7361,1729,22,Caesar Salad,2020-02-01,13:24:55,completed,7.49
7362,1799,30,"Pork sausage roll,Bruschette with Tomato,Linguine with clams",2024-11-30,15:48:29,completed,21.64
7363,696,6,Lasagne,2025-01-10,21:00:53,completed,8.73
7364,612,27,Ricotta stuffed Ravioli,2020-09-26,12:33:29,completed,8.91
7365,708,15,Caprese Salad,2024-08-01,07:43:03,cancelled,6.13
7366,2755,25,"Pasta and Beans,Tiramisù,Ricotta stuffed Ravioli,Fish and chips",2020-10-21,07:06:42,cancelled,27.44
7367,1378,21,"Bruschette with Tomato,Fish and chips",2021-04-08,14:43:09,completed,14.09
7368,2502,22,"Pasta and Beans,Chilli con carne",2021-04-06,17:35:53,completed,14.0
7369,1547,1,Tuna sashimi,2023-01-28,17:27:45,completed,7.47
7370,2663,12,Linguine with clams,2020-05-19,22:48:26,completed,6.95
7371,1848,6,Fettuccine Alfredo,2025-09-24,22:18:49,completed,5.97
7372,274,21,"Meatballs with sauce,Caprese Salad,Chicken Fajitas",2023-09-21,14:56:49,completed,15.84
7373,2265,7,Barbecue Ribs,2022-11-19,20:39:19,pending,7.15
7374,1561,23,"Cheeseburger,Pasta Carbonara,Katsu Curry,Meatballs with sauce",2023-06-17,13:25:59,completed,28.52
7375,2637,19,"Ricotta stuffed Ravioli,Meatballs with sauce,Pasta Carbonara,Katsu Curry,Chicken Fajitas",2024-03-12,08:09:37,completed,34.2
7376,39,17,California maki,2025-09-26,08:55:06,completed,8.54
7377,2580,18,"Ebiten maki,Chicken wings,Fish and chips,Pappardelle alla Bolognese,Teriyaki Chicken donburi",2025-05-24,10:53:13,completed,27.85
7378,1495,30,"Lasagne,Califlower penne",2025-08-12,18:22:02,completed,16.3
7379,535,10,"Caprese Salad,Vegetable Soup,Teriyaki Chicken donburi,Cheeseburger",2023-07-13,14:10:02,completed,31.41
7380,1592,10,"Pasta with Tomato and Basil,Pasta Carbonara,Linguine with clams",2023-11-11,15:54:26,completed,18.09
7381,391,12,Ebiten maki,2021-06-25,22:03:44,completed,5.1
7382,1318,29,"Chicken Fajitas,Pasta with Tomato and Basil,Meatballs with sauce",2021-02-14,19:13:31,completed,19.64
7383,2309,9,Pork sausage roll,2025-05-28,07:22:38,completed,8.86
7384,2496,15,Souvlaki,2024-01-28,14:23:59,completed,4.41
7385,1077,1,Chilli con carne,2022-05-08,12:08:12,completed,4.2
7386,1685,17,Teriyaki Chicken donburi,2020-08-29,13:30:10,completed,4.62
7387,2814,7,"Linguine with clams,Tuna sashimi,Fish and chips,Katsu Curry",2024-04-12,07:58:02,completed,24.26
7388,1,5,Ebiten maki,2020-11-25,19:00:13,completed,4.52
7389,1763,29,Tiramisù,2022-01-26,16:02:36,pending,8.26
7390,1114,16,Fish and chips,2022-09-26,19:33:22,completed,4.52
7391,2174,17,Fish and chips,2024-01-01,10:31:42,completed,8.68
7392,1283,5,Pork sausage roll,2024-01-23,18:18:39,completed,6.98
7393,2690,7,"Pork sausage roll,Mushroom Risotto",2023-08-28,15:38:41,completed,13.73
7394,2493,26,"Tiramisù,Chicken milanese",2024-12-28,13:55:03,completed,11.26
7395,930,14,Chicken wings,2025-02-05,06:04:17,pending,8.66
7396,2968,1,Mushroom Risotto,2021-06-12,15:20:54,completed,7.58
7397,2725,6,"Chicken milanese,Teriyaki Chicken donburi,California maki,Tiramisù",2023-03-07,22:28:36,completed,26.55
7398,2743,7,"Ebiten maki,Califlower penne,Ricotta stuffed Ravioli,Fish and chips",2022-01-28,20:07:25,pending,22.47
7399,546,29,"Vegetable Soup,Chicken milanese",2025-08-06,15:15:43,completed,8.94
7400,2940,1,"Mushroom Risotto,Linguine with clams,Mushroom Risotto,Mushroom Risotto,French fries with sausages",2020-07-20,13:06:35,completed,27.9
7401,2174,6,French fries with sausages,2021-06-08,16:47:17,completed,4.07
7402,676,9,"Vegetable Soup,Linguine with clams",2020-04-25,06:06:10,completed,11.87
7403,536,10,"Califlower penne,Tiramisù",2023-04-28,12:28:46,completed,9.8
7404,1232,9,Chilli con carne,2023-02-23,14:49:20,completed,7.92
7405,276,2,Risotto with seafood,2024-03-20,21:26:20,completed,5.12
7406,939,9,"Fish and chips,Katsu Curry",2023-09-13,10:45:35,completed,11.4
7407,2193,20,"Chicken wings,California maki,Risotto with seafood",2025-05-07,09:34:40,pending,18.72
7408,1368,2,"Scotch eggs,Souvlaki,Tiramisù",2024-11-07,13:54:39,pending,20.02
7409,642,15,"Fettuccine Alfredo,Chicken milanese",2021-05-26,09:41:34,pending,15.24
7410,558,5,Meatballs with sauce,2025-01-14,14:18:07,completed,7.54
7411,448,30,Tuna sashimi,2022-08-25,22:02:20,completed,6.62
7412,1050,27,Chilli con carne,2025-02-05,07:45:01,completed,7.73
7413,1758,6,Meatballs with sauce,2025-02-01,18:27:58,completed,4.98
7414,1437,29,"Pizza,California maki",2024-11-27,22:40:18,completed,13.96
7415,485,17,Ebiten maki,2022-01-28,18:27:16,completed,5.27
7416,2986,6,"Chicken Fajitas,Katsu Curry,Ricotta stuffed Ravioli",2024-05-18,11:46:58,completed,19.06
7417,2073,8,"Philadelphia maki,Ebiten maki",2024-01-23,20:40:59,completed,14.51
7418,2093,9,"Teriyaki Chicken donburi,Chicken wings",2020-09-20,16:29:29,completed,9.13
7419,1745,3,"Mushroom Risotto,California maki,California maki,Fish and chips,Vegetable Soup",2023-08-09,16:19:12,completed,32.11
7420,1631,19,Chicken milanese,2024-04-30,06:33:28,completed,6.83
7421,1194,26,"Fish and chips,Fettuccine Alfredo",2023-10-05,22:41:11,completed,13.62
7422,599,30,Meatballs with sauce,2020-07-04,09:15:11,completed,9.0
7423,2968,10,Scotch eggs,2020-07-23,14:48:14,cancelled,8.88
7424,2626,30,Bruschette with Tomato,2021-03-21,16:32:27,cancelled,8.18
7425,2865,6,Fettuccine Alfredo,2021-07-11,11:38:57,completed,8.45
7426,2546,6,Salmon nigiri,2021-05-24,15:00:06,completed,6.21
7427,1063,11,Pizza,2021-07-15,06:40:41,completed,7.41
7428,2124,9,"Caprese Salad,Mushroom Risotto,Pappardelle alla Bolognese,Souvlaki,Pork sausage roll",2020-05-13,22:27:49,completed,33.65
7429,2739,14,"Pizza,Linguine with clams",2022-04-15,11:22:10,completed,14.08
7430,2381,23,Meatballs with sauce,2022-01-18,09:00:39,completed,4.28
7431,2440,4,Fish and chips,2020-02-27,12:24:47,completed,5.63
7432,1820,6,Pappardelle alla Bolognese,2020-09-03,18:04:27,completed,4.11
7433,2464,14,"Pizza,Linguine with clams,Bruschette with Tomato,Vegetable Soup",2022-01-06,12:37:27,pending,26.28
7434,650,10,Pizza,2021-09-09,10:45:52,completed,4.65
7435,1337,16,"Caesar Salad,Pasta and Beans,Pasta with Tomato and Basil",2021-10-17,17:29:56,pending,17.68
7436,1959,19,Bruschette with Tomato,2022-05-16,17:38:26,completed,7.86
7437,2245,7,"Ebiten maki,Califlower penne,Caesar Salad,Pork sausage roll",2024-12-29,22:55:00,cancelled,24.28
7438,607,15,"Pizza,Meatballs with sauce,Tiramisù,Risotto with seafood",2021-09-22,09:13:00,completed,30.42
7439,1049,13,Linguine with clams,2020-02-20,07:31:03,completed,4.02
7440,182,27,"Teriyaki Chicken donburi,Bruschette with Tomato,Cheeseburger,Ebiten maki",2022-05-28,17:28:41,pending,27.93
7441,1976,9,Chicken milanese,2020-02-27,11:31:04,completed,6.29
7442,2615,30,Salmon nigiri,2023-01-15,09:11:40,completed,5.64
7443,2707,6,Pappardelle alla Bolognese,2023-07-05,09:30:13,completed,8.93
7444,115,26,Pasta Carbonara,2021-08-29,12:58:02,completed,8.04
7445,2924,6,Meatballs with sauce,2024-02-16,17:06:14,pending,4.94
7446,1540,11,Teriyaki Chicken donburi,2023-05-04,11:52:33,completed,8.01
7447,2196,11,Bruschette with Tomato,2024-10-26,08:32:29,completed,4.62
7448,345,3,"Scotch eggs,Bruschette with Tomato,Lasagne,Barbecue Ribs",2024-12-10,10:01:41,completed,26.15
7449,424,2,"Pasta with Tomato and Basil,Chilli con carne",2022-10-29,19:44:35,completed,17.11
7450,1377,27,Pizza,2022-04-28,07:09:31,completed,7.85
7451,2529,5,"Souvlaki,Barbecue Ribs,Pasta Carbonara",2020-06-04,08:05:02,completed,21.26
7452,2761,22,"Fish and chips,Risotto with seafood,Bruschette with Tomato",2021-08-12,17:11:35,completed,16.92
7453,2535,9,Ebiten maki,2021-11-15,22:28:45,completed,8.67
7454,1765,2,"Pasta with Tomato and Basil,Scotch eggs,Chicken Fajitas,Risotto with seafood,Chicken wings",2023-11-15,08:20:17,completed,30.59
7455,1799,5,Chicken wings,2024-08-28,14:30:43,completed,4.53
7456,1852,16,Caesar Salad,2025-08-15,07:52:23,pending,8.05
7457,339,22,"Chicken milanese,Linguine with clams",2023-10-29,13:21:21,pending,13.62
7458,1847,4,"Pasta and Beans,Salmon nigiri",2023-01-09,11:00:50,completed,12.99
7459,375,4,Katsu Curry,2023-03-22,16:22:56,completed,4.79
7460,618,18,Vegetable Soup,2025-03-31,21:34:47,pending,6.54
7461,1359,28,Chilli con carne,2020-11-03,15:35:22,pending,8.37
7462,905,11,Fettuccine Alfredo,2021-01-09,18:45:36,completed,5.95
7463,2787,16,Scotch eggs,2022-03-24,08:34:14,completed,4.66
7464,78,23,Katsu Curry,2020-02-28,13:25:05,completed,7.29
7465,2906,4,Tuna sashimi,2021-03-10,13:48:18,completed,5.94
7466,2952,19,Chicken wings,2024-10-09,11:54:56,completed,7.82
7467,1383,29,"Scotch eggs,Lasagne,Mushroom Risotto",2023-08-16,17:34:10,completed,21.35
7468,2271,23,French fries with sausages,2024-06-08,09:19:01,completed,4.18
7469,641,28,"Katsu Curry,Tiramisù,Pasta with Tomato and Basil,Chicken wings",2023-03-13,20:11:31,completed,28.85
7470,496,24,"Pork belly buns,Souvlaki,Teriyaki Chicken donburi,Vegetable Soup,Bruschette with Tomato",2024-05-07,14:24:13,completed,30.8
7471,2480,2,"Chilli con carne,Souvlaki,Tuna sashimi,Risotto with seafood",2020-05-27,14:07:30,pending,25.52
7472,2609,27,California maki,2025-04-25,08:47:36,cancelled,7.6
7473,937,13,"Philadelphia maki,Califlower penne,Chicken Fajitas",2022-04-23,17:41:21,completed,16.85
7474,2338,9,"Pasta Carbonara,Tuna sashimi,Teriyaki Chicken donburi",2022-05-05,07:31:44,pending,18.71
7475,404,16,Philadelphia maki,2022-09-18,10:43:15,completed,7.2
7476,1396,11,"Fettuccine Alfredo,Teriyaki Chicken donburi,Chicken Fajitas",2024-04-21,13:37:14,completed,18.89
7477,1278,5,"Ebiten maki,Chilli con carne,Bruschette with Tomato",2025-07-24,13:14:31,completed,21.04
7478,988,4,Pasta and Beans,2020-10-29,11:02:59,completed,4.17
7479,1996,7,"Barbecue Ribs,Katsu Curry,Teriyaki Chicken donburi",2023-06-02,22:33:00,pending,18.74
7480,1951,5,Barbecue Ribs,2025-09-08,12:12:49,completed,5.68
7481,202,13,Tuna sashimi,2024-05-14,22:42:49,completed,8.14
7482,587,27,"Linguine with clams,Pork belly buns,Caprese Salad,Pasta and Beans,Lasagne",2024-06-27,13:38:24,completed,32.0
7483,1863,3,Pasta and Beans,2022-05-09,12:36:04,completed,6.1
7484,2472,7,French fries with sausages,2025-09-24,08:38:23,completed,7.06
7485,322,11,Pasta Carbonara,2020-07-09,14:19:10,completed,8.85
7486,952,15,"French fries with sausages,Meatballs with sauce,Risotto with seafood,Caprese Salad,Souvlaki",2023-07-26,18:37:39,completed,36.84
7487,2630,21,California maki,2023-12-03,14:05:53,completed,6.06
7488,1348,15,Pappardelle alla Bolognese,2021-07-02,18:53:10,completed,5.91
7489,1878,3,"Salmon nigiri,Chilli con carne",2022-04-17,09:03:05,completed,14.43
7490,2651,6,"Philadelphia maki,Teriyaki Chicken donburi,Caesar Salad,Risotto with seafood,Chilli con carne",2024-06-27,19:12:59,completed,34.34
7491,1952,22,"Chilli con carne,Ricotta stuffed Ravioli,Linguine with clams",2023-03-19,15:08:26,completed,15.9
7492,1559,6,"Lasagne,Teriyaki Chicken donburi,Chilli con carne",2023-02-11,18:38:47,completed,21.6
7493,1019,15,"Chicken Fajitas,Pasta with Tomato and Basil",2021-01-19,16:31:33,completed,10.66
7494,1134,5,Caprese Salad,2024-01-01,18:01:06,completed,4.65
7495,201,3,"Pork sausage roll,Fish and chips,Pasta with Tomato and Basil",2020-11-23,21:37:54,completed,22.75
7496,2092,7,"California maki,Teriyaki Chicken donburi",2024-04-27,09:01:49,completed,14.67
7497,984,3,Pasta Carbonara,2020-02-28,07:50:56,pending,5.48
7498,553,13,"Caprese Salad,Teriyaki Chicken donburi",2021-09-15,20:11:54,completed,15.72
7499,1190,21,"Ricotta stuffed Ravioli,Mushroom Risotto,Califlower penne",2023-04-28,15:12:07,completed,19.65
7500,624,9,Pasta with Tomato and Basil,2021-09-30,18:28:44,completed,6.39
7501,251,15,Ricotta stuffed Ravioli,2020-02-04,18:29:28,completed,7.57
7502,1449,27,"Linguine with clams,Pizza",2022-08-02,20:01:14,completed,13.33
7503,2483,25,"Fettuccine Alfredo,Pasta with Tomato and Basil",2024-01-09,09:02:58,pending,10.79
7504,774,29,"Linguine with clams,Ricotta stuffed Ravioli,Tuna sashimi,Vegetable Soup",2025-08-16,21:50:44,completed,28.83
7505,2139,8,Pasta Carbonara,2025-01-13,18:00:35,completed,4.62
7506,390,14,"French fries with sausages,Caesar Salad,Philadelphia maki",2024-07-04,12:05:09,pending,15.52
7507,897,1,"Meatballs with sauce,Linguine with clams,Tiramisù",2025-05-09,12:45:39,completed,22.26
7508,1323,19,Chilli con carne,2024-01-19,14:01:07,pending,8.64
7509,653,3,Ebiten maki,2021-10-10,15:31:21,completed,6.25
7510,1863,1,Pasta with Tomato and Basil,2024-01-23,18:33:36,completed,4.67
7511,2427,5,Pasta with Tomato and Basil,2024-10-15,11:06:12,completed,8.83
7512,2241,23,Ebiten maki,2025-09-01,08:28:02,completed,6.77
7513,2651,24,"Chicken wings,Scotch eggs",2023-03-31,20:09:00,completed,15.04
7514,1168,11,"Caesar Salad,Risotto with seafood,Pork belly buns,Tuna sashimi",2024-02-21,20:33:02,completed,24.46
7515,2453,12,"Fish and chips,Chilli con carne,Tiramisù",2024-05-30,19:55:29,completed,16.11
7516,2562,9,"Fish and chips,Chicken wings",2022-02-07,11:57:29,completed,13.47
7517,1539,17,Ebiten maki,2024-05-02,15:07:25,completed,4.97
7518,1699,22,"Pork sausage roll,Pork sausage roll,Lasagne",2020-04-17,19:37:54,cancelled,19.11
7519,2678,30,"Barbecue Ribs,Lasagne,Lasagne,Pizza,Tuna sashimi",2022-06-01,17:35:12,completed,33.98
7520,1969,20,"Pork sausage roll,Fish and chips,California maki,Katsu Curry,French fries with sausages",2022-11-06,15:15:08,completed,29.79
7521,2915,7,Fish and chips,2023-06-01,15:41:09,completed,6.21
7522,1400,4,Barbecue Ribs,2022-09-28,07:49:15,pending,6.53
7523,1102,9,Caesar Salad,2020-01-19,09:02:30,completed,7.61
7524,1904,13,Chicken milanese,2025-04-05,13:27:12,completed,7.32
7525,2226,4,"Tiramisù,Linguine with clams,Scotch eggs",2025-03-19,09:40:51,completed,21.15
7526,2826,28,"Meatballs with sauce,Meatballs with sauce",2022-01-06,14:47:06,completed,16.33
7527,148,6,Pasta and Beans,2020-11-18,14:35:26,completed,5.02
7528,2735,22,"California maki,Teriyaki Chicken donburi",2024-10-25,14:40:10,completed,9.15
7529,1797,8,Souvlaki,2024-02-08,16:37:33,completed,7.34
7530,14,26,Chilli con carne,2020-07-07,12:49:29,completed,5.72
7531,2179,27,Chilli con carne,2025-06-06,16:29:49,completed,5.09
7532,1281,12,Pasta Carbonara,2022-11-19,22:14:53,completed,4.25
7533,2137,19,Pasta Carbonara,2022-10-07,13:21:50,pending,4.02
7534,1052,3,Lasagne,2025-02-18,10:47:22,completed,6.88
7535,1759,27,"Risotto with seafood,Fettuccine Alfredo",2020-02-07,12:47:39,completed,10.59
7536,2895,9,Philadelphia maki,2021-12-16,15:22:00,completed,8.42
7537,405,13,"Chilli con carne,Chicken milanese",2024-08-06,06:16:04,completed,14.85
7538,15,1,"Pizza,Pasta and Beans,Salmon nigiri",2022-10-25,10:41:30,cancelled,22.05
7539,1435,13,"Scotch eggs,Caesar Salad,Pork belly buns,Philadelphia maki,Chilli con carne",2022-10-12,16:14:38,completed,34.79
7540,1366,28,"Tuna sashimi,Pasta and Beans",2021-10-28,15:00:52,completed,9.61
7541,2234,2,Linguine with clams,2021-09-17,14:36:41,completed,7.85
7542,310,5,Meatballs with sauce,2022-03-03,19:01:31,cancelled,7.54
7543,2142,6,"Pork belly buns,Chicken milanese,Meatballs with sauce",2024-07-07,12:04:28,completed,18.24
7544,210,13,"Pasta Carbonara,Fish and chips,Fettuccine Alfredo",2020-06-06,16:50:41,completed,20.21
7545,2428,4,Cheeseburger,2023-04-16,19:29:47,completed,6.96
7546,2567,5,Tiramisù,2020-04-14,12:52:53,completed,4.02
7547,407,7,Chicken milanese,2025-02-21,08:09:17,pending,7.63
7548,2844,2,Pappardelle alla Bolognese,2020-04-11,10:48:34,pending,5.83
7549,695,1,"Ricotta stuffed Ravioli,Pasta Carbonara,Barbecue Ribs",2020-06-05,10:42:26,completed,13.85
7550,2907,25,Chilli con carne,2021-03-20,21:20:24,completed,8.49
7551,826,22,Scotch eggs,2023-03-13,22:46:09,completed,4.56
7552,2618,28,"Califlower penne,Chicken milanese,Chilli con carne,California maki",2022-11-23,18:12:39,completed,23.46
7553,9,30,Pork sausage roll,2023-04-27,12:24:14,completed,4.98
7554,677,10,Meatballs with sauce,2023-01-20,14:37:13,completed,7.86
7555,1361,26,"California maki,Mushroom Risotto,Ricotta stuffed Ravioli",2024-10-27,15:11:06,pending,18.23
7556,2044,23,California maki,2020-03-12,12:58:15,cancelled,8.71
7557,2473,27,Chicken wings,2021-02-10,19:30:29,completed,5.19
7558,1012,26,"Barbecue Ribs,Mushroom Risotto",2021-04-04,19:27:52,completed,11.49
7559,1278,1,California maki,2025-02-10,10:17:44,completed,8.89
7560,2546,12,Pappardelle alla Bolognese,2020-05-06,07:46:23,completed,6.45
7561,2670,15,Pizza,2021-06-11,14:39:52,completed,7.38
7562,2122,26,"Bruschette with Tomato,French fries with sausages,Tuna sashimi,Chicken Fajitas",2023-03-29,17:59:03,completed,22.62
7563,1223,15,Chicken milanese,2020-01-05,17:19:06,completed,5.47
7564,1015,18,Pork belly buns,2022-10-17,22:46:46,completed,4.59
7565,1002,19,"Risotto with seafood,Philadelphia maki,Caesar Salad,Ricotta stuffed Ravioli",2024-01-25,10:00:34,pending,21.16
7566,487,30,"Ricotta stuffed Ravioli,California maki,Pappardelle alla Bolognese,Chicken wings",2020-03-27,06:11:40,completed,20.57
7567,2091,26,"Barbecue Ribs,Linguine with clams",2022-05-06,09:31:43,completed,14.04
7568,473,5,"Pappardelle alla Bolognese,Tiramisù,Souvlaki",2024-02-14,18:46:04,pending,20.93
7569,1781,2,Tiramisù,2022-05-28,12:13:44,completed,6.38
7570,1,25,Caprese Salad,2025-01-09,13:00:09,completed,4.07
7571,2724,12,"Tuna sashimi,Pasta Carbonara",2022-06-10,18:48:51,completed,11.52
7572,1048,2,"Salmon nigiri,Fettuccine Alfredo,Mushroom Risotto",2023-08-03,16:48:05,completed,16.55
7573,2037,26,"Souvlaki,Mushroom Risotto,Califlower penne,Pork belly buns",2020-10-15,10:05:00,completed,23.35
7574,2732,9,Meatballs with sauce,2025-03-19,17:39:37,completed,7.44
7575,1115,8,Vegetable Soup,2025-04-04,18:13:46,pending,6.65
7576,2914,22,"Chilli con carne,Chicken Fajitas,Salmon nigiri,Chicken milanese,Bruschette with Tomato",2022-11-20,13:58:25,completed,31.89
7577,1009,21,Pasta Carbonara,2021-01-24,20:33:35,completed,6.78
7578,97,23,"Ebiten maki,Bruschette with Tomato",2024-12-30,12:42:11,completed,15.52
7579,2733,20,"Cheeseburger,Vegetable Soup",2025-05-24,11:10:01,cancelled,11.56
7580,1051,13,Pasta and Beans,2022-05-16,10:00:57,completed,4.89
7581,912,6,Pizza,2021-04-26,17:33:54,completed,7.89
7582,18,3,"Katsu Curry,Ricotta stuffed Ravioli,Cheeseburger",2023-08-30,18:50:32,cancelled,21.37
7583,1287,18,Salmon nigiri,2020-02-15,20:53:40,completed,8.42
7584,89,19,"Fish and chips,Chicken milanese,Ebiten maki,Ricotta stuffed Ravioli",2020-04-17,10:25:44,completed,25.19
7585,954,29,"Pork belly buns,Chicken milanese,California maki",2022-01-14,07:57:19,completed,19.03
7586,1224,30,"Tuna sashimi,French fries with sausages",2022-02-08,06:37:06,pending,14.05
7587,88,20,Meatballs with sauce,2022-11-22,10:55:38,pending,4.41
7588,2719,22,"Pasta and Beans,Chilli con carne",2021-08-13,15:59:45,completed,11.21
7589,2766,19,Pizza,2021-10-17,06:40:19,completed,8.87
7590,2343,24,Vegetable Soup,2022-02-21,17:43:36,cancelled,4.96
7591,2937,11,Caprese Salad,2023-03-10,08:12:27,pending,8.05
7592,1204,24,Ebiten maki,2020-12-02,13:52:13,completed,7.68
7593,1643,12,Risotto with seafood,2022-08-01,12:51:55,completed,8.4
7594,409,10,Cheeseburger,2020-01-10,11:04:10,completed,8.48
7595,857,6,Pork sausage roll,2022-08-23,19:05:33,completed,8.23
7596,1436,28,Pizza,2022-06-23,21:38:18,pending,6.05
7597,2832,11,"Linguine with clams,Pizza",2023-03-16,10:34:07,completed,12.21
7598,1762,6,"Salmon nigiri,Fettuccine Alfredo",2023-04-16,06:21:33,completed,14.39
7599,2252,7,"Caesar Salad,Pizza,Meatballs with sauce,Philadelphia maki",2025-08-23,09:50:44,pending,28.86
7600,1069,13,"Philadelphia maki,Fettuccine Alfredo,Philadelphia maki,Pasta Carbonara",2020-07-21,21:24:38,completed,24.46
7601,1147,29,"Pasta and Beans,Pappardelle alla Bolognese",2020-05-02,16:57:56,pending,9.51
7602,2167,30,Salmon nigiri,2022-10-10,11:48:00,completed,7.55
7603,543,15,"Mushroom Risotto,Fettuccine Alfredo,Pizza",2020-12-28,07:42:51,completed,16.1
7604,156,3,"Meatballs with sauce,Pork sausage roll",2021-01-11,10:45:05,completed,15.64
7605,1936,25,Salmon nigiri,2024-04-02,12:51:07,completed,8.43
7606,1634,4,"Fish and chips,Tuna sashimi,Barbecue Ribs",2020-11-04,15:42:32,pending,18.6
7607,862,21,Caesar Salad,2024-09-08,15:11:27,completed,4.73
7608,78,21,Chicken wings,2024-09-07,20:26:57,completed,5.36
7609,2814,26,"Cheeseburger,Chilli con carne",2024-05-01,10:38:25,completed,9.04
7610,2037,26,"Lasagne,Cheeseburger,Pork sausage roll",2021-02-24,18:17:07,completed,15.79
7611,2990,15,"Chicken Fajitas,Fettuccine Alfredo,Teriyaki Chicken donburi",2025-02-11,14:01:43,pending,17.07
7612,827,16,"Califlower penne,Meatballs with sauce,Tiramisù,Risotto with seafood",2025-03-21,17:28:34,completed,26.72
7613,707,15,"Chilli con carne,Pasta with Tomato and Basil",2022-04-06,15:19:04,completed,16.93
7614,752,24,"Souvlaki,French fries with sausages",2022-12-13,06:52:51,completed,13.92
7615,843,25,Califlower penne,2025-05-09,19:01:32,completed,5.29
7616,1183,6,Pasta Carbonara,2021-11-22,22:02:59,completed,4.3
7617,1993,2,"Pork belly buns,Chilli con carne,Tuna sashimi",2021-11-07,16:14:46,completed,14.75
7618,716,19,Barbecue Ribs,2025-09-13,16:22:16,completed,7.48
7619,2203,9,"Tuna sashimi,Chicken milanese,Ricotta stuffed Ravioli,Caprese Salad,Chicken Fajitas",2024-02-25,10:28:10,pending,40.29
7620,832,16,"Cheeseburger,Pasta with Tomato and Basil",2022-03-30,21:24:30,completed,10.22
7621,2648,19,Linguine with clams,2022-12-21,14:46:35,completed,5.2
7622,746,19,Tiramisù,2025-09-01,08:07:56,pending,6.97
7623,2127,29,Tuna sashimi,2022-11-13,14:05:02,completed,8.88
7624,1888,6,Caesar Salad,2023-10-30,18:15:47,pending,8.97
7625,2122,5,"Chicken milanese,Pizza",2021-11-04,10:07:43,completed,10.88
7626,742,14,Pasta Carbonara,2024-02-18,07:29:15,completed,4.08
7627,955,8,"Teriyaki Chicken donburi,Pasta Carbonara",2023-10-18,13:28:05,completed,13.3
7628,1939,12,"Pork sausage roll,Risotto with seafood,Katsu Curry",2023-01-21,15:33:17,completed,14.22
7629,1065,4,"Bruschette with Tomato,Caesar Salad,Mushroom Risotto",2025-01-11,10:07:59,completed,19.45
7630,836,7,Bruschette with Tomato,2022-09-02,11:39:49,cancelled,4.61
7631,2409,30,"Chilli con carne,Pizza,Pork sausage roll,Pasta and Beans",2021-12-20,17:18:54,completed,24.83
7632,2536,23,Pasta Carbonara,2024-05-06,14:01:10,completed,7.98
7633,1573,22,Caesar Salad,2020-04-25,08:27:28,completed,4.07
7634,2943,13,Pork belly buns,2022-05-25,08:59:03,pending,8.39
7635,711,24,"Souvlaki,Tuna sashimi",2021-03-04,08:24:35,completed,13.15
7636,2112,16,Lasagne,2020-12-15,22:23:56,completed,8.99
7637,1270,9,"Pork sausage roll,Chicken wings,California maki",2022-09-08,19:03:08,completed,20.82
7638,2129,12,Risotto with seafood,2020-10-15,12:34:25,pending,7.65
7639,1820,14,"Meatballs with sauce,Vegetable Soup,Risotto with seafood,Cheeseburger,Fish and chips",2025-02-01,16:21:44,completed,34.08
7640,2294,21,Califlower penne,2025-01-11,16:48:51,completed,8.73
7641,2891,3,"Tiramisù,Teriyaki Chicken donburi,Caprese Salad,Caprese Salad",2022-03-26,08:38:52,completed,21.39
7642,1629,20,"Pasta Carbonara,Tuna sashimi,Mushroom Risotto,Pappardelle alla Bolognese,Chicken wings",2020-12-15,07:04:43,completed,33.99
7643,303,12,Pasta and Beans,2023-12-21,11:37:22,completed,7.45
7644,2249,17,"Fish and chips,Califlower penne",2023-06-13,12:28:52,completed,16.01
7645,1952,14,California maki,2022-11-26,10:23:39,pending,4.1
7646,146,12,Pork sausage roll,2020-01-27,07:14:36,completed,6.99
7647,372,28,Teriyaki Chicken donburi,2021-08-04,10:09:59,cancelled,5.71
7648,1969,19,Chicken milanese,2022-10-27,08:46:39,completed,5.8
7649,2438,9,"Pork belly buns,Fish and chips",2022-09-10,08:13:46,completed,12.47
7650,2300,14,Risotto with seafood,2025-02-27,17:23:00,completed,8.26
7651,2044,15,Pasta and Beans,2022-11-02,13:02:02,completed,5.89
7652,2011,30,Philadelphia maki,2022-01-29,11:34:25,completed,4.27
7653,1963,20,Barbecue Ribs,2022-04-23,13:49:43,completed,8.44
7654,2010,15,"Fish and chips,Risotto with seafood,Ricotta stuffed Ravioli,Tuna sashimi",2025-08-19,19:35:42,completed,26.73
7655,255,23,Pasta with Tomato and Basil,2022-12-31,07:47:01,completed,5.92
7656,44,7,"Pappardelle alla Bolognese,Bruschette with Tomato,Mushroom Risotto,Vegetable Soup",2023-02-02,20:43:06,completed,25.38
7657,1769,14,"California maki,California maki,Tuna sashimi,Barbecue Ribs",2020-02-14,20:39:39,completed,28.8
7658,2545,18,Pasta Carbonara,2025-04-15,08:06:31,completed,7.82
7659,870,23,"Caesar Salad,Califlower penne,Barbecue Ribs",2022-07-31,20:53:10,pending,16.75
7660,781,16,Risotto with seafood,2023-08-16,21:10:56,pending,7.8
7661,797,26,"Caprese Salad,Meatballs with sauce",2021-07-23,18:53:59,completed,12.31
7662,1833,17,"Tiramisù,Califlower penne,Salmon nigiri",2023-08-22,14:35:39,completed,19.55
7663,958,18,Chicken Fajitas,2025-06-13,19:19:15,cancelled,6.32
7664,2567,19,"Pasta with Tomato and Basil,Teriyaki Chicken donburi,Meatballs with sauce",2022-01-08,12:47:13,completed,18.82
7665,2491,22,Bruschette with Tomato,2021-03-28,12:41:33,completed,6.39
7666,1045,19,Risotto with seafood,2021-09-20,08:02:32,completed,8.02
7667,2673,14,"Salmon nigiri,Ricotta stuffed Ravioli",2025-01-23,22:13:51,completed,11.61
7668,1700,3,Chicken milanese,2025-07-28,09:56:01,completed,8.16
7669,431,3,Califlower penne,2023-04-18,18:48:40,completed,7.28
7670,294,14,Salmon nigiri,2020-12-20,22:09:02,completed,8.37
7671,2270,6,"Pasta and Beans,Meatballs with sauce,Meatballs with sauce",2023-02-20,09:31:31,completed,21.02
7672,2581,27,French fries with sausages,2020-08-23,20:47:03,completed,4.4
7673,2218,19,Barbecue Ribs,2022-02-14,10:40:25,completed,4.07
7674,2862,14,Ebiten maki,2025-04-23,15:56:34,pending,4.6
7675,556,25,Chicken milanese,2020-10-29,07:25:53,completed,7.74
7676,1540,23,Pork sausage roll,2020-03-01,18:42:06,pending,8.04
7677,2605,13,"French fries with sausages,Chicken milanese,Caprese Salad,Fettuccine Alfredo,Fettuccine Alfredo",2020-04-09,20:12:35,cancelled,29.56
7678,1904,27,Pizza,2023-06-01,22:48:56,completed,5.95
7679,1234,26,French fries with sausages,2020-07-12,07:44:51,completed,4.47
7680,337,10,Linguine with clams,2024-06-03,14:15:41,completed,4.02
7681,1196,24,"California maki,Katsu Curry",2020-05-31,09:12:25,completed,13.0
7682,1985,20,"Bruschette with Tomato,Tiramisù",2021-08-17,08:47:11,completed,11.29
7683,2622,12,Souvlaki,2024-08-20,17:10:24,completed,4.32
7684,1163,8,Souvlaki,2020-10-20,09:07:40,completed,4.43
7685,233,23,Philadelphia maki,2024-07-14,06:18:16,completed,4.24
7686,972,23,"Salmon nigiri,Souvlaki",2025-08-06,13:00:46,completed,14.92
7687,214,10,Pappardelle alla Bolognese,2025-03-27,08:37:48,completed,6.36
7688,261,15,Salmon nigiri,2023-07-25,19:50:11,pending,6.43
7689,2224,22,Tiramisù,2021-10-26,11:22:18,completed,4.71
7690,2373,30,"Pappardelle alla Bolognese,Chilli con carne",2022-07-07,09:13:17,completed,12.31
7691,878,8,Lasagne,2024-02-02,18:59:11,completed,4.39
7692,898,5,"Pasta Carbonara,Fish and chips",2021-04-28,10:01:08,pending,13.29
7693,1277,3,"Meatballs with sauce,Meatballs with sauce,Pasta with Tomato and Basil,Chicken milanese",2023-07-29,11:17:54,completed,26.21
7694,16,5,"Fish and chips,Linguine with clams",2024-07-23,21:51:58,completed,9.56
7695,2467,7,"Califlower penne,Teriyaki Chicken donburi",2023-04-09,13:04:21,completed,13.32
7696,2849,15,"Fish and chips,Lasagne,Chilli con carne",2020-07-03,22:47:27,pending,14.43
7697,1136,16,Teriyaki Chicken donburi,2021-05-21,09:20:50,completed,4.28
7698,586,8,"Katsu Curry,Scotch eggs",2022-12-25,13:55:49,completed,14.7
7699,2844,29,Teriyaki Chicken donburi,2025-03-17,12:14:00,pending,5.76
7700,2251,24,"Caesar Salad,California maki,Tuna sashimi,Chicken wings",2025-07-22,14:24:22,cancelled,23.26
7701,494,20,"California maki,Philadelphia maki,Tiramisù",2023-10-15,08:46:16,completed,18.87
7702,1762,9,Vegetable Soup,2024-02-16,06:04:26,completed,5.97
7703,904,16,Pork sausage roll,2022-08-14,09:28:45,pending,5.72
7704,1265,10,"French fries with sausages,Scotch eggs,Chicken Fajitas,Califlower penne",2020-10-10,20:28:30,completed,24.27
7705,1255,18,"Linguine with clams,French fries with sausages,Lasagne,Pork sausage roll",2023-09-28,11:25:15,completed,25.15
7706,2310,4,Califlower penne,2022-07-10,21:00:40,completed,4.62
7707,1149,12,Vegetable Soup,2020-10-03,21:21:59,completed,5.52
7708,2711,15,"Bruschette with Tomato,Pork sausage roll",2022-06-17,11:43:58,cancelled,13.6
7709,939,4,"Chicken Fajitas,Linguine with clams,Ricotta stuffed Ravioli,Tuna sashimi,Souvlaki",2023-07-13,11:42:28,completed,31.97
7710,1330,15,"Tiramisù,Cheeseburger,Barbecue Ribs,Linguine with clams",2021-04-25,17:28:01,completed,30.67
7711,2670,29,Souvlaki,2021-12-16,22:21:59,completed,6.97
7712,1664,29,"Meatballs with sauce,Meatballs with sauce,Katsu Curry",2021-10-10,08:47:12,completed,20.58
7713,2750,27,Chicken wings,2025-06-25,06:49:51,completed,6.1
7714,678,28,Linguine with clams,2023-09-03,08:41:39,completed,5.16
7715,2213,14,"Philadelphia maki,Califlower penne,Teriyaki Chicken donburi,Caesar Salad",2021-07-14,13:43:29,completed,25.83
7716,107,26,"Chicken wings,Tuna sashimi,Tiramisù,Cheeseburger",2021-04-08,21:05:30,completed,28.3
7717,966,23,Chicken wings,2020-04-08,20:43:53,completed,5.41
7718,1367,11,Chicken wings,2020-10-16,10:12:22,completed,7.83
7719,1453,16,"Barbecue Ribs,Caprese Salad",2024-02-18,07:17:01,completed,13.95
7720,1266,22,"Chicken Fajitas,Pizza",2022-06-27,22:00:40,completed,8.88
7721,302,28,Pasta and Beans,2024-04-28,17:11:13,completed,5.93
7722,250,14,French fries with sausages,2024-09-23,12:59:42,completed,4.51
7723,596,7,"Pappardelle alla Bolognese,Mushroom Risotto,Pork belly buns,Teriyaki Chicken donburi",2023-10-01,12:47:17,completed,28.59
7724,730,17,"Tuna sashimi,Vegetable Soup,Pappardelle alla Bolognese",2020-03-13,11:53:14,completed,22.85
7725,2746,24,Pizza,2021-01-11,10:33:22,completed,6.2
7726,1836,7,"Pappardelle alla Bolognese,Ricotta stuffed Ravioli",2025-03-29,12:09:45,completed,11.56
7727,1825,4,Chilli con carne,2025-02-08,15:37:02,pending,7.08
7728,2005,13,"Chicken milanese,Souvlaki",2024-03-26,13:25:27,completed,14.67
7729,2738,9,"Chicken milanese,Chicken wings,Cheeseburger",2025-02-05,09:43:07,completed,21.47
7730,312,14,Pasta with Tomato and Basil,2024-01-03,13:55:35,completed,7.14
7731,2240,23,Pork belly buns,2023-04-09,06:55:57,pending,7.46
7732,1824,24,"Chicken milanese,Fettuccine Alfredo",2025-05-11,17:49:12,pending,14.19
7733,1213,5,Chilli con carne,2024-12-06,08:04:12,completed,7.46
7734,1287,26,"Tuna sashimi,Cheeseburger,Pasta Carbonara",2020-11-03,09:27:23,completed,17.69
7735,221,27,"Mushroom Risotto,Ebiten maki",2021-10-30,17:51:37,pending,17.43
7736,1490,18,"Philadelphia maki,Califlower penne",2025-06-06,09:55:38,completed,16.72
7737,2352,8,"Risotto with seafood,Souvlaki,Pasta with Tomato and Basil",2020-12-31,06:24:16,completed,19.37
7738,1986,3,Souvlaki,2024-07-11,22:08:06,completed,8.8
7739,85,15,Caprese Salad,2025-06-21,11:51:43,completed,7.41
7740,2341,14,"Chicken milanese,Chicken wings,Ricotta stuffed Ravioli",2021-05-14,17:21:47,completed,18.33
7741,1542,8,Califlower penne,2025-02-28,18:33:19,completed,6.42
7742,1746,11,Scotch eggs,2024-04-22,17:13:56,completed,4.86
7743,1717,25,Philadelphia maki,2021-09-07,09:55:15,pending,4.65
7744,1433,2,Scotch eggs,2023-07-11,22:35:23,completed,4.25
7745,1868,20,"French fries with sausages,Ricotta stuffed Ravioli",2024-08-27,21:31:26,completed,12.27
7746,1793,22,"Caprese Salad,Meatballs with sauce",2021-01-30,18:59:36,completed,12.79
7747,152,24,"Souvlaki,Teriyaki Chicken donburi,Risotto with seafood,Risotto with seafood",2024-09-24,07:47:09,completed,27.93
7748,2421,17,"Salmon nigiri,Ricotta stuffed Ravioli,Ebiten maki",2023-07-30,09:06:30,completed,19.07
7749,1269,29,"Teriyaki Chicken donburi,Pasta with Tomato and Basil,Meatballs with sauce",2024-01-02,06:16:21,completed,13.96
7750,2548,23,"Tuna sashimi,Mushroom Risotto,California maki",2025-09-14,07:45:56,completed,18.16
7751,1584,15,"California maki,Meatballs with sauce,Ebiten maki,Pork sausage roll",2025-01-20,09:22:40,cancelled,27.41
7752,4,29,Ricotta stuffed Ravioli,2022-05-20,15:52:57,completed,4.73
7753,197,12,Salmon nigiri,2025-04-10,14:52:10,completed,5.63
7754,2966,25,Cheeseburger,2023-06-16,11:42:24,completed,8.11
7755,380,18,Philadelphia maki,2021-03-31,18:03:07,completed,7.12
7756,1743,25,"Chicken milanese,Califlower penne,Souvlaki",2023-07-07,08:08:46,completed,18.12
7757,620,11,Ricotta stuffed Ravioli,2021-11-08,08:31:51,completed,6.85
7758,1886,17,"Pork belly buns,Scotch eggs",2023-11-11,10:22:21,completed,10.47
7759,513,11,"Ricotta stuffed Ravioli,Chicken wings",2022-07-12,17:39:20,completed,13.81
7760,2972,18,Ricotta stuffed Ravioli,2022-06-04,20:36:32,completed,5.36
7761,1253,11,Chicken wings,2020-04-11,06:03:32,completed,8.27
7762,2330,22,"Teriyaki Chicken donburi,Chilli con carne,Pasta Carbonara",2022-11-16,18:38:39,completed,22.14
7763,2003,26,Fish and chips,2022-10-15,17:02:58,completed,4.99
7764,1818,25,"Fettuccine Alfredo,Bruschette with Tomato,Chicken wings,Pasta with Tomato and Basil",2022-05-28,09:16:35,completed,29.67
7765,1301,2,"Chicken wings,Pork sausage roll,Salmon nigiri",2024-05-21,12:52:39,completed,20.53
7766,1477,13,"Pasta and Beans,Teriyaki Chicken donburi,Pasta Carbonara,Chicken milanese",2025-06-14,20:02:44,completed,24.36
7767,2360,11,"Salmon nigiri,Barbecue Ribs,Mushroom Risotto,Meatballs with sauce",2022-07-19,15:29:17,completed,23.94
7768,1647,3,Tuna sashimi,2020-08-04,20:07:52,completed,5.72
7769,87,8,Salmon nigiri,2020-04-18,11:27:31,cancelled,8.26
7770,1881,25,Pork belly buns,2023-06-22,06:55:18,completed,6.39
7771,1338,26,"Califlower penne,Lasagne",2022-05-16,11:51:58,pending,15.15
7772,1169,11,Pork sausage roll,2020-05-08,22:53:42,completed,4.88
7773,848,12,"Ebiten maki,Chilli con carne",2022-12-28,16:44:20,completed,10.58
7774,1430,11,"Tuna sashimi,Mushroom Risotto,Teriyaki Chicken donburi",2022-02-11,13:40:09,cancelled,16.12
7775,1214,7,Caesar Salad,2024-04-20,15:04:11,pending,6.94
7776,2678,6,"Pork belly buns,Bruschette with Tomato",2023-09-04,11:12:09,completed,9.39
7777,1865,5,Pasta with Tomato and Basil,2020-04-13,10:27:11,completed,4.78
7778,508,26,Risotto with seafood,2024-01-10,14:47:24,completed,8.28
7779,1482,2,Chicken wings,2024-11-09,15:53:19,cancelled,5.23
7780,2420,14,"Souvlaki,Pork sausage roll",2024-01-09,08:43:12,cancelled,16.12
7781,1396,28,Salmon nigiri,2021-08-25,20:58:07,completed,5.93
7782,2558,2,"Katsu Curry,Pasta Carbonara,Caesar Salad,Chilli con carne",2023-06-15,09:32:32,completed,19.37
7783,2337,27,Scotch eggs,2021-01-29,08:01:01,completed,6.1
7784,1443,29,California maki,2020-03-31,12:07:28,completed,6.64
7785,2729,3,Califlower penne,2021-11-26,06:25:23,completed,4.95
7786,26,18,"Katsu Curry,Ricotta stuffed Ravioli",2022-08-26,08:43:03,cancelled,14.93
7787,1915,5,Pork belly buns,2022-06-29,10:24:24,completed,5.99
7788,2150,3,Barbecue Ribs,2024-01-16,22:58:00,completed,7.15
7789,25,18,Pizza,2020-12-27,12:43:46,completed,6.58
7790,147,18,"Barbecue Ribs,Meatballs with sauce",2022-11-01,18:27:49,completed,15.18
7791,1019,18,Lasagne,2024-12-30,06:15:14,completed,5.62
7792,2459,23,"Pasta and Beans,Vegetable Soup",2020-02-23,14:20:26,completed,15.63
7793,1910,9,Pasta and Beans,2022-07-17,12:35:08,pending,6.57
7794,1791,2,"Pork sausage roll,Pasta Carbonara,Pappardelle alla Bolognese,Tuna sashimi,French fries with sausages",2021-12-10,09:05:35,completed,32.5
7795,2630,24,"Meatballs with sauce,Ricotta stuffed Ravioli,Califlower penne,Scotch eggs",2025-09-13,20:19:12,completed,27.62
7796,2012,1,"Califlower penne,California maki",2022-05-03,07:55:15,completed,8.37
7797,74,19,Risotto with seafood,2021-06-26,20:39:58,completed,4.27
7798,2935,19,"Lasagne,Chicken Fajitas",2024-04-24,20:27:17,pending,15.13
7799,130,10,Pork sausage roll,2025-01-29,06:56:10,pending,7.94
7800,479,25,"California maki,Pasta with Tomato and Basil",2022-08-19,10:34:19,completed,16.23
7801,1654,25,"Vegetable Soup,Linguine with clams",2024-11-16,07:49:59,pending,11.81
7802,661,5,"Salmon nigiri,Salmon nigiri",2023-01-26,06:26:34,pending,12.51
7803,821,25,Pasta and Beans,2024-12-03,15:02:51,completed,5.27
7804,1510,21,Chicken wings,2020-04-19,09:33:24,completed,5.95
7805,1771,7,"Souvlaki,Lasagne,Fettuccine Alfredo",2022-01-22,07:29:08,completed,22.11
7806,2455,30,"Katsu Curry,Mushroom Risotto,Risotto with seafood",2022-09-12,12:16:24,completed,19.52
7807,2113,30,"Vegetable Soup,Fettuccine Alfredo,Pork belly buns",2022-01-12,20:28:31,completed,18.88
7808,2970,29,Chicken milanese,2021-04-19,11:29:57,pending,6.66
7809,853,28,Teriyaki Chicken donburi,2024-04-23,18:47:51,completed,8.98
7810,2315,13,Scotch eggs,2020-08-29,21:53:28,pending,6.93
7811,2065,11,"Chilli con carne,Vegetable Soup",2025-07-20,12:58:37,completed,12.64
7812,2382,8,Fettuccine Alfredo,2020-03-27,07:06:26,pending,4.23
7813,1499,15,Linguine with clams,2024-12-09,22:33:40,completed,5.82
7814,2015,26,"Meatballs with sauce,Scotch eggs",2025-06-04,18:39:39,pending,11.6
7815,524,17,"Califlower penne,Caesar Salad",2022-02-01,21:44:26,completed,11.11
7816,1117,15,"Souvlaki,Vegetable Soup",2021-06-26,13:47:47,completed,12.33
7817,1952,1,"Ricotta stuffed Ravioli,Chicken wings,Scotch eggs",2025-06-28,17:47:56,pending,22.39
7818,1666,14,Souvlaki,2022-07-03,07:02:13,completed,8.19
7819,2696,27,Tiramisù,2020-12-20,06:16:05,completed,4.48
7820,1461,11,"French fries with sausages,Tiramisù,Cheeseburger",2021-04-28,18:49:29,completed,16.51
7821,2400,27,"Mushroom Risotto,Pork belly buns",2022-12-22,17:49:18,completed,12.55
7822,1289,30,Pasta Carbonara,2025-08-07,13:59:16,completed,6.65
7823,2662,9,"Philadelphia maki,Pappardelle alla Bolognese,Mushroom Risotto",2020-02-15,22:35:52,pending,22.94
7824,2957,1,"French fries with sausages,Pork sausage roll,French fries with sausages",2024-09-05,08:58:34,completed,18.36
7825,1920,30,"Bruschette with Tomato,Pork belly buns,Salmon nigiri,Lasagne",2023-08-23,10:16:36,completed,23.2
7826,1610,7,Pizza,2022-04-20,19:57:04,completed,4.96
7827,2679,26,Ebiten maki,2022-03-03,19:58:51,completed,6.98
7828,2717,23,"Pasta Carbonara,French fries with sausages",2020-08-05,12:45:36,completed,9.56
7829,1822,29,"Pork sausage roll,Pizza,Pasta and Beans",2024-12-10,13:20:48,completed,19.11
7830,1227,28,"Caesar Salad,French fries with sausages",2024-09-17,09:54:27,pending,14.03
7831,2617,26,French fries with sausages,2022-08-14,08:13:15,completed,8.52
7832,1158,27,Cheeseburger,2025-01-29,12:44:54,completed,7.62
7833,1531,14,Tiramisù,2021-08-28,11:22:50,pending,4.47
7834,1502,21,"Pappardelle alla Bolognese,Katsu Curry,Tuna sashimi,Lasagne",2020-03-19,11:43:11,completed,22.89
7835,74,28,Lasagne,2021-09-05,12:27:24,completed,8.8
7836,1363,17,Chicken milanese,2023-11-17,14:57:41,completed,7.91
7837,2827,5,"Scotch eggs,Fettuccine Alfredo,Bruschette with Tomato,Cheeseburger,Caesar Salad",2021-03-03,13:05:18,completed,33.69
7838,2007,2,Pizza,2024-02-24,20:47:16,completed,4.69
7839,1505,28,Teriyaki Chicken donburi,2025-06-21,09:08:44,completed,8.83
7840,1626,30,Ebiten maki,2023-03-14,16:31:26,completed,7.32
7841,2218,2,Caprese Salad,2023-03-25,06:59:08,pending,7.46
7842,651,19,Vegetable Soup,2021-06-14,06:55:23,completed,8.61
7843,2024,19,Scotch eggs,2022-10-29,17:20:58,completed,4.44
7844,1235,29,Pasta and Beans,2020-08-07,08:59:30,cancelled,6.88
7845,2254,29,California maki,2025-01-25,15:42:33,completed,7.91
7846,80,5,"Risotto with seafood,Vegetable Soup",2022-05-28,21:13:18,completed,10.67
7847,585,24,Pasta with Tomato and Basil,2021-11-27,10:08:57,completed,5.98
7848,2206,23,Scotch eggs,2024-05-20,14:12:34,pending,7.56
7849,462,16,"Fish and chips,Philadelphia maki",2024-11-11,10:20:16,completed,15.89
7850,2330,1,Tuna sashimi,2022-12-18,22:30:12,completed,5.59
7851,1983,24,Lasagne,2025-07-18,22:29:56,cancelled,8.33
7852,27,14,Cheeseburger,2022-11-20,08:48:50,completed,6.54
7853,2727,10,Pappardelle alla Bolognese,2022-12-13,17:01:49,completed,6.47
7854,1963,9,Linguine with clams,2023-11-02,20:38:58,pending,6.4
7855,1609,13,"Chicken milanese,Mushroom Risotto,Tiramisù",2020-07-26,14:51:39,completed,20.52
7856,1676,5,"Pasta with Tomato and Basil,Pork sausage roll,Pasta and Beans,Pizza",2022-08-22,20:21:26,completed,29.69
7857,2511,17,Mushroom Risotto,2025-09-16,11:37:44,completed,8.22
7858,1941,23,"Califlower penne,Katsu Curry,Chicken wings,Pork belly buns,Pizza",2024-08-22,14:16:17,completed,33.63
7859,174,7,Katsu Curry,2025-01-04,06:20:34,pending,6.34
7860,950,29,"Pork sausage roll,Chilli con carne,Chicken wings,Tuna sashimi,Souvlaki",2020-06-22,10:35:11,cancelled,37.55
7861,792,1,Pizza,2021-12-02,16:37:04,pending,5.94
7862,190,1,Cheeseburger,2022-06-21,21:03:57,completed,7.74
7863,2714,9,"Chilli con carne,Souvlaki",2020-01-07,07:18:29,pending,11.88
7864,270,13,Fish and chips,2023-05-24,10:46:43,completed,4.54
7865,2235,8,"Fettuccine Alfredo,Risotto with seafood,Califlower penne",2023-05-26,16:04:31,completed,19.67
7866,2552,1,"Barbecue Ribs,Cheeseburger",2024-12-29,13:03:46,completed,13.95
7867,873,27,"Chicken Fajitas,Cheeseburger",2021-01-30,16:06:26,completed,13.8
7868,1863,13,Pasta Carbonara,2023-08-02,10:00:39,completed,6.08
7869,2291,29,"Teriyaki Chicken donburi,Meatballs with sauce",2024-08-18,09:40:54,completed,8.76
7870,1304,13,"Pork sausage roll,Bruschette with Tomato",2021-07-25,10:33:54,completed,12.49
7871,1171,24,Fish and chips,2021-03-31,09:13:13,completed,8.85
7872,561,29,"Pork sausage roll,Pasta Carbonara",2023-05-10,08:24:46,completed,8.8
7873,2801,23,"French fries with sausages,Pasta Carbonara",2021-09-17,21:44:55,pending,11.95
7874,2636,11,Mushroom Risotto,2023-06-14,08:40:54,cancelled,4.44
7875,1600,25,"Pasta Carbonara,Linguine with clams,Salmon nigiri,Cheeseburger",2024-06-17,07:56:50,pending,28.16
7876,1391,24,"Tuna sashimi,Califlower penne",2021-07-05,22:15:12,completed,12.51
7877,1516,3,"Katsu Curry,Chicken wings",2023-05-31,21:45:13,completed,14.84
7878,2217,7,"Cheeseburger,Pork belly buns,California maki,Fettuccine Alfredo",2020-07-10,11:06:18,completed,30.03
7879,2709,27,"Chicken Fajitas,Pasta and Beans",2020-04-24,09:16:27,completed,13.64
7880,866,21,Salmon nigiri,2023-02-07,14:52:46,completed,4.84
7881,2672,14,Cheeseburger,2023-11-13,18:35:03,completed,8.46
7882,2245,20,"Ebiten maki,Chicken milanese,Salmon nigiri",2020-06-06,14:46:08,completed,17.22
7883,1649,14,Ebiten maki,2021-12-11,07:04:05,completed,7.33
7884,390,22,"Pork sausage roll,Scotch eggs,California maki,Fettuccine Alfredo",2024-09-11,16:42:13,completed,24.59
7885,2124,27,"Souvlaki,Teriyaki Chicken donburi",2022-07-07,16:05:13,completed,12.54
7886,56,23,"Bruschette with Tomato,Risotto with seafood,Vegetable Soup",2024-12-05,20:47:16,completed,21.64
7887,1367,8,Risotto with seafood,2024-05-05,17:02:21,pending,8.94
7888,1308,10,"Ebiten maki,Salmon nigiri",2022-04-07,22:47:23,completed,13.86
7889,396,3,Ricotta stuffed Ravioli,2021-06-29,17:44:29,completed,7.94
7890,528,13,"Risotto with seafood,Chilli con carne",2023-10-16,20:57:16,completed,13.54
7891,1494,25,"Mushroom Risotto,Linguine with clams,Pappardelle alla Bolognese",2020-03-22,22:05:19,completed,20.52
7892,1774,10,Chicken wings,2023-06-25,21:09:13,completed,6.43
7893,1848,24,Vegetable Soup,2022-04-06,14:51:25,completed,5.24
7894,670,25,"Chicken Fajitas,Fettuccine Alfredo,Linguine with clams",2020-04-09,22:04:02,completed,17.7
7895,619,7,"Scotch eggs,Ricotta stuffed Ravioli,Ebiten maki",2021-01-17,20:06:55,pending,17.49
7896,2977,13,Tiramisù,2020-04-03,09:10:03,completed,5.13
7897,2090,19,Pork belly buns,2023-05-31,14:18:01,completed,4.82
7898,1587,7,Chicken milanese,2024-09-27,19:49:06,completed,5.51
7899,2920,26,Califlower penne,2024-12-04,13:44:20,completed,4.03
7900,2379,11,"Ricotta stuffed Ravioli,Pasta and Beans,Fettuccine Alfredo,Califlower penne",2024-02-17,11:12:55,pending,30.52
7901,1417,18,"Pizza,Pasta Carbonara",2024-01-29,21:50:26,pending,15.5
7902,2217,10,Ricotta stuffed Ravioli,2022-03-18,11:33:42,completed,8.32
7903,814,18,Pasta and Beans,2022-12-04,16:24:14,completed,7.68
7904,49,12,"Pasta with Tomato and Basil,Pizza",2025-09-06,21:24:27,completed,14.98
7905,239,2,Risotto with seafood,2021-08-29,10:15:22,completed,5.04
7906,812,19,Caprese Salad,2023-11-28,20:20:58,completed,4.24
7907,1467,14,"Chicken milanese,Pasta Carbonara,Pasta Carbonara",2021-01-15,06:15:50,completed,18.28
7908,1404,30,"Scotch eggs,Fish and chips,Souvlaki",2020-06-18,08:50:55,pending,18.88
7909,1606,2,California maki,2021-11-05,06:01:26,completed,8.1
7910,2889,16,Chilli con carne,2023-04-17,11:58:02,completed,8.4
7911,2962,8,"Lasagne,Vegetable Soup",2024-08-26,06:39:24,completed,16.8
7912,2710,30,"Risotto with seafood,Chilli con carne",2024-11-18,12:40:05,completed,11.92
7913,1513,18,Chicken Fajitas,2024-05-26,13:16:19,cancelled,8.45
7914,1446,13,Vegetable Soup,2022-09-08,07:56:05,completed,8.07
7915,2418,9,"Pasta and Beans,California maki",2023-01-30,11:14:05,completed,14.48
7916,972,8,"Pappardelle alla Bolognese,Cheeseburger,Caprese Salad,Salmon nigiri",2023-02-15,21:05:20,pending,23.73
7917,1701,25,Chilli con carne,2023-01-16,20:04:58,completed,7.84
7918,1232,21,California maki,2025-05-06,14:26:55,completed,4.85
7919,2449,6,Pasta and Beans,2021-02-04,18:59:36,completed,7.41
7920,1365,11,Salmon nigiri,2024-08-25,17:53:30,completed,6.28
7921,346,10,Ebiten maki,2020-08-15,14:07:47,completed,8.61
7922,1873,2,"Pasta and Beans,Meatballs with sauce",2023-09-30,08:25:52,completed,16.24
7923,1157,25,Pork sausage roll,2025-09-04,15:03:45,completed,4.72
7924,2322,24,Salmon nigiri,2021-05-19,07:55:34,completed,8.03
7925,2888,4,Caesar Salad,2023-04-17,08:18:01,completed,7.2
7926,1311,15,Philadelphia maki,2024-10-04,22:01:23,pending,4.87
7927,1864,23,"Pork sausage roll,Scotch eggs,Pasta with Tomato and Basil",2020-03-02,08:44:40,pending,19.5
7928,2098,1,"Meatballs with sauce,Fish and chips,Chilli con carne,Souvlaki",2024-12-29,07:02:35,pending,23.47
7929,2950,19,"Risotto with seafood,Linguine with clams,Salmon nigiri",2021-10-02,17:30:25,cancelled,20.12
7930,1445,12,"Chilli con carne,Pasta with Tomato and Basil,Califlower penne,Pappardelle alla Bolognese",2021-12-29,17:36:51,completed,28.11
7931,1069,10,California maki,2022-12-20,08:42:46,pending,4.1
7932,994,16,Fish and chips,2021-11-06,16:10:12,completed,8.86
7933,2438,1,"Pasta and Beans,Ricotta stuffed Ravioli,Chicken milanese",2020-05-24,19:20:12,completed,13.04
7934,1442,29,"Katsu Curry,Tiramisù,Pizza",2022-09-17,10:42:03,completed,18.34
7935,761,23,Chicken Fajitas,2023-12-23,20:52:23,completed,5.96
7936,869,19,Pasta and Beans,2023-08-27,17:39:40,completed,4.63
7937,2027,13,"Souvlaki,Risotto with seafood,Pappardelle alla Bolognese,Barbecue Ribs",2023-02-24,07:29:57,completed,24.39
7938,931,10,Souvlaki,2023-10-21,20:05:43,completed,5.64
7939,1705,3,"California maki,Califlower penne,Pasta Carbonara",2025-02-19,16:07:26,completed,14.7
7940,721,18,"Salmon nigiri,Pasta and Beans,Barbecue Ribs",2024-06-15,14:45:55,completed,22.64
7941,2463,24,"Chicken wings,Pappardelle alla Bolognese",2020-02-14,21:59:56,completed,15.11
7942,2411,19,Pork sausage roll,2023-10-12,22:36:05,completed,4.67
7943,1681,26,Fish and chips,2024-03-09,12:46:27,completed,5.31
7944,1849,3,"Pork belly buns,Califlower penne,Teriyaki Chicken donburi",2025-03-11,07:20:23,completed,16.57
7945,261,2,"Meatballs with sauce,Caesar Salad,Pork belly buns",2023-05-21,19:06:12,completed,16.03
7946,637,26,Risotto with seafood,2023-06-04,19:21:26,completed,5.08
7947,625,10,Pasta with Tomato and Basil,2020-05-05,18:51:17,completed,6.58
7948,2184,7,"California maki,Tuna sashimi,Fish and chips",2022-10-24,18:30:09,completed,19.69
7949,2966,28,Pappardelle alla Bolognese,2024-04-29,20:30:11,completed,6.62
7950,2118,7,Philadelphia maki,2024-08-07,11:32:52,completed,7.88
7951,2045,2,Pizza,2025-05-19,08:50:52,completed,7.94
7952,1465,4,"Fish and chips,Teriyaki Chicken donburi,Risotto with seafood,Cheeseburger",2021-07-03,07:47:31,completed,26.76
7953,1114,8,Cheeseburger,2020-07-05,18:30:24,pending,8.53
7954,2514,11,French fries with sausages,2022-08-14,09:49:32,completed,5.94
7955,1115,13,Pork belly buns,2024-07-19,14:45:14,pending,5.16
7956,969,14,Pasta Carbonara,2023-12-31,20:48:36,completed,6.2
7957,716,10,"Chilli con carne,Philadelphia maki",2020-12-03,15:25:30,completed,13.87
7958,2956,14,"Pasta Carbonara,Fish and chips,Pork sausage roll,Chilli con carne",2021-09-25,08:24:51,completed,25.71
7959,1200,27,"Mushroom Risotto,Vegetable Soup,Pork sausage roll,Califlower penne,Chilli con carne",2021-01-06,07:35:31,pending,26.58
7960,454,23,Vegetable Soup,2025-07-16,06:06:38,completed,4.87
7961,193,26,Caesar Salad,2021-04-15,12:53:51,completed,6.85
7962,481,26,"Barbecue Ribs,Vegetable Soup",2022-11-24,10:55:34,completed,14.17
7963,2533,1,Katsu Curry,2021-01-16,08:04:05,pending,5.52
7964,467,3,Fish and chips,2021-05-21,15:47:47,completed,5.35
7965,2855,14,Lasagne,2022-04-13,09:42:36,completed,5.4
7966,1934,8,"Katsu Curry,Salmon nigiri",2022-10-23,14:50:18,completed,10.61
7967,781,20,"Califlower penne,French fries with sausages,Pizza,Risotto with seafood",2025-05-08,11:58:08,completed,22.88
7968,2822,7,Pizza,2021-03-22,16:04:46,completed,5.0
7969,552,5,Califlower penne,2024-10-20,08:55:22,pending,8.48
7970,2053,1,Caprese Salad,2025-08-26,14:47:06,completed,4.65
7971,283,20,Scotch eggs,2025-01-12,10:07:24,completed,6.68
7972,426,8,"Chicken milanese,Scotch eggs",2022-07-18,08:27:30,completed,15.04
7973,1554,2,California maki,2024-03-12,17:45:55,completed,4.01
7974,1667,27,Ebiten maki,2024-05-01,20:14:07,completed,4.95
7975,240,4,Salmon nigiri,2021-01-24,22:34:52,completed,7.93
7976,972,20,"Pasta and Beans,Cheeseburger",2020-06-30,11:40:57,completed,14.62
7977,776,7,"Pork belly buns,Salmon nigiri",2022-09-19,20:14:02,cancelled,10.29
7978,1847,9,Pasta with Tomato and Basil,2024-12-06,15:31:04,completed,6.58
7979,176,25,Cheeseburger,2021-06-28,07:27:04,completed,6.69
7980,983,4,"Bruschette with Tomato,Souvlaki,Bruschette with Tomato",2023-05-06,17:59:38,completed,18.95
7981,2667,22,"Philadelphia maki,Ebiten maki",2020-02-29,18:54:26,completed,12.66
7982,2421,29,"Tiramisù,Scotch eggs,Chilli con carne",2024-07-28,08:11:26,completed,19.36
7983,2901,14,"Pork belly buns,Chicken wings,Chilli con carne,Chicken milanese",2020-12-15,14:59:17,cancelled,24.46
7984,951,1,Mushroom Risotto,2020-07-06,10:45:30,completed,5.81
7985,611,17,"Chicken milanese,Mushroom Risotto,Pappardelle alla Bolognese",2020-09-06,11:01:41,pending,17.87
7986,1491,30,Caprese Salad,2023-01-22,15:28:09,completed,7.67
7987,2689,2,"Pappardelle alla Bolognese,Scotch eggs",2021-01-09,06:43:12,cancelled,11.02
7988,2446,23,Caprese Salad,2022-03-15,16:38:10,completed,8.14
7989,1376,23,Pasta with Tomato and Basil,2025-08-16,12:35:24,cancelled,4.78
7990,1666,13,"Scotch eggs,Chicken milanese",2025-09-17,13:12:51,completed,13.56
7991,923,24,"Chicken Fajitas,Fish and chips",2021-09-23,06:55:34,pending,13.53
7992,586,9,Chicken wings,2022-08-03,17:29:50,completed,4.54
7993,1496,25,Pasta with Tomato and Basil,2022-07-25,20:09:02,pending,6.51
7994,2056,24,"Califlower penne,Meatballs with sauce",2020-03-23,20:13:18,completed,15.02
7995,439,16,"Pasta and Beans,Teriyaki Chicken donburi",2023-07-20,12:27:37,completed,14.72
7996,361,8,Risotto with seafood,2023-01-01,16:00:54,completed,7.24
7997,2013,3,"Ebiten maki,Vegetable Soup",2022-08-18,12:29:17,completed,9.68
7998,519,7,"Ebiten maki,French fries with sausages",2025-03-30,12:21:39,completed,13.41
7999,93,19,Pappardelle alla Bolognese,2021-12-31,10:16:51,completed,6.78
8000,2658,20,Risotto with seafood,2023-09-18,10:08:25,completed,6.57
8001,862,14,"Vegetable Soup,Scotch eggs,Fettuccine Alfredo",2020-09-13,10:19:41,completed,22.75
8002,902,6,Pork sausage roll,2021-10-28,06:12:35,completed,4.69
8003,2995,14,"Mushroom Risotto,Pizza,Katsu Curry",2022-09-28,14:37:26,completed,19.86
8004,1325,9,"California maki,Bruschette with Tomato",2021-02-13,09:56:35,pending,13.94
8005,2292,4,Chilli con carne,2023-11-24,21:15:23,completed,6.3
8006,1099,19,"Cheeseburger,Katsu Curry,Cheeseburger,Lasagne",2022-08-18,11:30:30,completed,29.49
8007,1284,17,"Teriyaki Chicken donburi,Souvlaki,Chilli con carne,Ricotta stuffed Ravioli",2020-09-19,14:07:11,completed,30.66
8008,2693,27,Bruschette with Tomato,2025-07-15,13:17:04,pending,6.57
8009,1540,8,"Bruschette with Tomato,Pappardelle alla Bolognese,Califlower penne,Chicken milanese",2023-07-01,19:45:38,completed,28.35
8010,2019,28,"Califlower penne,Pasta Carbonara",2023-01-01,16:45:15,completed,16.09
8011,2261,30,Meatballs with sauce,2022-02-03,08:23:20,pending,4.37
8012,1328,2,Chicken milanese,2024-05-10,16:37:21,completed,6.65
8013,500,12,Cheeseburger,2020-08-19,09:48:09,cancelled,4.01
8014,1634,7,Mushroom Risotto,2023-07-08,11:44:21,completed,7.14
8015,262,10,"Bruschette with Tomato,Tiramisù",2023-04-25,15:06:54,pending,16.07
8016,1275,18,"Lasagne,Meatballs with sauce",2024-05-01,11:05:58,completed,13.64
8017,1227,27,"Ebiten maki,French fries with sausages,Souvlaki,Chicken Fajitas",2023-04-13,22:46:22,completed,20.05
8018,2329,29,"Pizza,Souvlaki",2021-06-09,07:21:05,completed,14.14
8019,693,25,"Tiramisù,Califlower penne",2020-08-18,21:48:26,completed,8.81
8020,2408,28,Pappardelle alla Bolognese,2025-02-22,19:30:46,completed,7.26
8021,964,27,Pizza,2020-09-19,07:02:24,completed,8.59
8022,197,30,"Pasta Carbonara,Cheeseburger,Califlower penne",2021-11-08,08:51:40,completed,15.13
8023,2852,26,"Pizza,Mushroom Risotto,Chicken wings,Fish and chips",2022-12-09,16:35:01,completed,28.08
8024,571,28,Vegetable Soup,2024-04-18,08:34:29,completed,6.87
8025,330,6,"Risotto with seafood,Chicken wings",2022-10-20,19:38:11,pending,8.67
8026,1736,8,Meatballs with sauce,2020-07-30,15:05:19,completed,6.81
8027,1502,6,"Pasta with Tomato and Basil,Barbecue Ribs,Chicken Fajitas,Ebiten maki",2023-08-06,11:53:03,completed,23.94
8028,1439,19,Pork belly buns,2020-01-06,17:27:44,completed,8.6
8029,1859,2,"Califlower penne,Chilli con carne,Pizza",2021-09-09,16:24:06,completed,22.39
8030,1426,24,Pizza,2024-11-01,14:12:01,completed,5.7
8031,1459,3,"Risotto with seafood,Pappardelle alla Bolognese",2024-04-13,13:47:28,completed,14.02
8032,767,23,"Chicken Fajitas,Bruschette with Tomato,Pork belly buns",2021-01-17,06:47:09,pending,14.09
8033,1252,29,Pork sausage roll,2023-10-22,19:00:22,completed,4.99
8034,1145,21,"Scotch eggs,Chilli con carne,Linguine with clams",2023-08-20,06:54:26,completed,18.48
8035,1489,8,"Caprese Salad,Cheeseburger,Pappardelle alla Bolognese",2020-04-16,16:36:02,completed,14.6
8036,632,15,Philadelphia maki,2021-07-26,09:37:20,completed,7.48
8037,108,5,"Pasta Carbonara,Fish and chips",2022-07-14,19:28:28,completed,10.63
8038,1559,14,"Teriyaki Chicken donburi,Caprese Salad,Barbecue Ribs,Pasta and Beans",2021-05-31,12:43:24,completed,25.89
8039,823,4,"Scotch eggs,Chicken Fajitas",2024-01-01,08:37:51,cancelled,10.53
8040,2158,18,Pork sausage roll,2022-01-17,19:33:26,completed,6.49
8041,2266,24,Cheeseburger,2023-07-18,18:18:33,cancelled,5.92
8042,458,18,Barbecue Ribs,2022-05-24,15:21:26,completed,8.52
8043,1936,4,"Pork sausage roll,Tiramisù",2021-05-24,12:57:43,cancelled,14.85
8044,1950,23,Califlower penne,2024-07-21,14:50:44,completed,7.55
8045,2844,19,Katsu Curry,2021-03-18,15:17:50,completed,8.66
8046,680,16,Vegetable Soup,2022-03-27,21:26:47,completed,4.47
8047,665,9,Barbecue Ribs,2024-11-14,06:32:22,completed,4.07
8048,1935,12,"Philadelphia maki,Katsu Curry",2022-12-16,09:24:28,completed,12.83
8049,1104,26,Meatballs with sauce,2023-03-08,08:53:00,completed,4.28
8050,377,8,"Chilli con carne,Tuna sashimi,Chicken milanese",2025-05-11,19:03:27,completed,17.71
8051,452,27,"Pork belly buns,Cheeseburger",2023-11-08,11:01:39,completed,11.33
8052,1363,22,"Califlower penne,French fries with sausages",2021-06-24,14:17:25,pending,12.41
8053,857,21,"Caprese Salad,Califlower penne,Ebiten maki",2022-03-18,06:56:11,completed,18.29
8054,2099,27,"Teriyaki Chicken donburi,Philadelphia maki",2024-01-14,14:17:35,completed,15.59
8055,1575,7,French fries with sausages,2021-05-05,20:06:15,completed,5.67
8056,2990,9,Bruschette with Tomato,2024-09-17,22:45:36,pending,5.59
8057,1291,9,"Chicken Fajitas,California maki",2024-03-07,11:34:39,completed,12.72
8058,1518,24,"Pork sausage roll,Pappardelle alla Bolognese",2022-09-09,10:35:29,pending,13.27
8059,2545,2,Pork sausage roll,2024-09-21,22:28:12,completed,7.86
8060,352,21,"Tuna sashimi,Mushroom Risotto",2022-07-03,07:49:55,completed,15.3
8061,1042,29,Teriyaki Chicken donburi,2021-05-22,18:46:47,completed,6.07
8062,2708,1,"Salmon nigiri,Fettuccine Alfredo,Linguine with clams",2023-04-14,06:16:04,pending,16.68
8063,713,13,Pizza,2025-01-07,20:25:40,completed,6.87
8064,103,22,"California maki,Barbecue Ribs",2023-10-17,17:46:39,completed,9.98
8065,759,6,"Pasta Carbonara,Philadelphia maki",2023-04-23,11:34:16,completed,14.25
8066,2213,13,Fettuccine Alfredo,2023-11-06,14:24:34,completed,4.21
8067,238,28,Teriyaki Chicken donburi,2022-03-10,18:39:14,completed,4.67
8068,2586,10,Califlower penne,2020-05-10,16:42:59,completed,4.55
8069,1499,4,"Bruschette with Tomato,Teriyaki Chicken donburi,Pasta with Tomato and Basil,Souvlaki,California maki",2020-08-13,17:31:24,pending,35.69
8070,1367,9,Teriyaki Chicken donburi,2020-01-11,09:42:38,completed,4.22
8071,2376,28,Pasta and Beans,2021-12-09,13:32:12,completed,5.29
8072,2354,24,Chilli con carne,2024-12-06,20:23:43,completed,6.02
8073,2116,8,"Linguine with clams,French fries with sausages",2024-12-08,10:56:41,completed,13.87
8074,721,14,"Teriyaki Chicken donburi,Pork belly buns,Salmon nigiri,Souvlaki,Chicken wings",2020-10-28,19:02:40,completed,36.58
8075,431,17,"Salmon nigiri,Pasta with Tomato and Basil",2024-10-21,22:27:04,cancelled,15.34
8076,2107,8,Lasagne,2025-06-14,14:30:38,completed,6.52
8077,760,8,"Risotto with seafood,Salmon nigiri",2023-07-24,06:03:47,completed,15.51
8078,2639,11,"Katsu Curry,Pappardelle alla Bolognese,Pork sausage roll,Tuna sashimi,Pappardelle alla Bolognese",2024-01-26,14:00:40,pending,28.17
8079,796,19,"Philadelphia maki,Risotto with seafood",2024-04-13,08:14:28,completed,14.68
8080,67,29,Califlower penne,2023-08-20,17:49:28,completed,6.21
8081,1352,23,Caprese Salad,2020-09-06,09:42:35,completed,5.36
8082,1592,14,"Pork sausage roll,Souvlaki,Risotto with seafood,Caprese Salad,Chilli con carne",2022-10-29,21:28:56,completed,30.39
8083,177,27,"Vegetable Soup,Mushroom Risotto",2025-09-06,17:45:37,completed,10.34
8084,2154,30,"Bruschette with Tomato,Califlower penne",2020-03-10,14:39:20,completed,9.66
8085,2797,20,Pappardelle alla Bolognese,2020-03-28,20:32:35,completed,7.11
8086,1467,26,Bruschette with Tomato,2022-12-30,16:02:06,completed,7.79
8087,1846,19,"Chicken Fajitas,Chicken milanese,Risotto with seafood,Barbecue Ribs,Pappardelle alla Bolognese",2022-08-10,17:24:48,completed,32.42
8088,2886,5,"Caprese Salad,Chicken milanese,Salmon nigiri",2021-02-14,22:24:24,pending,23.89
8089,38,10,"Chilli con carne,Vegetable Soup,Meatballs with sauce,Mushroom Risotto,Pizza",2025-08-09,19:10:22,completed,29.18
8090,349,20,"Caesar Salad,Barbecue Ribs,Pork sausage roll",2025-06-21,07:07:51,completed,24.65
8091,1629,16,Bruschette with Tomato,2022-04-04,11:49:26,completed,7.26
8092,1104,26,"Pizza,Caprese Salad,Chilli con carne",2022-05-26,13:46:10,completed,18.57
8093,2709,13,Lasagne,2022-05-04,21:08:18,completed,5.35
8094,372,19,Caesar Salad,2022-09-12,20:29:16,completed,5.28
8095,2409,17,"Califlower penne,Pork sausage roll,Pizza",2021-03-29,06:08:01,completed,21.32
8096,1593,2,Chicken wings,2022-06-26,11:46:10,completed,5.49
8097,2809,14,Pizza,2021-11-25,08:37:20,completed,4.14
8098,1507,24,"Caesar Salad,Teriyaki Chicken donburi",2020-12-06,12:55:30,completed,15.88
8099,1379,25,"California maki,Califlower penne,Pappardelle alla Bolognese,Califlower penne",2022-06-09,08:09:22,completed,23.94
8100,1031,28,"Chicken milanese,Lasagne,Pizza",2022-12-15,10:38:54,completed,19.06
8101,2998,29,"Bruschette with Tomato,Pork belly buns,Pasta and Beans,Philadelphia maki,Vegetable Soup",2023-01-13,18:36:05,completed,26.74
8102,2626,24,Caesar Salad,2021-03-08,11:11:17,pending,4.69
8103,807,18,Ebiten maki,2021-09-12,12:53:11,completed,7.23
8104,14,26,Chicken milanese,2020-07-19,15:23:51,completed,6.65
8105,101,22,Philadelphia maki,2022-10-29,20:38:33,pending,4.48
8106,849,8,"Teriyaki Chicken donburi,Tiramisù,Pizza,Pasta with Tomato and Basil",2021-08-14,10:06:19,completed,26.19
8107,2844,2,Califlower penne,2021-09-11,18:46:03,pending,4.94
8108,19,30,"Salmon nigiri,Pasta with Tomato and Basil,Risotto with seafood",2022-07-21,09:39:54,completed,18.67
8109,1085,22,"Linguine with clams,Katsu Curry",2025-07-24,06:04:45,completed,17.11
8110,2029,26,"Pork belly buns,Barbecue Ribs,Chicken wings,Pasta with Tomato and Basil,Pappardelle alla Bolognese",2024-05-24,09:01:35,completed,31.52
8111,1192,15,Pasta and Beans,2021-12-31,19:55:24,completed,4.96
8112,1409,18,Salmon nigiri,2023-10-12,13:44:35,pending,7.55
8113,1357,3,Ricotta stuffed Ravioli,2021-03-23,06:22:49,cancelled,5.44
8114,2007,26,"Pappardelle alla Bolognese,Chilli con carne,Ricotta stuffed Ravioli",2024-07-14,14:33:58,completed,22.62
8115,1904,22,Souvlaki,2020-11-08,15:22:32,completed,6.09
8116,2412,26,"Chicken milanese,Risotto with seafood",2023-11-09,22:10:51,completed,12.33
8117,296,16,"French fries with sausages,Chicken milanese",2022-10-15,19:42:39,completed,14.15
8118,2177,4,Vegetable Soup,2023-02-10,07:50:48,cancelled,7.1
8119,1912,6,"Vegetable Soup,Meatballs with sauce,Philadelphia maki",2021-03-10,22:05:06,completed,18.72
8120,1605,12,"Philadelphia maki,Pork belly buns,Risotto with seafood",2021-01-16,19:48:56,completed,15.25
8121,2357,18,"Pappardelle alla Bolognese,California maki",2022-12-18,08:22:42,completed,10.01
8122,108,7,Pasta Carbonara,2020-03-12,22:05:40,completed,8.79
8123,2777,16,Mushroom Risotto,2020-07-11,11:54:36,completed,5.92
8124,738,4,"Barbecue Ribs,Tuna sashimi,Pasta with Tomato and Basil",2021-04-08,07:18:01,completed,18.4
8125,1298,25,"Bruschette with Tomato,Califlower penne",2023-06-04,10:24:38,completed,12.97
8126,1334,20,Bruschette with Tomato,2020-10-28,10:34:02,completed,7.85
8127,859,2,Cheeseburger,2023-11-26,17:16:11,completed,6.77
8128,1735,5,Ebiten maki,2020-03-22,19:15:19,cancelled,5.01
8129,1095,4,"Mushroom Risotto,Chilli con carne",2025-05-19,09:08:42,pending,14.8
8130,772,15,"Caprese Salad,Chilli con carne,Pasta Carbonara",2024-01-22,09:22:56,completed,19.68
8131,2292,2,"Ricotta stuffed Ravioli,Pasta Carbonara,Tiramisù,Caprese Salad,Scotch eggs",2022-11-26,10:40:27,completed,33.05
8132,753,15,"Califlower penne,Lasagne",2024-08-06,19:10:21,cancelled,12.91
8133,2397,7,"Ricotta stuffed Ravioli,Pasta with Tomato and Basil,Chicken milanese,Chilli con carne",2025-08-25,16:23:59,completed,26.25
8134,2643,11,Risotto with seafood,2021-12-20,16:50:41,cancelled,7.4
8135,2853,26,"Chicken milanese,Vegetable Soup,Barbecue Ribs,Ebiten maki,Chilli con carne",2024-08-05,15:59:58,completed,34.21
8136,1025,6,"Califlower penne,Caesar Salad",2021-02-22,17:39:08,completed,9.59
8137,2867,9,"California maki,Teriyaki Chicken donburi,Caesar Salad",2023-07-29,18:39:02,pending,18.99
8138,1529,8,Tuna sashimi,2023-01-08,11:14:57,cancelled,8.97
8139,2050,15,Fettuccine Alfredo,2021-11-20,14:01:00,completed,5.94
8140,7,23,Risotto with seafood,2023-06-16,16:02:49,completed,6.8
8141,731,25,Ricotta stuffed Ravioli,2024-10-22,21:25:30,completed,8.83
8142,2371,5,"Tiramisù,Linguine with clams,Pappardelle alla Bolognese",2021-04-11,16:32:23,cancelled,17.61
8143,933,20,"Pork belly buns,Scotch eggs,Pappardelle alla Bolognese,Pappardelle alla Bolognese,Chicken Fajitas",2021-03-18,12:36:08,cancelled,37.48
8144,2640,25,Cheeseburger,2023-01-09,11:12:55,completed,6.91
8145,456,6,"Katsu Curry,Katsu Curry,Ricotta stuffed Ravioli,Pork sausage roll",2022-11-12,17:06:55,completed,20.59
8146,121,15,Souvlaki,2023-06-23,19:17:19,completed,8.76
8147,412,22,"Ebiten maki,Pasta Carbonara",2024-10-20,11:53:28,completed,13.54
8148,1399,1,Caesar Salad,2023-08-31,12:11:27,completed,5.02
8149,2941,3,"Philadelphia maki,Salmon nigiri,Lasagne",2022-12-05,22:22:42,completed,23.13
8150,1851,7,Caprese Salad,2025-05-17,08:46:58,completed,5.38
8151,2986,26,"Risotto with seafood,Chicken wings",2024-01-17,11:51:08,completed,14.3
8152,2060,29,Salmon nigiri,2021-04-13,08:10:26,completed,8.94
8153,1857,10,Pork belly buns,2021-08-03,18:40:26,completed,5.87
8154,642,15,"Bruschette with Tomato,Chicken Fajitas",2024-08-04,18:12:55,completed,13.15
8155,1533,28,Chicken milanese,2024-08-30,06:34:58,completed,4.35
8156,586,7,"Barbecue Ribs,Pork sausage roll,Pappardelle alla Bolognese,Pizza",2022-11-11,15:25:39,completed,24.05
8157,254,4,"Chicken Fajitas,Tiramisù,Ricotta stuffed Ravioli",2021-10-17,20:52:10,pending,19.91
8158,973,4,French fries with sausages,2021-06-07,22:26:17,completed,5.57
8159,2757,9,Cheeseburger,2021-10-30,07:04:53,completed,5.73
8160,625,3,"Fettuccine Alfredo,Pasta and Beans,Pappardelle alla Bolognese,Tuna sashimi",2024-07-30,21:38:21,completed,22.4
8161,802,22,"Pork sausage roll,Philadelphia maki",2022-08-09,19:48:35,completed,16.43
8162,309,30,"Linguine with clams,Caesar Salad,Fettuccine Alfredo,Fish and chips",2025-01-12,09:30:27,pending,29.3
8163,1814,25,"Pasta with Tomato and Basil,Chicken milanese",2021-02-18,08:44:16,completed,10.17
8164,1260,15,"Pappardelle alla Bolognese,Pasta Carbonara,Chilli con carne",2023-12-03,22:08:52,completed,17.27
8165,1138,6,Souvlaki,2023-11-12,17:35:15,completed,8.58
8166,2801,27,"Lasagne,Salmon nigiri,Chicken milanese",2020-06-20,10:24:07,pending,16.96
8167,1876,20,Tiramisù,2021-04-28,11:41:45,completed,4.75
8168,432,6,"Caprese Salad,Caprese Salad,Linguine with clams,Vegetable Soup",2020-09-03,14:31:35,completed,27.87
8169,32,16,Vegetable Soup,2023-07-26,15:49:14,completed,6.34
8170,44,10,Ebiten maki,2021-03-17,09:39:33,completed,4.98
8171,972,30,Risotto with seafood,2023-12-29,17:13:00,completed,6.01
8172,2173,11,"Pork belly buns,Mushroom Risotto,Chilli con carne",2021-04-02,22:23:23,completed,23.01
8173,326,11,Caprese Salad,2021-03-20,14:24:24,pending,6.08
8174,2038,26,Fish and chips,2024-10-14,07:05:01,pending,5.45
8175,314,26,"California maki,Pork sausage roll,Pasta Carbonara,Katsu Curry",2021-12-05,14:24:16,completed,33.62
8176,95,1,"Mushroom Risotto,Scotch eggs",2020-07-12,12:17:20,completed,14.25
8177,1685,3,Vegetable Soup,2025-09-29,09:01:15,completed,6.04
8178,2826,22,Linguine with clams,2022-03-05,15:38:55,completed,6.79
8179,2598,22,Katsu Curry,2020-10-31,17:03:06,completed,7.29
8180,2731,4,"Fettuccine Alfredo,Fettuccine Alfredo,Teriyaki Chicken donburi",2024-05-23,18:26:27,completed,22.24
8181,182,2,Salmon nigiri,2024-04-26,20:48:54,completed,6.28
8182,2422,17,"Pork belly buns,Cheeseburger,Lasagne",2024-10-27,11:19:41,completed,21.48
8183,1048,22,Fish and chips,2020-09-09,08:42:15,completed,7.85
8184,1320,8,Souvlaki,2020-11-10,14:58:19,cancelled,5.69
8185,1188,20,"Scotch eggs,California maki,Pasta and Beans",2021-01-05,06:31:07,completed,18.23
8186,893,26,Barbecue Ribs,2020-03-22,14:18:36,completed,6.52
8187,596,20,"Pasta Carbonara,Mushroom Risotto",2025-01-19,08:21:42,completed,16.29
8188,2247,9,Chicken wings,2024-12-06,10:36:12,pending,6.46
8189,1593,13,"Fettuccine Alfredo,Katsu Curry",2023-06-04,09:12:12,completed,17.52
8190,555,19,"Caprese Salad,Meatballs with sauce,Pasta and Beans,Ebiten maki",2020-08-03,21:09:53,pending,31.93
8191,1612,3,Mushroom Risotto,2025-03-08,09:10:26,completed,4.39
8192,1761,13,"California maki,Fettuccine Alfredo",2023-01-05,10:22:00,completed,10.18
8193,1271,18,French fries with sausages,2021-10-26,07:04:59,completed,4.93
8194,1291,19,"Caprese Salad,Ebiten maki",2025-05-04,20:24:45,completed,14.63
8195,2044,6,French fries with sausages,2025-02-17,16:31:16,completed,8.19
8196,1364,6,Pappardelle alla Bolognese,2022-08-28,11:42:23,completed,8.68
8197,2200,11,"Scotch eggs,Chicken milanese,Pasta with Tomato and Basil",2021-07-31,08:19:23,completed,22.33
8198,2156,26,"Chicken Fajitas,Pasta and Beans,Fish and chips,Cheeseburger,Lasagne",2023-05-11,15:35:33,completed,33.9
8199,2573,20,Fish and chips,2024-08-17,21:30:37,completed,4.45
8200,1806,20,Pasta Carbonara,2021-06-04,10:42:32,completed,4.28
8201,582,25,Vegetable Soup,2023-11-01,15:26:20,completed,8.05
8202,81,7,"Pasta and Beans,Meatballs with sauce,Fettuccine Alfredo",2020-09-13,13:09:40,completed,16.25
8203,2464,19,Barbecue Ribs,2024-07-11,20:57:30,completed,6.42
8204,1590,16,Scotch eggs,2020-04-06,22:24:08,completed,4.5
8205,2220,7,Chicken wings,2021-09-24,16:15:17,completed,5.4
8206,2557,25,"Chicken milanese,Meatballs with sauce,Teriyaki Chicken donburi,Barbecue Ribs",2022-03-30,15:16:59,completed,26.05
8207,622,14,Katsu Curry,2021-03-26,16:21:25,completed,8.1
8208,349,17,"Bruschette with Tomato,Pasta and Beans,Chicken wings",2022-01-31,11:13:09,completed,21.61
8209,486,29,Cheeseburger,2023-02-05,21:53:19,pending,8.64
8210,781,8,Linguine with clams,2021-09-19,08:15:06,completed,6.6
8211,2774,29,Souvlaki,2022-06-03,18:06:29,completed,4.96
8212,2313,17,"Chicken milanese,Pasta Carbonara,Teriyaki Chicken donburi,Barbecue Ribs,French fries with sausages",2021-05-07,14:54:45,pending,31.39
8213,656,4,Pasta and Beans,2023-09-29,17:57:03,completed,7.68
8214,1904,27,"Pork belly buns,French fries with sausages",2024-03-16,17:08:36,completed,12.53
8215,380,14,Philadelphia maki,2021-12-09,06:59:44,completed,8.69
8216,54,12,"Scotch eggs,Lasagne,Teriyaki Chicken donburi",2021-07-07,09:08:59,completed,22.65
8217,1218,29,"Pasta with Tomato and Basil,Philadelphia maki,Pasta and Beans",2022-08-31,17:39:04,completed,20.6
8218,1081,22,Fettuccine Alfredo,2020-04-02,13:01:18,pending,7.64
8219,2111,14,Pasta with Tomato and Basil,2020-05-02,07:43:30,completed,5.78
8220,631,9,"Pappardelle alla Bolognese,Salmon nigiri,Mushroom Risotto,Linguine with clams",2024-09-14,11:44:29,completed,26.64
8221,1858,3,Fish and chips,2021-04-06,06:12:10,completed,8.18
8222,412,29,"Chicken wings,Chicken wings",2025-02-20,15:53:23,completed,13.49
8223,2034,15,Philadelphia maki,2024-07-26,20:36:28,pending,7.84
8224,268,26,Chicken wings,2025-08-31,18:18:36,pending,5.53
8225,1409,25,Cheeseburger,2021-11-27,11:23:18,completed,7.88
8226,650,16,Tuna sashimi,2021-07-16,06:10:03,completed,7.18
8227,282,13,"Chilli con carne,Fish and chips,Barbecue Ribs",2020-03-30,15:42:54,completed,16.89
8228,2692,21,California maki,2020-08-30,21:52:21,completed,6.61
8229,2726,11,"Bruschette with Tomato,Pasta with Tomato and Basil,Meatballs with sauce",2020-10-26,22:01:01,pending,19.7
8230,459,30,"Tiramisù,Mushroom Risotto,Risotto with seafood,Caprese Salad",2020-08-31,16:58:18,completed,26.97
8231,2482,10,Salmon nigiri,2022-01-17,14:44:23,completed,4.99
8232,1192,11,Linguine with clams,2020-04-07,10:33:08,completed,6.26
8233,160,21,"Linguine with clams,Chicken Fajitas,Mushroom Risotto,Bruschette with Tomato",2023-06-08,19:26:26,completed,25.04
8234,1512,16,"Chicken milanese,Tiramisù",2022-12-28,10:19:38,pending,12.3
8235,489,14,"Fish and chips,Tuna sashimi,Meatballs with sauce,Meatballs with sauce",2022-08-01,13:50:10,completed,23.51
8236,1847,16,"Caesar Salad,Pork sausage roll",2023-01-04,13:20:28,completed,10.0
8237,2272,20,Linguine with clams,2020-08-29,19:09:55,completed,8.24
8238,10,7,Linguine with clams,2024-08-22,06:46:29,completed,6.98
8239,1867,6,"Chilli con carne,Caesar Salad",2024-07-17,11:43:36,completed,13.32
8240,745,11,"Scotch eggs,Caesar Salad,Chicken wings,Pasta and Beans",2020-04-26,18:08:55,completed,27.12
8241,2838,25,Bruschette with Tomato,2022-02-14,14:26:43,completed,7.16
8242,353,19,"Tuna sashimi,Pasta and Beans",2023-11-27,12:58:24,pending,13.66
8243,190,24,Scotch eggs,2025-03-26,11:18:48,pending,6.28
8244,246,29,Bruschette with Tomato,2023-09-13,13:52:58,completed,6.82
8245,2422,16,"Pork sausage roll,Salmon nigiri",2023-03-13,10:51:28,completed,11.39
8246,2591,18,Pork belly buns,2022-09-11,21:59:00,completed,4.0
8247,2631,21,Chicken Fajitas,2023-03-14,07:53:10,completed,4.44
8248,109,2,California maki,2023-10-24,15:22:06,completed,8.09
8249,1750,8,Caprese Salad,2020-08-31,16:12:04,completed,7.51
8250,1857,11,Katsu Curry,2021-04-21,11:15:09,completed,5.74
8251,469,9,Chicken milanese,2021-09-26,08:08:05,completed,8.19
8252,1210,9,Linguine with clams,2023-12-07,08:37:55,completed,6.3
8253,1286,11,Salmon nigiri,2024-02-24,19:04:43,completed,4.81
8254,2724,23,Linguine with clams,2023-09-29,08:47:25,completed,8.97
8255,214,13,"Chicken wings,Pizza,Meatballs with sauce",2023-07-05,15:09:32,completed,20.3
8256,2126,27,Pasta Carbonara,2022-12-01,09:30:41,completed,4.5
8257,61,21,Caesar Salad,2021-10-04,13:48:27,pending,8.77
8258,1557,20,"Lasagne,Philadelphia maki,Pasta Carbonara",2020-03-18,17:03:57,pending,16.22
8259,2925,7,"Philadelphia maki,Risotto with seafood,Caprese Salad",2021-02-11,19:33:59,cancelled,20.27
8260,839,23,"Linguine with clams,Ebiten maki,Pasta Carbonara,Barbecue Ribs,Pork belly buns",2021-02-02,14:44:35,completed,31.08
8261,1674,7,"Ebiten maki,French fries with sausages",2023-05-07,21:31:01,completed,15.29
8262,310,12,"Caprese Salad,Philadelphia maki,Ricotta stuffed Ravioli,Salmon nigiri,Pasta with Tomato and Basil",2020-02-04,07:41:36,completed,31.75
8263,68,21,Pork belly buns,2023-04-08,20:28:36,completed,8.16
8264,2140,22,Caprese Salad,2024-03-03,22:39:01,completed,5.69
8265,2541,11,Chicken milanese,2024-03-01,21:08:49,completed,7.25
8266,1287,30,Souvlaki,2021-01-16,06:48:02,completed,6.66
8267,756,19,Fettuccine Alfredo,2021-08-20,08:53:36,completed,6.17
8268,2041,2,"Pizza,Fettuccine Alfredo",2025-03-23,12:09:11,pending,13.95
8269,341,18,Linguine with clams,2021-07-17,07:38:17,completed,4.46
8270,2270,13,"Pasta and Beans,Pappardelle alla Bolognese",2020-05-12,21:26:56,completed,13.0
8271,228,22,California maki,2020-03-06,18:36:12,completed,4.23
8272,954,9,Ebiten maki,2021-05-17,16:22:15,completed,4.79
8273,2072,7,"Philadelphia maki,Pasta and Beans,Pork sausage roll",2024-11-28,15:08:23,completed,20.5
8274,2977,21,"California maki,Chicken milanese,Philadelphia maki",2024-02-24,08:16:02,completed,16.46
8275,184,13,"Philadelphia maki,Mushroom Risotto,Risotto with seafood,Linguine with clams",2025-06-06,22:38:09,completed,25.66
8276,2185,18,"Califlower penne,Chicken milanese,Pasta with Tomato and Basil",2024-06-23,18:50:19,completed,17.53
8277,1122,27,"California maki,Chilli con carne",2025-05-05,16:08:12,completed,15.82
8278,1478,18,Fettuccine Alfredo,2022-12-04,16:33:23,cancelled,6.58
8279,653,28,Philadelphia maki,2025-08-06,17:34:16,completed,4.66
8280,528,16,"Ebiten maki,Salmon nigiri,Scotch eggs,Bruschette with Tomato,Chicken Fajitas",2024-10-29,21:34:21,completed,32.08
8281,122,21,Cheeseburger,2020-06-01,09:38:51,completed,8.14
8282,914,20,Scotch eggs,2021-09-07,15:24:45,completed,5.72
8283,1183,27,"Linguine with clams,Pasta Carbonara,Lasagne,Katsu Curry",2025-08-20,07:50:40,completed,27.6
8284,836,16,"Philadelphia maki,Pasta with Tomato and Basil,Tuna sashimi",2024-04-15,09:08:18,completed,17.35
8285,1824,10,"French fries with sausages,Chicken milanese",2022-04-25,20:29:23,completed,14.58
8286,118,6,"Caesar Salad,Califlower penne",2020-01-16,11:03:31,completed,13.28
8287,2900,16,"Mushroom Risotto,Souvlaki",2023-06-05,07:32:49,completed,14.2
8288,1414,4,Caprese Salad,2025-09-03,18:51:55,cancelled,8.6
8289,633,5,Salmon nigiri,2025-08-30,07:46:52,pending,7.6
8290,606,2,"Katsu Curry,Tiramisù,Califlower penne,Chicken milanese",2021-05-28,22:45:00,completed,28.63
8291,2334,9,Pork belly buns,2022-10-30,16:16:14,completed,7.56
8292,2198,23,"Katsu Curry,Chicken wings",2020-05-18,16:24:05,cancelled,10.74
8293,419,16,Chicken Fajitas,2025-08-19,18:49:18,completed,7.98
8294,729,13,Pasta and Beans,2022-08-12,12:39:59,pending,7.06
8295,2309,17,Ebiten maki,2021-12-05,17:11:43,completed,6.15
8296,1505,29,"Vegetable Soup,Chilli con carne,Ebiten maki",2020-02-11,13:55:42,completed,17.3
8297,2047,27,"Chicken milanese,Chicken Fajitas,Risotto with seafood",2021-01-12,18:50:52,completed,15.53
8298,2992,2,Katsu Curry,2023-05-19,12:34:30,pending,6.21
8299,1706,30,"Salmon nigiri,Pasta Carbonara,Pappardelle alla Bolognese",2024-05-20,22:38:42,completed,23.05
8300,2445,16,Linguine with clams,2023-03-27,18:00:37,completed,8.5
8301,2197,22,Tiramisù,2020-02-05,21:37:54,pending,6.66
8302,2754,16,Bruschette with Tomato,2021-05-19,18:08:54,pending,7.81
8303,808,7,Salmon nigiri,2021-04-13,17:51:01,completed,8.06
8304,2554,29,Caprese Salad,2022-12-24,08:31:27,completed,5.56
8305,2716,27,Chicken wings,2020-09-13,07:58:19,completed,4.89
8306,346,13,California maki,2020-08-06,17:15:12,completed,6.21
8307,2038,20,"Pappardelle alla Bolognese,Souvlaki,Califlower penne",2024-06-27,19:34:59,pending,16.51
8308,2093,11,"Bruschette with Tomato,Pappardelle alla Bolognese,Tiramisù",2021-05-26,07:14:42,completed,18.04
8309,2701,13,Linguine with clams,2023-10-10,20:56:26,cancelled,6.57
8310,2570,1,"Pork belly buns,Chicken milanese",2022-06-19,08:10:43,completed,13.74
8311,2991,28,Chicken Fajitas,2020-03-03,07:55:04,completed,4.52
8312,1032,3,"Caesar Salad,Pappardelle alla Bolognese,Cheeseburger",2021-10-29,09:39:22,completed,24.53
8313,1685,17,"Fettuccine Alfredo,Chicken wings,Pasta Carbonara",2023-09-14,19:16:32,completed,20.23
8314,1962,25,Caesar Salad,2020-01-29,15:55:29,completed,5.22
8315,290,30,"Tuna sashimi,Salmon nigiri,Mushroom Risotto,Pork belly buns",2025-04-16,14:07:47,completed,31.32
8316,904,16,French fries with sausages,2022-09-08,20:18:17,completed,6.65
8317,219,22,"Bruschette with Tomato,Barbecue Ribs,Teriyaki Chicken donburi,Fettuccine Alfredo",2020-03-03,22:37:50,completed,25.07
8318,1498,23,"Chicken Fajitas,Chicken milanese",2020-02-09,18:02:35,completed,15.67
8319,32,6,Chilli con carne,2023-02-19,20:29:35,completed,4.47
8320,2834,28,"Pork sausage roll,Chicken Fajitas",2024-10-03,17:07:47,completed,14.39
8321,1356,15,Pork belly buns,2024-04-01,16:30:46,completed,8.79
8322,1875,16,"French fries with sausages,Pasta and Beans,Bruschette with Tomato",2022-10-08,17:38:33,completed,22.63
8323,661,14,Meatballs with sauce,2024-08-16,19:32:50,completed,7.51
8324,1536,12,"French fries with sausages,French fries with sausages,Souvlaki,Katsu Curry,Mushroom Risotto",2025-09-12,12:48:02,completed,29.58
8325,425,17,"Pork belly buns,Chilli con carne,Teriyaki Chicken donburi,Souvlaki",2024-05-01,14:59:51,pending,30.05
8326,1764,16,"Pappardelle alla Bolognese,Pasta and Beans,Katsu Curry,Caprese Salad,Chicken Fajitas",2020-02-25,06:02:20,completed,30.67
8327,398,11,Chicken Fajitas,2021-05-19,11:54:26,completed,8.28
8328,2654,16,Teriyaki Chicken donburi,2025-08-07,21:16:53,pending,4.01
8329,1862,17,"Pizza,Bruschette with Tomato,Linguine with clams,Fettuccine Alfredo",2023-10-14,17:14:35,completed,23.98
8330,2432,28,"Caprese Salad,Lasagne,Pizza,Caesar Salad",2024-01-23,18:03:31,completed,27.82
8331,2048,6,Fettuccine Alfredo,2021-09-09,06:52:48,completed,7.63
8332,1858,22,"Risotto with seafood,French fries with sausages,California maki,Chicken wings,Cheeseburger",2022-03-26,20:20:41,pending,32.88
8333,2994,25,"Fish and chips,Philadelphia maki",2023-01-18,17:23:59,completed,16.19
8334,893,24,Chicken milanese,2022-04-03,07:14:26,completed,5.19
8335,2868,6,Caesar Salad,2025-05-20,14:59:01,completed,4.52
8336,2881,23,"Pasta and Beans,Chicken milanese",2021-08-07,12:06:50,completed,15.62
8337,444,19,Teriyaki Chicken donburi,2020-04-14,19:29:58,completed,4.24
8338,1862,26,Vegetable Soup,2021-04-10,06:51:13,completed,8.19
8339,1109,19,Caprese Salad,2021-07-24,06:34:39,completed,6.87
8340,473,19,"Bruschette with Tomato,Scotch eggs,Chicken milanese,Meatballs with sauce",2022-12-03,14:09:43,completed,26.35
8341,2428,14,"Katsu Curry,Ebiten maki,Pasta Carbonara",2020-01-27,21:32:04,pending,20.29
8342,959,6,"Pasta with Tomato and Basil,Chicken Fajitas,Teriyaki Chicken donburi",2024-07-08,09:53:06,completed,23.51
8343,827,23,Salmon nigiri,2023-07-07,19:20:09,pending,4.9
8344,616,3,"Fettuccine Alfredo,Cheeseburger,French fries with sausages",2025-01-19,12:45:34,completed,16.16
8345,798,4,Meatballs with sauce,2022-11-17,20:43:18,completed,7.69
8346,1590,3,"Katsu Curry,Ricotta stuffed Ravioli,Barbecue Ribs",2021-09-22,07:26:21,completed,21.75
8347,73,11,"Tiramisù,Souvlaki,Chicken milanese,Pappardelle alla Bolognese,Lasagne",2020-05-09,15:58:17,pending,37.95
8348,1894,15,"Caprese Salad,Ricotta stuffed Ravioli,California maki,Bruschette with Tomato",2024-04-23,07:54:31,completed,19.72
8349,2960,10,Fish and chips,2023-08-14,13:15:23,completed,7.57
8350,348,23,"Salmon nigiri,Fettuccine Alfredo,Teriyaki Chicken donburi",2023-12-12,14:03:57,completed,19.79
8351,1880,24,"Barbecue Ribs,Mushroom Risotto,Vegetable Soup,Tuna sashimi,Philadelphia maki",2021-12-19,07:51:20,completed,33.72
8352,2903,21,Philadelphia maki,2020-01-03,08:43:29,completed,6.51
8353,2936,16,"Philadelphia maki,Califlower penne,Tuna sashimi,Katsu Curry",2021-04-01,13:31:54,pending,23.97
8354,2286,27,"Vegetable Soup,Chicken wings",2020-06-09,06:14:44,completed,8.27
8355,1121,4,"Pappardelle alla Bolognese,Katsu Curry,Caesar Salad,Barbecue Ribs",2023-01-16,17:05:55,completed,28.03
8356,2879,24,Califlower penne,2023-01-02,11:17:59,completed,5.07
8357,2850,6,Pasta with Tomato and Basil,2023-09-18,22:35:10,completed,6.98
8358,783,16,French fries with sausages,2023-10-13,12:16:20,pending,8.78
8359,1841,23,"Pizza,Vegetable Soup,Tuna sashimi",2025-08-17,08:47:26,cancelled,21.1
8360,36,19,Meatballs with sauce,2025-01-24,10:33:28,pending,8.41
8361,2590,24,"Ricotta stuffed Ravioli,Pasta and Beans",2020-07-30,18:27:10,completed,16.94
8362,649,20,"Lasagne,Chicken milanese,Cheeseburger",2020-05-31,08:48:55,completed,17.54
8363,2738,8,Chicken wings,2021-02-16,21:07:42,completed,6.12
8364,2897,18,Ebiten maki,2025-07-31,11:49:54,completed,6.1
8365,2318,9,"Chilli con carne,Salmon nigiri,Pasta and Beans,Risotto with seafood",2024-01-02,11:00:20,completed,21.03
8366,1935,3,Caprese Salad,2024-03-29,22:05:22,pending,6.13
8367,1442,1,"Salmon nigiri,Scotch eggs,Linguine with clams",2020-07-15,19:25:31,completed,20.54
8368,2675,2,Pizza,2025-07-05,18:50:14,completed,8.21
8369,1215,7,"Mushroom Risotto,French fries with sausages",2024-11-04,15:55:44,completed,13.2
8370,96,27,Cheeseburger,2020-03-08,09:25:54,completed,8.24
8371,669,12,Ricotta stuffed Ravioli,2024-05-08,09:40:32,completed,8.66
8372,879,26,Pasta and Beans,2025-02-16,08:00:29,pending,8.58
8373,236,14,Califlower penne,2020-02-15,16:37:21,completed,6.1
8374,1478,23,Bruschette with Tomato,2021-03-31,08:38:46,completed,7.92
8375,1115,21,"Salmon nigiri,Pappardelle alla Bolognese",2021-06-12,16:32:35,completed,13.42
8376,160,13,"Katsu Curry,Fish and chips,Chicken Fajitas",2020-05-10,11:38:43,completed,18.04
8377,766,18,Scotch eggs,2024-03-24,10:22:29,completed,4.08
8378,1417,25,Risotto with seafood,2021-07-02,15:38:09,completed,7.37
8379,1919,11,Cheeseburger,2024-08-20,20:36:15,completed,7.49
8380,2306,25,"Pappardelle alla Bolognese,Ebiten maki,Caprese Salad",2023-03-01,22:58:53,completed,20.87
8381,2872,8,"Chicken Fajitas,Chicken wings,Philadelphia maki,Caesar Salad",2020-08-29,21:50:08,completed,22.76
8382,2833,9,"Caesar Salad,Pork sausage roll",2020-08-17,21:07:14,completed,13.16
8383,12,29,"Califlower penne,French fries with sausages",2021-08-06,07:50:54,completed,10.08
8384,2766,12,Chicken milanese,2020-03-18,08:25:09,completed,8.92
8385,72,6,Scotch eggs,2024-12-01,20:35:54,completed,6.37
8386,2849,6,"Mushroom Risotto,Salmon nigiri,Califlower penne,Katsu Curry",2020-10-03,21:07:08,completed,28.07
8387,21,19,Bruschette with Tomato,2024-12-22,19:46:19,pending,4.26
8388,153,10,"Fish and chips,Ricotta stuffed Ravioli,Linguine with clams,Katsu Curry",2023-10-15,22:45:31,cancelled,23.77
8389,1706,16,Teriyaki Chicken donburi,2021-04-16,18:37:26,completed,6.31
8390,86,26,"Califlower penne,Chicken wings,Chilli con carne,Pork belly buns",2020-04-16,19:13:28,completed,27.61
8391,1805,26,Bruschette with Tomato,2023-11-29,18:04:06,completed,8.51
8392,1496,23,"Caprese Salad,Linguine with clams,Fish and chips",2023-04-29,19:55:35,completed,22.89
8393,2246,17,"Risotto with seafood,Chicken milanese",2022-11-04,22:40:11,completed,15.63
8394,2104,27,Philadelphia maki,2020-07-17,22:04:05,completed,6.41
8395,622,23,"Chicken milanese,Barbecue Ribs,Chicken milanese",2024-09-19,16:17:52,completed,18.33
8396,1489,14,"Ricotta stuffed Ravioli,Pasta Carbonara,Pork belly buns",2023-12-23,10:31:51,pending,20.12
8397,2006,28,"Tiramisù,Mushroom Risotto,Ricotta stuffed Ravioli,Fish and chips",2022-02-21,19:46:56,completed,29.17
8398,1824,24,Teriyaki Chicken donburi,2025-02-12,07:21:14,completed,7.29
8399,586,2,Risotto with seafood,2023-08-08,19:47:07,completed,7.5
8400,429,16,Tiramisù,2020-04-23,14:17:50,completed,6.49
8401,2413,6,Ricotta stuffed Ravioli,2024-03-22,21:25:23,completed,4.23
8402,1355,5,Pizza,2025-09-18,11:20:13,completed,5.6
8403,641,15,Fish and chips,2025-09-15,19:22:50,completed,5.95
8404,2321,20,"California maki,Scotch eggs,Linguine with clams,Teriyaki Chicken donburi",2020-11-10,15:09:11,pending,20.22
8405,2288,20,Pork sausage roll,2024-07-15,09:46:49,completed,4.33
8406,2066,5,California maki,2020-10-24,06:00:23,completed,6.19
8407,1057,11,Vegetable Soup,2024-03-16,16:32:19,completed,8.25
8408,1770,18,Lasagne,2023-08-01,16:57:36,completed,6.82
8409,301,2,"Califlower penne,Ricotta stuffed Ravioli",2020-05-14,15:42:27,completed,9.44
8410,2099,2,"Meatballs with sauce,Chicken wings",2020-02-11,15:32:01,completed,13.03
8411,1387,14,Pizza,2020-03-08,22:15:35,completed,4.25
8412,2567,10,Cheeseburger,2020-11-09,11:32:49,completed,7.65
8413,575,2,Barbecue Ribs,2020-02-10,15:55:14,completed,8.1
8414,92,17,French fries with sausages,2025-04-03,21:58:27,completed,8.21
8415,46,29,Califlower penne,2020-02-13,17:07:06,completed,7.88
8416,5,20,Risotto with seafood,2021-08-25,08:30:27,completed,6.78
8417,2327,28,"Chicken milanese,Chilli con carne,Teriyaki Chicken donburi,Philadelphia maki",2024-10-28,15:28:49,pending,30.83
8418,1293,16,"Pappardelle alla Bolognese,Tuna sashimi,Chicken Fajitas",2022-04-17,22:40:33,pending,16.43
8419,313,11,"Pasta Carbonara,California maki",2024-01-22,12:52:50,completed,13.01
8420,2746,1,Linguine with clams,2022-04-09,13:33:46,pending,5.72
8421,1007,29,Meatballs with sauce,2024-08-08,09:24:57,completed,5.08
8422,353,7,"Cheeseburger,Salmon nigiri,Souvlaki",2025-03-13,22:10:51,completed,17.51
8423,1237,27,Pork belly buns,2022-07-25,08:23:08,completed,4.81
8424,446,18,Mushroom Risotto,2021-01-17,21:13:28,completed,5.28
8425,1720,28,Teriyaki Chicken donburi,2020-06-02,19:47:50,completed,4.99
8426,2248,10,"Tiramisù,Salmon nigiri,Tiramisù,Pasta Carbonara",2021-02-23,20:25:11,pending,18.93
8427,2796,28,Katsu Curry,2021-01-06,13:21:35,completed,5.19
8428,1444,28,"Pork sausage roll,Pizza",2023-03-22,20:52:10,completed,13.4
8429,2127,10,Teriyaki Chicken donburi,2023-12-24,14:14:27,completed,7.75
8430,2844,25,"Chicken milanese,Califlower penne",2022-05-31,21:39:08,completed,9.8
8431,282,9,"Chicken wings,Caesar Salad,Cheeseburger,Philadelphia maki",2021-12-24,20:17:55,completed,25.06
8432,2911,30,"Caprese Salad,Linguine with clams",2025-03-30,17:00:22,completed,13.54
8433,406,16,Risotto with seafood,2022-03-22,16:35:12,completed,5.16
8434,565,4,"Lasagne,Fettuccine Alfredo",2024-06-16,18:58:18,completed,13.06
8435,1186,13,"Meatballs with sauce,Chicken Fajitas,Chicken wings",2025-09-19,07:45:30,pending,23.69
8436,1775,16,"Chilli con carne,Teriyaki Chicken donburi",2021-03-06,14:15:56,completed,10.56
8437,2578,28,"Scotch eggs,Meatballs with sauce",2022-12-03,22:54:06,completed,13.98
8438,2743,9,Chicken wings,2025-05-14,08:16:08,completed,7.49
8439,2850,18,Chicken wings,2023-07-19,19:15:22,completed,7.8
8440,84,19,"Salmon nigiri,Scotch eggs",2024-12-16,07:18:13,completed,11.92
8441,1860,5,"Meatballs with sauce,Pasta Carbonara",2024-02-11,11:13:32,completed,15.32
8442,1167,17,Bruschette with Tomato,2025-10-02,16:06:13,completed,6.16
8443,2413,10,"Cheeseburger,Pork sausage roll",2023-07-10,09:40:53,completed,14.31
8444,1444,7,Ricotta stuffed Ravioli,2023-02-07,10:10:23,completed,4.74
8445,2716,5,"Tuna sashimi,Barbecue Ribs",2021-08-12,15:57:54,completed,13.45
8446,358,29,"Ebiten maki,Tuna sashimi",2021-03-12,22:42:26,pending,14.11
8447,2219,2,"Chicken milanese,Vegetable Soup",2025-05-14,17:10:04,completed,16.05
8448,236,16,"Pizza,Chicken milanese",2023-05-02,22:14:03,completed,13.52
8449,2423,26,Caesar Salad,2021-09-19,21:24:06,pending,6.13
8450,2024,11,"Ebiten maki,Tuna sashimi,Ebiten maki,Pork sausage roll",2022-05-18,10:44:08,completed,21.09
8451,702,1,Salmon nigiri,2023-01-27,21:49:34,completed,7.65
8452,690,2,"Mushroom Risotto,Chicken milanese,Fettuccine Alfredo,Scotch eggs",2020-04-28,18:23:17,completed,25.85
8453,1841,4,Tiramisù,2020-03-20,14:06:59,pending,5.16
8454,2393,15,Teriyaki Chicken donburi,2022-02-10,10:43:25,completed,5.36
8455,2611,12,Meatballs with sauce,2024-01-05,11:06:15,completed,7.55
8456,2603,20,"Scotch eggs,French fries with sausages",2021-06-27,16:36:44,completed,10.2
8457,2320,1,"Fettuccine Alfredo,Pasta and Beans,Chicken Fajitas",2024-08-14,14:35:10,completed,19.26
8458,1767,4,Chicken wings,2025-01-03,06:05:27,completed,4.24
8459,515,4,Chicken wings,2021-12-07,17:49:03,pending,4.03
8460,556,18,Chicken Fajitas,2020-06-07,18:14:18,completed,6.4
8461,2031,21,Chicken Fajitas,2021-02-10,08:03:17,completed,7.44
8462,1763,19,"Pappardelle alla Bolognese,Ricotta stuffed Ravioli",2020-11-09,08:47:43,pending,11.27
8463,2660,8,Linguine with clams,2023-03-21,12:07:12,cancelled,7.93
8464,1610,16,Scotch eggs,2021-12-15,19:09:43,completed,8.82
8465,2994,22,"Linguine with clams,Fish and chips",2024-06-19,21:31:41,completed,12.01
8466,1809,19,"Bruschette with Tomato,Bruschette with Tomato,Risotto with seafood",2024-10-08,10:34:01,completed,16.09
8467,2479,12,"Souvlaki,Teriyaki Chicken donburi,Caesar Salad,Bruschette with Tomato",2021-12-18,16:32:12,completed,26.76
8468,972,27,Pasta Carbonara,2023-11-10,17:50:27,completed,7.59
8469,1573,1,Pork belly buns,2023-01-16,12:35:43,cancelled,6.74
8470,2759,23,"Fettuccine Alfredo,Chicken milanese",2021-10-24,08:55:51,completed,14.25
8471,856,1,French fries with sausages,2022-12-25,10:49:11,completed,4.12
8472,603,10,"Pizza,Ebiten maki,Tiramisù",2020-12-28,07:58:55,completed,20.4
8473,2008,11,"Pork sausage roll,French fries with sausages",2022-05-05,20:28:50,completed,12.6
8474,1511,14,Fish and chips,2020-02-06,18:15:53,pending,8.69
8475,2446,2,Califlower penne,2023-08-14,11:13:49,completed,5.94
8476,2950,26,Pasta and Beans,2023-01-11,19:10:34,completed,5.97
8477,47,16,Chicken Fajitas,2025-08-26,21:34:28,completed,4.32
8478,257,1,Pasta and Beans,2023-10-05,14:31:35,completed,4.77
8479,2293,27,Scotch eggs,2020-01-29,15:53:48,completed,6.0
8480,1887,20,"California maki,Pasta and Beans",2022-01-09,20:16:16,cancelled,16.5
8481,481,4,"California maki,Souvlaki",2022-05-27,12:17:14,completed,12.22
8482,2245,17,Pappardelle alla Bolognese,2020-08-22,06:28:49,completed,5.93
8483,2042,20,"Lasagne,Tuna sashimi,Tiramisù,Fettuccine Alfredo,Pasta and Beans",2024-11-25,19:32:49,completed,30.96
8484,724,8,"Mushroom Risotto,Tuna sashimi,Meatballs with sauce",2020-10-07,08:08:29,completed,21.75
8485,807,23,"Caesar Salad,Chilli con carne,Philadelphia maki",2021-01-01,19:45:10,completed,16.31
8486,750,19,"Philadelphia maki,Vegetable Soup,Pappardelle alla Bolognese,Cheeseburger,Meatballs with sauce",2022-10-30,20:44:09,pending,33.82
8487,2832,29,Pasta and Beans,2023-03-29,14:00:52,pending,5.97
8488,2121,15,Fettuccine Alfredo,2023-06-18,16:31:28,completed,7.72
8489,1807,22,"Pappardelle alla Bolognese,California maki,Linguine with clams",2020-11-09,17:08:23,completed,16.48
8490,2994,15,Philadelphia maki,2020-08-18,14:14:32,completed,7.3
8491,2193,2,Tuna sashimi,2022-10-31,10:05:24,completed,4.34
8492,1958,3,"Pork sausage roll,Caesar Salad",2024-02-15,18:11:49,completed,13.53
8493,2724,15,"Mushroom Risotto,Cheeseburger",2023-02-15,19:51:23,completed,9.04
8494,2683,22,Pork belly buns,2023-11-14,12:26:03,cancelled,6.21
8495,2991,29,Pasta Carbonara,2023-04-10,20:18:10,completed,6.3
8496,1440,2,"Scotch eggs,Scotch eggs,Linguine with clams",2025-07-26,07:11:50,completed,15.43
8497,1314,15,Cheeseburger,2022-11-19,13:54:32,completed,5.76
8498,744,12,Chicken wings,2025-04-10,20:02:49,completed,8.8
8499,2546,12,"Risotto with seafood,Barbecue Ribs",2023-12-23,14:18:16,completed,15.04
8500,2822,14,Tiramisù,2022-12-08,20:11:44,completed,8.02
8501,985,11,"Caesar Salad,Pizza,Philadelphia maki",2025-08-24,18:16:09,completed,21.92
8502,2834,11,"Pork sausage roll,Califlower penne,Pork belly buns",2022-02-02,12:34:10,cancelled,19.39
8503,1730,10,Ricotta stuffed Ravioli,2022-09-19,18:58:15,completed,7.54
8504,640,1,Souvlaki,2022-06-12,09:24:30,completed,4.36
8505,287,25,"Katsu Curry,Mushroom Risotto,Pork sausage roll",2022-12-10,06:30:40,completed,24.98
8506,2727,10,"Cheeseburger,Pizza",2023-07-30,09:41:23,completed,12.35
8507,1656,10,Cheeseburger,2023-09-13,15:41:15,completed,4.15
8508,1051,2,Tiramisù,2022-09-19,17:33:48,completed,4.87
8509,2049,23,Fettuccine Alfredo,2021-01-17,06:39:55,pending,8.04
8510,1940,13,Pasta with Tomato and Basil,2021-07-30,14:08:28,pending,8.86
8511,1139,13,"Philadelphia maki,Ricotta stuffed Ravioli,Teriyaki Chicken donburi,Caprese Salad",2020-05-16,10:01:51,cancelled,25.96
8512,2238,27,Tiramisù,2020-12-30,17:33:07,pending,7.18
8513,961,14,"Caprese Salad,Chicken Fajitas,Barbecue Ribs,Lasagne",2025-05-29,14:47:37,completed,21.01
8514,1080,17,Cheeseburger,2021-06-18,13:05:48,completed,6.46
8515,1882,9,Chicken Fajitas,2021-01-08,15:56:02,completed,5.16
8516,1818,17,"Pasta Carbonara,Pasta Carbonara,Bruschette with Tomato",2024-02-15,20:06:23,completed,19.53
8517,1122,21,"Chicken wings,Vegetable Soup,Pasta with Tomato and Basil,Pork sausage roll",2024-07-03,11:50:39,completed,22.79
8518,2525,18,"Mushroom Risotto,Teriyaki Chicken donburi",2022-06-14,18:51:15,completed,12.11
8519,767,13,Philadelphia maki,2022-02-24,13:52:59,completed,7.95
8520,2400,17,Mushroom Risotto,2023-06-17,07:57:08,completed,6.32
8521,531,14,Teriyaki Chicken donburi,2020-11-02,20:02:09,completed,6.21
8522,1979,2,"Lasagne,Califlower penne,California maki",2024-05-07,08:46:36,completed,21.34
8523,422,2,Scotch eggs,2023-07-14,10:40:47,completed,8.98
8524,811,23,Salmon nigiri,2023-12-27,09:17:24,pending,7.53
8525,521,3,"Pappardelle alla Bolognese,Cheeseburger",2020-02-01,07:21:19,completed,15.48
8526,389,30,Bruschette with Tomato,2022-02-10,10:38:00,pending,7.95
8527,75,4,Califlower penne,2022-03-25,17:50:03,pending,6.17
8528,1877,3,"Chicken Fajitas,Chicken wings",2024-05-02,16:46:00,completed,15.04
8529,1503,13,"Risotto with seafood,Pasta Carbonara,Risotto with seafood,Ricotta stuffed Ravioli",2023-07-04,11:53:35,completed,20.31
8530,443,26,"Souvlaki,Fettuccine Alfredo,Fish and chips,Ricotta stuffed Ravioli",2021-03-16,19:17:24,completed,25.36
8531,2208,6,Pasta Carbonara,2021-01-25,11:27:04,completed,4.82
8532,472,20,Salmon nigiri,2021-01-20,16:34:25,completed,7.83
8533,1606,23,"Pappardelle alla Bolognese,Meatballs with sauce,Lasagne",2025-02-10,16:30:25,completed,25.54
8534,2499,2,"Teriyaki Chicken donburi,Cheeseburger,Chilli con carne",2021-12-08,12:35:36,completed,18.17
8535,1884,27,"Ebiten maki,Lasagne,French fries with sausages,Tuna sashimi",2021-06-23,21:36:31,completed,23.84
8536,321,2,Vegetable Soup,2021-05-09,11:46:15,completed,6.34
8537,2325,18,"Pasta Carbonara,Pasta Carbonara,Linguine with clams",2021-02-05,11:41:32,pending,21.08
8538,416,9,"Barbecue Ribs,Califlower penne,Pasta and Beans",2023-10-18,19:26:33,completed,20.68
8539,530,7,"Chilli con carne,Mushroom Risotto",2021-09-10,19:00:32,completed,14.73
8540,2411,2,Salmon nigiri,2020-01-15,22:16:04,pending,5.15
8541,241,17,Pasta with Tomato and Basil,2024-02-02,14:36:44,completed,7.83
8542,697,14,Caprese Salad,2024-01-04,16:02:59,cancelled,7.12
8543,282,17,Pizza,2024-03-19,14:01:21,completed,6.35
8544,2346,6,"Tiramisù,Lasagne",2021-06-11,10:18:20,completed,9.37
8545,2184,12,"Philadelphia maki,Pasta Carbonara",2023-06-08,13:15:13,completed,15.39
8546,1886,20,Teriyaki Chicken donburi,2021-09-21,11:30:28,completed,6.29
8547,1851,6,Pasta with Tomato and Basil,2025-08-28,10:26:49,completed,8.35
8548,1685,4,"Pasta with Tomato and Basil,Caesar Salad,Chicken Fajitas,Chilli con carne",2022-04-24,21:50:10,completed,24.21
8549,1617,7,Caesar Salad,2021-01-08,17:03:27,cancelled,4.71
8550,530,10,"Philadelphia maki,Pork belly buns",2022-10-27,20:29:01,cancelled,13.53
8551,2230,11,"Fish and chips,Fish and chips",2023-01-27,14:58:00,completed,13.04
8552,99,5,"Ebiten maki,Linguine with clams",2023-02-20,17:05:00,completed,11.67
8553,2010,18,Califlower penne,2024-12-30,16:38:37,completed,7.37
8554,2679,11,Pappardelle alla Bolognese,2020-03-27,22:51:59,completed,4.77
8555,874,19,"California maki,Chilli con carne,Teriyaki Chicken donburi,Fettuccine Alfredo",2021-09-18,13:15:15,completed,26.47
8556,666,5,"Lasagne,Chicken wings,Pasta Carbonara,Mushroom Risotto",2021-08-15,13:03:54,completed,19.94
8557,2939,7,"Lasagne,Lasagne,Caesar Salad,Tiramisù",2022-09-25,10:43:18,completed,26.46
8558,2625,9,"Chicken wings,Fish and chips,Pizza,Pasta Carbonara,French fries with sausages",2024-07-17,07:59:51,completed,32.61
8559,1466,26,Risotto with seafood,2023-01-31,20:52:38,completed,7.91
8560,1601,9,"Ricotta stuffed Ravioli,Chilli con carne,Tiramisù,Cheeseburger,French fries with sausages",2025-01-22,08:32:15,completed,30.25
8561,2509,7,Pasta and Beans,2022-01-18,11:10:30,completed,7.07
8562,26,25,"Linguine with clams,Meatballs with sauce",2021-12-07,21:57:46,completed,14.21
8563,1921,29,Risotto with seafood,2020-04-25,10:46:52,completed,5.41
8564,466,17,"Cheeseburger,Salmon nigiri",2022-03-19,06:01:20,pending,12.23
8565,1269,10,"Caprese Salad,Lasagne,Chicken wings",2025-07-04,12:04:29,completed,18.71
8566,346,21,Chicken wings,2020-01-16,13:25:29,cancelled,4.0
8567,86,22,"Pork belly buns,Bruschette with Tomato",2023-02-21,18:59:48,completed,13.31
8568,410,27,Chicken milanese,2020-08-29,16:25:06,completed,7.05
8569,1121,20,"Bruschette with Tomato,Katsu Curry,Pork sausage roll,Pasta with Tomato and Basil,Mushroom Risotto",2024-10-26,06:04:20,completed,37.14
8570,2074,1,Chicken wings,2025-05-07,10:21:59,completed,6.65
8571,906,12,California maki,2024-07-22,21:53:23,completed,6.2
8572,2240,5,"Salmon nigiri,Califlower penne",2020-09-14,08:42:15,completed,11.25
8573,41,7,"Katsu Curry,Bruschette with Tomato,Risotto with seafood,California maki",2022-04-13,20:41:08,completed,28.1
8574,1698,6,Tiramisù,2020-12-18,21:07:26,pending,4.71
8575,754,17,Bruschette with Tomato,2025-09-04,08:15:28,completed,4.44
8576,2453,18,"Teriyaki Chicken donburi,Pork sausage roll,Teriyaki Chicken donburi,Bruschette with Tomato,Cheeseburger",2022-12-13,16:30:42,completed,28.67
8577,1963,26,Vegetable Soup,2024-11-09,12:32:58,completed,6.16
8578,1706,24,"Salmon nigiri,Salmon nigiri,Fettuccine Alfredo",2021-10-12,18:18:45,completed,22.01
8579,358,28,Ebiten maki,2024-09-08,09:10:15,completed,5.88
8580,2659,17,Katsu Curry,2021-08-04,09:46:14,completed,8.49
8581,1570,26,"Salmon nigiri,Fettuccine Alfredo",2023-08-28,15:10:25,completed,9.05
8582,60,27,French fries with sausages,2022-04-01,11:22:15,completed,4.76
8583,2167,14,Fish and chips,2022-04-02,18:51:18,completed,7.07
8584,2421,23,"Meatballs with sauce,Souvlaki",2022-11-07,12:09:39,pending,14.64
8585,2985,30,Pasta and Beans,2022-01-14,20:01:12,completed,6.26
8586,2577,3,Pork belly buns,2025-04-09,12:33:43,completed,5.04
8587,2889,15,Risotto with seafood,2024-05-04,07:06:28,completed,8.19
8588,807,8,Pizza,2022-07-24,15:57:02,completed,4.48
8589,2782,15,"Fish and chips,Philadelphia maki,Linguine with clams,Salmon nigiri",2025-07-21,14:11:30,completed,27.57
8590,2487,4,Barbecue Ribs,2020-11-28,15:40:13,pending,5.16
8591,2977,9,"Pork belly buns,Cheeseburger",2020-04-13,15:14:07,completed,12.65
8592,1235,4,Scotch eggs,2023-08-20,14:04:18,completed,4.16
8593,2326,20,Meatballs with sauce,2020-08-06,18:04:05,completed,6.05
8594,326,8,Chicken milanese,2021-12-16,10:22:43,completed,5.75
8595,1500,23,Mushroom Risotto,2021-12-13,10:01:22,completed,6.86
8596,139,9,"Pasta with Tomato and Basil,Cheeseburger,Linguine with clams",2022-04-16,07:52:05,completed,22.07
8597,1219,27,"Cheeseburger,Barbecue Ribs",2024-08-01,19:35:50,completed,11.94
8598,1036,26,Philadelphia maki,2020-09-05,17:18:05,completed,6.06
8599,2126,11,"Pizza,Pasta Carbonara",2023-03-18,15:47:48,completed,15.02
8600,568,15,Souvlaki,2023-10-11,15:53:02,completed,4.34
8601,2605,16,Pappardelle alla Bolognese,2023-08-26,11:04:08,pending,8.53
8602,954,15,"Chilli con carne,Pasta Carbonara",2025-04-14,09:13:36,cancelled,14.89
8603,1884,14,Linguine with clams,2020-11-29,10:30:19,completed,6.81
8604,1426,12,"Tuna sashimi,Scotch eggs,Teriyaki Chicken donburi",2023-10-10,21:38:09,completed,17.3
8605,1453,27,Caprese Salad,2022-10-21,15:34:45,completed,8.09
8606,1334,19,Meatballs with sauce,2020-11-11,18:30:37,completed,7.78
8607,2970,20,"Linguine with clams,Vegetable Soup",2025-07-17,09:46:04,completed,11.58
8608,2510,14,"Meatballs with sauce,Scotch eggs",2023-03-21,17:46:49,completed,14.25
8609,2055,26,Souvlaki,2025-02-06,09:20:01,completed,5.75
8610,2749,4,"Pizza,Tiramisù",2024-07-06,08:03:53,completed,11.92
8611,19,6,Souvlaki,2024-01-31,18:50:16,completed,6.16
8612,1118,29,Ebiten maki,2024-09-11,15:39:15,completed,8.25
8613,201,9,"Pasta and Beans,Fettuccine Alfredo,Pasta Carbonara",2020-11-28,08:34:42,completed,20.27
8614,1551,13,"Bruschette with Tomato,Fettuccine Alfredo,Lasagne",2021-01-05,17:44:52,completed,17.0
8615,1332,21,"Cheeseburger,Chicken milanese,Pork sausage roll",2022-02-14,22:58:45,completed,19.0
8616,997,18,Bruschette with Tomato,2022-10-01,10:27:45,completed,8.23
8617,2627,1,"Teriyaki Chicken donburi,Ebiten maki,Pasta Carbonara,Pork belly buns,Fettuccine Alfredo",2021-08-24,10:56:41,completed,31.65
8618,2534,9,"Pork sausage roll,Salmon nigiri,Fish and chips",2023-10-08,07:19:33,completed,17.77
8619,2699,25,Salmon nigiri,2022-05-09,11:24:32,completed,4.94
8620,1434,29,Chicken wings,2024-09-14,17:29:15,completed,5.3
8621,2022,19,Chicken Fajitas,2023-10-20,20:58:26,completed,8.45
8622,162,15,"Pasta Carbonara,French fries with sausages,Lasagne,Linguine with clams",2024-06-28,14:02:10,completed,24.35
8623,2513,26,Bruschette with Tomato,2022-12-22,21:29:52,cancelled,4.16
8624,2938,11,"Tuna sashimi,Cheeseburger,Pasta and Beans,Souvlaki,Ricotta stuffed Ravioli",2023-01-06,20:02:28,completed,34.42
8625,1371,9,Philadelphia maki,2020-06-13,10:09:47,completed,8.57
8626,1360,29,French fries with sausages,2024-04-20,06:29:31,completed,5.01
8627,824,16,"Lasagne,Pasta Carbonara",2021-04-15,11:10:11,completed,14.82
8628,779,20,Fish and chips,2024-04-25,07:53:15,completed,8.37
8629,1119,14,"Chicken milanese,Souvlaki",2020-08-08,14:16:32,completed,15.36
8630,2269,28,"California maki,Lasagne,Caesar Salad",2022-02-14,15:46:01,completed,18.25
8631,319,6,Fettuccine Alfredo,2023-09-07,09:50:16,completed,4.39
8632,2314,4,"Vegetable Soup,Fish and chips,French fries with sausages,Pasta with Tomato and Basil",2024-11-21,10:22:21,completed,26.54
8633,903,15,"Tiramisù,Bruschette with Tomato",2022-04-12,14:47:53,completed,16.86
8634,1735,11,"Katsu Curry,Risotto with seafood,Philadelphia maki,California maki",2025-01-18,07:28:11,pending,22.5
8635,2344,28,Salmon nigiri,2023-01-04,11:50:55,completed,5.88
8636,2624,26,"Fettuccine Alfredo,Tuna sashimi",2020-07-28,13:00:53,completed,9.56
8637,2059,22,Pasta with Tomato and Basil,2020-09-19,21:47:57,completed,6.89
8638,2131,24,Katsu Curry,2021-06-18,06:16:03,completed,7.71
8639,2694,29,"Fish and chips,Pork sausage roll,Bruschette with Tomato,Risotto with seafood",2024-06-18,22:19:15,completed,26.63
8640,1170,9,Fish and chips,2020-05-17,06:13:12,completed,4.59
8641,1823,19,"Caesar Salad,Ricotta stuffed Ravioli",2023-10-18,10:08:42,pending,11.75
8642,2800,1,"Teriyaki Chicken donburi,Chicken milanese,Chicken milanese,Lasagne,Pasta and Beans",2022-01-23,21:52:25,completed,34.39
8643,2046,7,"Linguine with clams,Cheeseburger",2024-07-22,12:39:04,completed,13.07
8644,1350,13,Meatballs with sauce,2025-01-23,07:09:50,completed,5.67
8645,389,29,"Pasta with Tomato and Basil,Pasta and Beans,Caesar Salad",2020-11-25,14:19:47,completed,19.02
8646,1829,9,"Scotch eggs,Souvlaki,California maki",2022-04-08,22:13:01,completed,18.13
8647,930,24,"Barbecue Ribs,Fettuccine Alfredo,Pizza,Pizza,Katsu Curry",2021-06-10,17:04:16,pending,35.87
8648,48,30,Chilli con carne,2022-01-26,19:38:39,completed,4.68
8649,2965,27,"Pasta with Tomato and Basil,Salmon nigiri,Meatballs with sauce",2022-03-10,19:26:13,completed,17.99
8650,2340,30,"Chicken Fajitas,Bruschette with Tomato",2020-05-17,12:28:28,completed,9.39
8651,128,11,"Pizza,Risotto with seafood",2025-08-15,17:50:36,completed,10.95
8652,1316,1,Ricotta stuffed Ravioli,2024-12-19,19:30:08,pending,8.26
8653,1305,21,"Pasta Carbonara,Pappardelle alla Bolognese,Tuna sashimi",2023-04-13,11:36:55,completed,17.14
8654,2933,16,"Meatballs with sauce,Caesar Salad,Ricotta stuffed Ravioli",2025-07-06,07:00:40,completed,20.05
8655,91,21,Caprese Salad,2020-05-01,08:37:24,pending,4.19
8656,904,12,"Katsu Curry,Bruschette with Tomato",2021-09-25,17:18:55,completed,11.07
8657,147,24,Pizza,2024-09-27,09:54:43,pending,4.97
8658,1957,19,Chilli con carne,2021-07-11,13:22:52,completed,6.72
8659,2910,3,Chilli con carne,2021-03-29,21:29:20,completed,8.98
8660,2048,26,"Ricotta stuffed Ravioli,Fish and chips,Caprese Salad",2024-11-11,07:08:34,completed,15.7
8661,1037,3,"Pizza,Pizza",2020-04-07,16:05:25,completed,17.16
8662,2998,12,"Souvlaki,Katsu Curry",2024-11-26,19:47:08,completed,15.64
8663,138,14,"Pasta and Beans,Salmon nigiri,Pork sausage roll",2020-01-12,06:25:24,pending,18.42
8664,2100,19,Tiramisù,2021-01-04,16:04:38,completed,8.97
8665,2506,5,"Ricotta stuffed Ravioli,Souvlaki",2025-07-05,13:25:15,completed,14.97
8666,602,9,Souvlaki,2022-03-28,20:44:37,completed,4.66
8667,723,25,"Pork belly buns,Pasta with Tomato and Basil,Scotch eggs,Vegetable Soup",2024-08-04,08:12:14,completed,22.35
8668,2912,24,Pizza,2023-11-11,19:07:19,completed,4.68
8669,1083,23,Fettuccine Alfredo,2020-11-10,19:17:37,completed,5.25
8670,2769,23,"Pappardelle alla Bolognese,Philadelphia maki",2020-09-26,06:21:06,completed,12.97
8671,1602,26,Fish and chips,2022-11-07,21:55:18,completed,7.27
8672,784,16,"Souvlaki,Califlower penne,Meatballs with sauce,Pasta and Beans",2021-09-15,14:07:39,completed,24.27
8673,1234,18,Ebiten maki,2025-04-22,10:47:04,completed,4.16
8674,1562,11,Pork belly buns,2023-05-28,16:18:03,pending,5.74
8675,2462,12,"Chicken wings,Ricotta stuffed Ravioli",2025-07-11,14:32:42,pending,11.59
8676,1649,24,Katsu Curry,2023-06-24,11:37:12,completed,4.87
8677,1544,10,"Teriyaki Chicken donburi,Tuna sashimi,Ebiten maki",2020-01-02,09:29:02,completed,21.39
8678,625,18,Cheeseburger,2021-07-08,17:36:05,completed,4.08
8679,1306,5,"Linguine with clams,Philadelphia maki,Chicken milanese,Pappardelle alla Bolognese,Salmon nigiri",2022-12-31,20:34:25,completed,31.89
8680,159,17,French fries with sausages,2020-07-28,20:45:07,completed,4.42
8681,70,21,Katsu Curry,2021-09-28,22:32:39,pending,8.18
8682,2498,14,Cheeseburger,2022-12-11,14:58:28,completed,5.96
8683,1036,6,Teriyaki Chicken donburi,2023-04-20,19:32:32,pending,6.01
8684,792,25,"Chilli con carne,California maki",2022-06-26,08:43:06,completed,15.68
8685,503,27,"Katsu Curry,Chicken wings",2023-01-26,22:04:19,completed,17.66
8686,1768,17,Salmon nigiri,2021-01-15,12:50:29,completed,8.78
8687,2247,1,Teriyaki Chicken donburi,2020-02-25,16:55:38,completed,4.06
8688,1910,14,"Teriyaki Chicken donburi,Pasta and Beans,Fish and chips,Pasta and Beans",2022-12-17,06:15:21,completed,28.17
8689,461,27,"Salmon nigiri,Pork belly buns,Linguine with clams",2021-06-12,07:50:50,completed,17.23
8690,1710,5,"Tiramisù,Mushroom Risotto,Meatballs with sauce,Chicken Fajitas,Scotch eggs",2022-09-13,22:03:42,completed,33.0
8691,1619,25,Pizza,2021-03-22,16:40:52,completed,4.28
8692,1961,13,"California maki,Bruschette with Tomato",2022-08-12,18:43:57,completed,11.17
8693,25,23,"Ricotta stuffed Ravioli,Pizza,Pappardelle alla Bolognese,Ebiten maki",2021-07-03,15:02:04,completed,28.15
8694,1670,12,"Philadelphia maki,French fries with sausages,Chicken wings",2021-11-28,12:56:26,completed,23.18
8695,2397,22,Scotch eggs,2022-06-29,18:39:20,completed,6.25
8696,977,9,"Pasta Carbonara,Ebiten maki",2022-03-17,15:11:05,completed,14.13
8697,2689,20,Fettuccine Alfredo,2021-01-09,16:19:58,completed,6.11
8698,41,7,"Lasagne,Chicken wings",2024-07-15,06:52:11,completed,12.97
8699,309,16,Mushroom Risotto,2022-02-03,11:01:52,completed,4.13
8700,300,25,Pizza,2020-11-19,07:44:53,completed,4.22
8701,435,18,"Pasta Carbonara,Salmon nigiri,French fries with sausages,Lasagne",2020-03-07,17:12:26,completed,20.16
8702,1648,19,"Chicken wings,Pizza,Pork belly buns",2020-03-14,22:52:15,completed,19.48
8703,582,8,"Caprese Salad,Caesar Salad",2022-12-06,07:03:20,completed,11.69
8704,1437,28,Pappardelle alla Bolognese,2020-04-19,22:59:21,completed,4.07
8705,2705,16,"Pasta with Tomato and Basil,French fries with sausages",2024-09-18,13:53:40,completed,10.7
8706,2855,18,Cheeseburger,2025-09-30,13:06:24,completed,4.57
8707,2833,1,Chicken Fajitas,2021-10-06,10:35:07,pending,7.43
8708,2215,20,"Chicken Fajitas,Pizza",2021-01-14,15:21:24,completed,13.09
8709,1940,11,Meatballs with sauce,2024-11-10,15:42:06,completed,5.04
8710,1113,20,"Risotto with seafood,French fries with sausages",2024-08-26,21:42:01,completed,9.72
8711,2926,16,"California maki,Souvlaki,French fries with sausages,California maki",2024-11-03,09:58:55,completed,24.02
8712,1257,16,Philadelphia maki,2023-03-28,22:57:10,completed,4.68
8713,2236,16,Philadelphia maki,2020-01-17,11:19:27,completed,7.53
8714,2114,6,"Fettuccine Alfredo,Caprese Salad,Tuna sashimi",2021-02-19,11:55:08,completed,19.18
8715,2786,29,"Pappardelle alla Bolognese,Tuna sashimi",2022-04-21,16:53:12,completed,12.69
8716,2100,29,"Vegetable Soup,California maki,Philadelphia maki",2024-02-08,07:03:43,completed,22.97
8717,478,8,"Chicken Fajitas,Pork belly buns,Pizza,Lasagne",2023-08-19,08:42:17,completed,23.18
8718,342,16,"Salmon nigiri,Risotto with seafood,Pasta with Tomato and Basil,Salmon nigiri",2024-02-03,12:52:39,cancelled,22.77
8719,1095,26,Pizza,2022-11-28,22:15:23,pending,4.82
8720,1896,7,Cheeseburger,2025-04-06,12:48:56,pending,5.48
8721,2328,27,Pasta with Tomato and Basil,2023-02-04,19:38:38,completed,4.48
8722,2023,14,Pork belly buns,2020-05-01,16:23:18,completed,4.61
8723,194,8,Chicken wings,2024-01-28,14:02:40,completed,5.66
8724,2784,14,"Pasta Carbonara,French fries with sausages,Vegetable Soup",2024-10-13,06:10:32,completed,21.26
8725,1771,15,"Califlower penne,Salmon nigiri,California maki,Pasta with Tomato and Basil,Pork belly buns",2022-03-08,10:24:19,completed,35.15
8726,2669,6,Linguine with clams,2025-05-15,17:08:38,pending,4.65
8727,222,22,Ebiten maki,2023-08-04,18:16:11,completed,7.97
8728,2098,7,French fries with sausages,2023-01-26,16:37:01,pending,5.12
8729,2980,27,"Califlower penne,Fettuccine Alfredo,Teriyaki Chicken donburi",2023-01-30,10:56:06,completed,17.49
8730,2753,27,Chicken wings,2023-03-04,08:19:11,completed,4.98
8731,614,18,Caprese Salad,2025-01-11,08:28:22,completed,4.72
8732,527,10,Pasta and Beans,2024-07-09,14:48:47,completed,8.45
8733,2163,20,"Katsu Curry,Fettuccine Alfredo",2021-08-20,06:51:00,completed,13.63
8734,2688,27,"Ricotta stuffed Ravioli,Scotch eggs",2020-08-25,09:17:13,completed,15.03
8735,1129,24,"Pasta with Tomato and Basil,California maki",2022-11-24,13:03:16,completed,14.31
8736,693,5,Lasagne,2020-04-16,18:21:59,completed,8.35
8737,570,27,French fries with sausages,2025-06-10,12:27:23,completed,5.88
8738,1018,24,"Pasta and Beans,Scotch eggs,Fettuccine Alfredo",2023-05-30,08:44:16,completed,20.74
8739,622,15,Chicken Fajitas,2023-09-09,17:37:17,completed,4.69
8740,514,10,Fettuccine Alfredo,2021-05-12,07:52:44,completed,7.04
8741,1239,12,"Barbecue Ribs,Katsu Curry",2021-04-20,07:42:21,completed,12.99
8742,754,14,French fries with sausages,2024-08-07,18:50:17,completed,8.39
8743,619,23,Risotto with seafood,2020-02-23,09:47:48,completed,7.64
8744,638,4,"Pork sausage roll,Barbecue Ribs,Pork sausage roll,Chilli con carne,French fries with sausages",2022-06-19,17:29:52,completed,32.31
8745,713,11,"Pork sausage roll,Pizza",2021-07-11,17:22:18,completed,11.06
8746,2567,3,"Pizza,Katsu Curry,Ebiten maki",2024-06-20,21:16:52,completed,17.75
8747,2627,26,Fettuccine Alfredo,2021-02-13,11:27:01,completed,8.28
8748,867,11,"Fish and chips,Salmon nigiri,Pork belly buns",2020-01-06,09:07:42,pending,19.15
8749,134,24,Pasta Carbonara,2020-01-25,21:04:26,completed,6.12
8750,1971,9,Pizza,2021-12-02,10:06:16,completed,8.33
8751,1057,17,Chilli con carne,2024-05-27,07:16:36,completed,7.88
8752,1825,2,"Pappardelle alla Bolognese,Cheeseburger,French fries with sausages",2020-02-24,11:28:30,completed,20.31
8753,917,6,Chicken Fajitas,2020-11-22,10:10:28,completed,4.82
8754,312,20,"Chilli con carne,Teriyaki Chicken donburi",2020-02-11,12:19:30,completed,14.45
8755,562,19,"Lasagne,Pasta Carbonara",2023-06-12,10:04:46,completed,12.3
8756,1894,6,"Chicken wings,California maki,Chilli con carne",2020-12-11,12:41:58,completed,16.97
8757,2123,14,Chicken Fajitas,2021-08-14,10:26:09,pending,8.17
8758,1330,23,Pappardelle alla Bolognese,2022-06-15,18:40:24,completed,8.25
8759,988,2,"Pizza,Ebiten maki",2021-11-17,22:47:24,completed,13.76
8760,560,18,"Cheeseburger,Meatballs with sauce",2022-05-18,22:19:11,completed,11.57
8761,938,17,Pasta and Beans,2020-12-01,11:13:36,completed,8.91
8762,2806,29,"Lasagne,Scotch eggs",2022-03-16,15:15:17,completed,13.13
8763,1333,5,"Ricotta stuffed Ravioli,Scotch eggs",2022-11-17,13:20:02,completed,12.45
8764,1941,26,Barbecue Ribs,2020-05-30,09:58:53,completed,5.93
8765,869,15,Risotto with seafood,2024-10-04,11:28:18,completed,6.25
8766,1241,6,"Pork sausage roll,Pizza,Pappardelle alla Bolognese,Pasta with Tomato and Basil",2022-01-27,18:48:31,completed,29.48
8767,2197,9,Lasagne,2024-03-28,22:41:58,completed,8.78
8768,2962,4,Tuna sashimi,2021-06-19,08:48:31,completed,7.93
8769,741,17,Ebiten maki,2020-12-20,20:10:22,completed,7.71
8770,1249,28,"Pork belly buns,Katsu Curry",2020-09-14,06:33:45,completed,14.01
8771,1997,5,"Fish and chips,Califlower penne,Ricotta stuffed Ravioli,French fries with sausages",2021-07-22,17:06:49,completed,30.7
8772,173,1,French fries with sausages,2020-11-10,20:29:35,pending,7.23
8773,1132,4,Katsu Curry,2022-05-05,06:21:47,completed,6.86
8774,923,10,"Vegetable Soup,Pizza",2021-07-24,09:19:39,completed,8.68
8775,1548,2,Tuna sashimi,2020-05-06,13:07:10,completed,4.28
8776,712,27,"Souvlaki,Pasta with Tomato and Basil,California maki,Caesar Salad",2021-04-02,11:30:32,completed,24.89
8777,1100,21,"Chicken milanese,Pappardelle alla Bolognese,Vegetable Soup",2025-01-08,09:34:55,pending,22.27
8778,1435,16,"Tiramisù,Teriyaki Chicken donburi,Barbecue Ribs",2020-01-25,20:58:46,completed,18.52
8779,1562,28,Risotto with seafood,2022-04-30,13:52:45,pending,7.58
8780,540,14,Fettuccine Alfredo,2021-04-05,06:08:09,completed,7.54
8781,2511,14,"Tiramisù,Pasta Carbonara,Chilli con carne",2020-12-06,21:40:10,completed,20.43
8782,2854,15,Califlower penne,2021-02-23,20:26:09,completed,8.9
8783,1069,30,"Pork belly buns,Chicken wings",2025-01-01,21:30:24,completed,14.38
8784,2183,26,Fish and chips,2024-09-29,14:25:00,completed,5.1
8785,702,19,Caesar Salad,2025-06-28,06:38:30,pending,8.51
8786,1670,25,"Mushroom Risotto,Katsu Curry",2021-12-27,17:25:29,completed,14.67
8787,2672,22,Tiramisù,2024-01-20,16:41:32,pending,7.18
8788,572,2,"Fettuccine Alfredo,Caprese Salad",2023-04-30,10:09:22,completed,13.61
8789,869,15,"Souvlaki,Pappardelle alla Bolognese",2024-01-31,14:21:04,completed,9.01
8790,1239,28,Caprese Salad,2024-08-19,15:18:19,completed,8.35
8791,1777,1,Lasagne,2024-12-06,16:15:43,completed,8.76
8792,499,11,"Ebiten maki,Fettuccine Alfredo",2021-08-03,21:22:23,completed,11.1
8793,2454,27,"Pasta Carbonara,Pasta and Beans,Risotto with seafood",2021-02-07,19:29:33,completed,21.41
8794,1382,9,Cheeseburger,2021-11-21,19:13:42,completed,4.93
8795,1673,21,Califlower penne,2023-08-20,22:12:58,completed,4.94
8796,58,9,Lasagne,2022-05-26,21:04:04,completed,8.3
8797,2519,24,California maki,2023-09-07,07:03:52,pending,7.1
8798,2765,18,Salmon nigiri,2020-01-23,20:16:53,completed,5.71
8799,772,22,Pasta Carbonara,2025-05-19,11:13:56,pending,5.09
8800,2843,24,"Vegetable Soup,Risotto with seafood",2022-03-29,11:26:17,completed,16.02
8801,193,22,Ebiten maki,2025-02-17,15:57:19,completed,7.47
8802,1483,9,Scotch eggs,2024-04-12,11:19:18,completed,6.96
8803,1113,24,"Linguine with clams,Linguine with clams,Bruschette with Tomato,Pork belly buns,Pork belly buns",2020-12-11,17:49:42,completed,32.51
8804,254,3,"Lasagne,French fries with sausages,Linguine with clams",2020-07-26,17:30:49,completed,14.55
8805,2241,26,"Linguine with clams,Pappardelle alla Bolognese",2020-03-31,18:21:40,completed,14.39
8806,1980,4,"Pasta Carbonara,Mushroom Risotto",2022-07-17,21:02:01,completed,9.1
8807,1740,14,Tuna sashimi,2020-06-07,11:09:39,completed,6.7
8808,2286,26,Chicken Fajitas,2024-04-08,08:43:32,completed,4.58
8809,1240,30,Mushroom Risotto,2025-09-01,07:29:51,completed,6.0
8810,318,3,Fish and chips,2024-01-28,18:49:53,completed,7.36
8811,1451,29,Salmon nigiri,2023-07-26,07:30:08,cancelled,6.03
8812,1787,17,Pasta with Tomato and Basil,2024-12-13,12:15:50,completed,4.78
8813,2288,16,Tuna sashimi,2021-11-28,11:37:18,pending,7.75
8814,1943,20,Pasta with Tomato and Basil,2020-04-03,15:23:50,completed,5.34
8815,1116,26,Pasta with Tomato and Basil,2022-01-25,13:26:16,completed,8.83
8816,4,13,Pappardelle alla Bolognese,2020-10-23,08:45:51,pending,5.2
8817,2903,8,Ricotta stuffed Ravioli,2020-10-23,08:05:12,completed,4.68
8818,528,1,Lasagne,2021-02-27,21:15:46,pending,4.07
8819,1341,14,Chicken wings,2021-10-13,10:46:32,cancelled,7.93
8820,1003,19,Ebiten maki,2025-03-04,20:12:58,completed,7.93
8821,2578,12,"Cheeseburger,Pappardelle alla Bolognese,Chicken wings,Califlower penne,Pasta Carbonara",2024-11-28,21:50:59,completed,28.97
8822,1638,9,Caesar Salad,2021-08-01,18:41:19,completed,8.33
8823,641,21,Barbecue Ribs,2023-05-30,20:34:46,completed,4.73
8824,371,6,Linguine with clams,2022-11-14,13:36:57,completed,4.38
8825,1770,18,Barbecue Ribs,2022-07-27,18:34:43,pending,4.14
8826,963,14,"Katsu Curry,French fries with sausages",2024-01-18,10:24:29,completed,11.95
8827,1509,1,"Meatballs with sauce,Philadelphia maki,Pork belly buns",2022-12-26,19:31:15,completed,22.39
8828,1318,19,Meatballs with sauce,2025-04-01,07:50:48,completed,6.81
8829,1911,20,Pasta and Beans,2025-01-27,20:16:57,pending,7.05
8830,1004,11,Bruschette with Tomato,2020-02-04,19:56:31,completed,7.99
8831,465,25,Salmon nigiri,2025-06-05,12:49:04,completed,8.84
8832,1433,1,"Pizza,Barbecue Ribs,French fries with sausages,Lasagne",2020-09-07,07:39:05,completed,29.18
8833,1145,17,Souvlaki,2023-02-09,17:35:55,completed,6.49
8834,494,17,"Fish and chips,Pasta with Tomato and Basil,Cheeseburger",2023-05-15,22:37:54,completed,17.77
8835,2307,21,California maki,2021-03-30,16:14:50,pending,7.52
8836,1943,26,Pasta with Tomato and Basil,2023-02-28,12:23:31,completed,4.22
8837,690,27,Risotto with seafood,2022-11-01,06:08:55,completed,4.09
8838,1588,4,"Fish and chips,Philadelphia maki,Ebiten maki,Lasagne",2022-08-12,10:15:54,completed,27.25
8839,1295,27,Fettuccine Alfredo,2021-02-19,18:11:25,completed,4.58
8840,2085,28,Chicken Fajitas,2023-07-26,17:47:32,completed,5.57
8841,318,26,"Califlower penne,Katsu Curry,Pappardelle alla Bolognese,Meatballs with sauce,Chilli con carne",2024-02-05,19:15:26,cancelled,32.6
8842,617,14,"French fries with sausages,Tiramisù",2023-10-28,14:14:03,completed,10.95
8843,2780,22,"Souvlaki,Risotto with seafood,French fries with sausages,California maki",2022-10-14,21:53:37,pending,19.72
8844,268,26,"Caprese Salad,Pasta and Beans,Lasagne,Pasta Carbonara",2022-03-26,11:26:13,completed,19.72
8845,1583,18,"Vegetable Soup,Tiramisù",2021-10-11,21:44:28,completed,15.72
8846,25,23,"Barbecue Ribs,Risotto with seafood,Caesar Salad,Califlower penne,Pappardelle alla Bolognese",2024-05-16,21:36:48,completed,32.31
8847,100,21,Tiramisù,2020-08-29,18:21:35,completed,7.24
8848,240,23,"Cheeseburger,Scotch eggs",2020-11-19,09:05:12,completed,10.64
8849,208,13,Vegetable Soup,2021-09-15,09:28:20,completed,6.18
8850,1520,10,"Lasagne,Teriyaki Chicken donburi",2024-09-20,22:13:38,completed,13.35
8851,320,10,"Barbecue Ribs,Mushroom Risotto,Ricotta stuffed Ravioli,Pasta with Tomato and Basil",2024-05-08,09:07:40,completed,25.6
8852,769,12,"Salmon nigiri,California maki",2024-04-18,13:51:44,completed,13.36
8853,2001,24,"Philadelphia maki,Risotto with seafood",2022-07-01,18:02:23,pending,13.9
8854,2693,1,"Califlower penne,Pork belly buns",2020-04-16,22:57:49,cancelled,11.15
8855,663,6,Mushroom Risotto,2020-10-03,21:30:51,completed,8.73
8856,1510,6,"Cheeseburger,Meatballs with sauce,Pork belly buns",2025-07-06,11:13:07,completed,25.14
8857,950,28,"Chicken Fajitas,Fettuccine Alfredo,Pizza",2023-05-19,10:02:26,pending,24.59
8858,2436,8,"Chilli con carne,French fries with sausages",2024-12-18,15:35:47,completed,9.24
8859,811,9,"Tuna sashimi,Chicken milanese",2024-08-02,19:38:48,completed,10.05
8860,2937,8,"Vegetable Soup,Pasta with Tomato and Basil",2021-01-16,20:51:45,completed,16.48
8861,1719,20,Cheeseburger,2020-07-16,22:46:39,cancelled,5.7
8862,2880,14,Mushroom Risotto,2022-11-14,18:32:00,completed,5.47
8863,938,26,"Mushroom Risotto,Linguine with clams,Scotch eggs,Tuna sashimi,Caprese Salad",2021-02-21,12:10:22,completed,31.4
8864,595,6,Bruschette with Tomato,2025-09-16,16:40:26,completed,6.06
8865,256,15,"Philadelphia maki,Pork sausage roll,Chilli con carne",2023-01-30,13:52:40,completed,19.11
8866,955,17,"Vegetable Soup,Califlower penne,Chilli con carne",2020-04-25,07:38:59,completed,22.81
8867,1331,2,"Barbecue Ribs,Pork belly buns,Califlower penne,Chilli con carne",2025-05-22,07:03:11,completed,25.26
8868,2126,14,Califlower penne,2022-01-23,19:46:07,completed,8.87
8869,1920,24,"Barbecue Ribs,Pork sausage roll,Caprese Salad,Pizza,Barbecue Ribs",2022-01-04,07:27:08,completed,34.63
8870,2449,28,"Chicken wings,Pasta with Tomato and Basil,Pork belly buns,Tiramisù",2022-11-03,16:55:42,completed,28.95
8871,2322,24,Tuna sashimi,2022-02-15,11:03:39,completed,6.83
8872,1759,8,"Scotch eggs,Pasta with Tomato and Basil",2025-02-14,21:29:05,completed,12.68
8873,1016,20,Tuna sashimi,2024-03-31,15:10:33,completed,6.37
8874,708,20,"Pasta and Beans,Scotch eggs,Vegetable Soup,Chilli con carne",2023-05-10,21:32:35,pending,24.37
8875,147,8,"French fries with sausages,Cheeseburger,Chicken wings",2024-01-29,10:31:41,pending,20.08
8876,2199,30,"Vegetable Soup,Pork belly buns,Salmon nigiri,Salmon nigiri,Scotch eggs",2022-04-04,12:37:24,completed,27.95
8877,2671,2,"Katsu Curry,Tiramisù,Ricotta stuffed Ravioli",2025-09-29,10:50:20,pending,23.6
8878,162,19,"Barbecue Ribs,Chicken milanese,Bruschette with Tomato",2024-03-22,07:05:45,completed,20.52
8879,2831,23,"Barbecue Ribs,Chicken milanese,Mushroom Risotto,Katsu Curry,Fettuccine Alfredo",2021-02-05,17:43:22,completed,34.45
8880,2736,22,Lasagne,2024-02-19,06:05:15,completed,5.03
8881,2762,8,Lasagne,2023-08-28,21:29:15,completed,7.67
8882,915,2,Chilli con carne,2024-06-28,21:18:36,completed,5.36
8883,2048,23,"Vegetable Soup,Pork belly buns",2023-02-24,22:54:22,completed,11.5
8884,2512,2,Lasagne,2021-04-17,20:52:11,completed,7.23
8885,1450,12,"Mushroom Risotto,Salmon nigiri,Souvlaki,Cheeseburger",2025-09-05,11:16:55,pending,29.06
8886,15,6,Chilli con carne,2025-05-26,06:13:52,completed,4.88
8887,1356,23,Teriyaki Chicken donburi,2024-08-21,18:38:24,completed,5.09
8888,2773,6,"Salmon nigiri,Pasta with Tomato and Basil",2022-01-16,13:13:29,completed,10.93
8889,773,27,"Chicken wings,Fish and chips,Cheeseburger",2020-07-12,20:20:15,completed,21.86
8890,805,16,"Fettuccine Alfredo,Chicken Fajitas",2021-04-06,19:19:39,completed,14.66
8891,1097,11,"Chicken Fajitas,Scotch eggs,Linguine with clams",2025-02-06,06:22:08,completed,17.82
8892,2359,11,Pasta Carbonara,2024-06-13,18:25:34,pending,8.29
8893,129,22,"Ricotta stuffed Ravioli,Tiramisù",2021-08-08,14:26:27,completed,11.34
8894,2692,21,Pasta Carbonara,2022-08-12,13:53:49,completed,5.99
8895,1086,1,Salmon nigiri,2024-02-19,14:29:11,completed,6.87
8896,1530,13,"Pasta with Tomato and Basil,Chicken Fajitas",2022-01-25,07:38:55,completed,14.15
8897,2962,30,Katsu Curry,2024-10-29,12:46:25,completed,7.02
8898,141,21,Katsu Curry,2021-03-08,21:23:05,completed,8.72
8899,2742,8,Cheeseburger,2024-03-16,06:22:18,completed,4.22
8900,1696,16,"Scotch eggs,Ebiten maki,Ebiten maki",2024-07-02,12:31:30,completed,21.82
8901,1835,4,Scotch eggs,2021-06-02,18:34:44,completed,6.06
8902,858,30,Chilli con carne,2020-01-27,15:05:16,pending,5.0
8903,2485,16,Ebiten maki,2023-07-10,19:20:21,completed,7.06
8904,628,29,"Souvlaki,Fettuccine Alfredo,Pasta with Tomato and Basil,Pizza",2020-03-17,21:45:00,completed,27.32
8905,830,3,Katsu Curry,2022-09-09,21:06:21,completed,5.7
8906,2421,4,"Pasta with Tomato and Basil,Tuna sashimi,Pasta Carbonara,Salmon nigiri",2022-09-26,06:18:01,completed,26.45
8907,2986,25,"Pizza,Vegetable Soup,Pasta and Beans,Chicken Fajitas",2022-06-08,21:26:54,completed,23.98
8908,1563,26,"Meatballs with sauce,Pork belly buns,Caesar Salad,Cheeseburger,Fettuccine Alfredo",2025-07-14,22:25:41,completed,33.95
8909,2353,8,"Pork belly buns,Barbecue Ribs,Ebiten maki,Pasta Carbonara,Califlower penne",2025-03-28,06:48:47,pending,29.78
8910,1774,14,Risotto with seafood,2023-11-27,16:46:45,completed,4.94
8911,336,14,Fish and chips,2023-11-15,13:42:51,pending,4.65
8912,2672,29,"Pasta with Tomato and Basil,Tiramisù",2021-08-11,10:02:24,completed,12.71
8913,1838,7,Tuna sashimi,2021-02-01,06:32:39,pending,6.83
8914,740,19,Lasagne,2022-09-25,07:16:02,completed,6.78
8915,1303,6,"Linguine with clams,French fries with sausages,Risotto with seafood,Meatballs with sauce",2025-04-29,07:57:41,completed,27.82
8916,1714,4,Chicken milanese,2024-07-06,15:12:29,completed,8.13
8917,1156,2,Chicken wings,2024-09-01,19:26:23,completed,5.42
8918,602,11,"Scotch eggs,Chicken Fajitas,Ricotta stuffed Ravioli",2020-07-26,19:28:11,completed,18.58
8919,1061,26,Caprese Salad,2025-07-07,12:23:51,completed,6.23
8920,1772,3,"Chicken wings,Pork sausage roll,Pasta Carbonara",2020-08-19,17:41:46,completed,22.55
8921,1140,14,Souvlaki,2025-09-14,10:55:12,completed,6.71
8922,1177,25,"Salmon nigiri,Mushroom Risotto,Chilli con carne,Salmon nigiri",2024-11-17,17:52:27,pending,24.37
8923,2793,1,Vegetable Soup,2022-05-14,11:48:26,pending,7.06
8924,372,8,"Bruschette with Tomato,Califlower penne,Pork sausage roll",2025-08-05,06:35:01,completed,23.43
8925,2334,29,Chicken Fajitas,2023-01-06,08:41:08,pending,4.94
8926,371,17,Pasta and Beans,2025-07-24,12:37:11,completed,5.51
8927,2780,11,Fettuccine Alfredo,2024-09-30,15:57:15,pending,7.06
8928,839,17,"Tiramisù,Chicken wings",2025-07-12,19:05:48,completed,13.33
8929,1343,8,Chicken milanese,2020-09-19,13:14:14,completed,7.58
8930,2777,2,Pasta with Tomato and Basil,2024-03-23,21:13:59,completed,7.56
8931,852,29,Pizza,2023-05-26,07:22:37,completed,8.64
8932,967,24,Scotch eggs,2022-07-23,10:34:11,cancelled,7.01
8933,402,8,Tuna sashimi,2021-11-30,16:55:07,completed,6.61
8934,458,24,"Vegetable Soup,French fries with sausages,Scotch eggs",2022-05-19,07:29:31,completed,18.13
8935,317,29,"Pappardelle alla Bolognese,Pork belly buns",2025-04-16,10:48:51,pending,16.51
8936,2832,14,Scotch eggs,2025-04-17,20:41:51,completed,8.28
8937,322,22,Pizza,2021-12-13,19:05:37,completed,8.83
8938,2880,25,"Mushroom Risotto,Califlower penne",2022-09-20,08:26:12,completed,11.43
8939,1354,14,"Caesar Salad,Ricotta stuffed Ravioli",2021-02-20,08:10:44,completed,11.02
8940,2984,7,"Pasta with Tomato and Basil,Pasta and Beans",2025-01-03,16:20:34,completed,15.58
8941,2484,13,"Teriyaki Chicken donburi,Pappardelle alla Bolognese",2020-05-30,20:11:58,completed,13.95
8942,1401,4,Pasta with Tomato and Basil,2022-05-08,12:34:22,completed,6.88
8943,1462,26,Chicken wings,2022-11-05,09:37:44,completed,6.35
8944,2620,22,Chicken Fajitas,2024-12-29,15:21:58,cancelled,8.61
8945,1704,7,Katsu Curry,2021-04-28,15:24:10,completed,6.87
8946,304,20,Risotto with seafood,2023-03-14,09:04:46,completed,8.01
8947,672,2,"Cheeseburger,Bruschette with Tomato",2024-09-17,15:58:11,completed,13.86
8948,2201,4,Pasta with Tomato and Basil,2024-02-09,06:29:41,completed,6.97
8949,2777,21,Souvlaki,2020-02-29,14:05:05,completed,4.02
8950,897,25,"Pappardelle alla Bolognese,Vegetable Soup,Chicken Fajitas,Chilli con carne",2022-09-14,15:51:59,pending,29.98
8951,126,5,"Pasta Carbonara,Ricotta stuffed Ravioli",2021-03-06,06:11:15,completed,14.63
8952,2567,21,Cheeseburger,2025-03-31,08:00:34,completed,8.61
8953,2047,24,"Risotto with seafood,Risotto with seafood,Teriyaki Chicken donburi",2023-12-12,13:47:02,completed,14.59
8954,1440,20,"Chicken milanese,Pork belly buns,Salmon nigiri",2020-02-29,07:59:31,cancelled,14.2
8955,2488,30,Pizza,2022-02-09,06:32:47,completed,5.96
8956,1561,14,Cheeseburger,2024-03-31,07:25:42,cancelled,6.38
8957,760,12,"Pasta and Beans,Pasta and Beans",2022-01-05,12:39:24,completed,13.02
8958,28,27,Chilli con carne,2024-01-31,12:05:15,completed,7.36
8959,688,3,"Linguine with clams,Chilli con carne,Pasta and Beans,Barbecue Ribs",2022-08-28,10:45:26,pending,17.99
8960,2869,16,"Risotto with seafood,Pasta Carbonara",2020-12-23,11:15:41,completed,12.41
8961,958,18,Caesar Salad,2023-02-20,17:57:48,completed,8.12
8962,609,18,Califlower penne,2025-01-10,13:18:47,completed,5.6
8963,921,24,Teriyaki Chicken donburi,2020-07-24,22:35:22,completed,5.89
8964,41,20,Pizza,2021-05-17,09:42:42,completed,5.52
8965,486,20,Califlower penne,2021-08-12,18:08:22,completed,6.4
8966,150,20,"Lasagne,Caesar Salad",2022-12-17,08:23:21,completed,13.15
8967,273,11,Fish and chips,2022-01-31,21:33:59,completed,8.94
8968,19,18,"French fries with sausages,Souvlaki",2022-10-25,12:08:50,completed,17.12
8969,2772,29,"Meatballs with sauce,Risotto with seafood,Pizza",2023-05-12,09:48:16,completed,18.73
8970,2702,8,Pasta and Beans,2023-08-01,09:53:37,completed,7.03
8971,2679,18,Caesar Salad,2024-09-03,22:03:04,completed,4.92
8972,1268,10,"Risotto with seafood,Caesar Salad",2021-07-24,12:48:47,completed,13.73
8973,2868,3,"Califlower penne,Pasta with Tomato and Basil",2020-02-06,15:35:50,cancelled,13.54
8974,866,19,Chicken Fajitas,2022-10-03,11:37:32,pending,6.89
8975,2642,28,"Pork sausage roll,Ricotta stuffed Ravioli,Cheeseburger,Scotch eggs",2021-05-22,19:26:04,cancelled,25.43
8976,1786,15,Chicken Fajitas,2020-03-24,06:41:46,completed,7.06
8977,2370,7,"Ricotta stuffed Ravioli,Pasta Carbonara,Pasta Carbonara",2024-01-12,07:14:11,completed,20.09
8978,1567,14,"Bruschette with Tomato,Pizza",2021-10-27,19:42:08,pending,13.53
8979,876,6,Vegetable Soup,2025-09-14,06:13:51,completed,7.56
8980,1644,13,Caprese Salad,2021-11-09,16:44:19,completed,4.92
8981,1019,16,"Teriyaki Chicken donburi,Tuna sashimi,Fettuccine Alfredo,Caprese Salad",2021-08-27,09:09:09,completed,29.88
8982,1619,3,Bruschette with Tomato,2025-03-08,07:37:05,completed,4.91
8983,1873,17,Fettuccine Alfredo,2025-02-02,21:20:15,completed,6.05
8984,1368,7,"Tuna sashimi,Pork sausage roll",2024-05-23,06:41:52,cancelled,15.02
8985,772,28,"Lasagne,Chicken Fajitas",2024-09-24,08:57:09,completed,13.03
8986,1948,21,"Tiramisù,Ebiten maki,Chilli con carne,Philadelphia maki",2025-09-29,09:25:57,completed,21.56
8987,2489,12,Chicken wings,2021-04-03,07:27:58,completed,5.05
8988,2778,11,"Chicken wings,Chilli con carne",2023-10-19,10:50:19,completed,13.12
8989,2432,11,"Meatballs with sauce,Ricotta stuffed Ravioli",2023-05-18,17:26:12,completed,10.98
8990,1944,18,Meatballs with sauce,2021-09-11,14:37:38,completed,8.93
8991,1858,29,Caprese Salad,2020-05-13,18:14:25,completed,4.88
8992,1525,24,Lasagne,2022-04-07,22:24:25,pending,7.37
8993,1098,21,Tuna sashimi,2023-07-03,21:01:09,completed,8.65
8994,402,25,"Meatballs with sauce,Meatballs with sauce",2023-11-22,08:37:58,completed,12.64
8995,1714,24,Pasta and Beans,2022-12-28,22:43:30,pending,5.87
8996,1543,9,"Califlower penne,Chicken wings,Fettuccine Alfredo",2023-07-06,15:54:49,pending,21.13
8997,2199,3,Pasta Carbonara,2023-10-12,17:35:20,completed,4.32
8998,402,2,Salmon nigiri,2021-09-09,09:01:29,completed,7.93
8999,972,24,Fish and chips,2021-04-22,17:14:11,completed,5.94
9000,2502,11,"Cheeseburger,Meatballs with sauce,Califlower penne",2022-03-15,07:22:49,completed,18.01
